Nama Artis,Tajuk Album,Tajuk Lagu,Tahun Terbitan,Genre,Pautan
Raihan,Koleksi Nasyid Terbaik,Iman Mutiara,1997,Worldwide,https://music.apple.com/my/album/iman-mutiara/212035148?i=212035275&uo=4
Raihan,Brotherhood,25 Rasul,1997,Pop,https://music.apple.com/my/album/25-rasul/1081904262?i=1081904271&uo=4
Raihan,"The Best of Islamic Music, Vol. 1",Solatuwasalam,1997,Worldwide,https://music.apple.com/my/album/solatuwasalam/597547117?i=597547124&uo=4
Raihan,Lagenda Hit,I'tiraf,2000,Pop,https://music.apple.com/my/album/itiraf/1082511446?i=1082511630&uo=4
Alif Satar & Raihan,Sesungguhnya2019 - Single,Sesungguhnya2019,2019,Malaysian Pop,https://music.apple.com/my/album/sesungguhnya2019/1462419384?i=1462420167&uo=4
Raihan,Brotherhood,Sifat 20,1997,Pop,https://music.apple.com/my/album/sifat-20/1081904262?i=1081904269&uo=4
Raihan,Demi Masa,Demi Masa,2001,Worldwide,https://music.apple.com/my/album/demi-masa/211948224?i=211948416&uo=4
Raihan,Koleksi Nasyid Terbaik,Ya Rasullallah,1999,Worldwide,https://music.apple.com/my/album/ya-rasullallah/212035148?i=212035304&uo=4
Raihan,Koleksi Nasyid Terbaik,Sesungguhnya,1997,Worldwide,https://music.apple.com/my/album/sesungguhnya/212035148?i=212035182&uo=4
Raihan,Koleksi Nasyid Terbaik,Senyum,1999,Worldwide,https://music.apple.com/my/album/senyum/212035148?i=212035156&uo=4
Raihan,Koleksi Nasyid Terbaik,Puji Pujian,2000,Worldwide,https://music.apple.com/my/album/puji-pujian/212035148?i=212035175&uo=4
Alif Satar & Raihan,Damba Cinta Mu - Single,Damba Cinta Mu,2020,Pop,https://music.apple.com/my/album/damba-cinta-mu/1508494064?i=1508494081&uo=4
Raihan,Koleksi Nasyid Terbaik,Peristiwa Subuh Hari,2000,Worldwide,https://music.apple.com/my/album/peristiwa-subuh-hari/212035148?i=212035289&uo=4
Raihan,Lagenda Hit,Balada Selawat,1997,Pop,https://music.apple.com/my/album/balada-selawat/1082511446?i=1082511570&uo=4
Raihan,Ameen,99 Names,2005,Pop,https://music.apple.com/my/album/99-names/121060542?i=121060313&uo=4
Alif Satar & The Locos & Raihan,The Sunnah The Better - EP,Puji Pujian x Syukur,2022,Pop,https://music.apple.com/my/album/puji-pujian-x-syukur/1616188542?i=1616188558&uo=4
Raihan,Lagenda Hit,Ya Nabi salamun Alaika (Rasul Junjungan),2000,Pop,https://music.apple.com/my/album/ya-nabi-salamun-alaika-rasul-junjungan/1082511446?i=1082511638&uo=4
Alif Satar & The Locos & Raihan,The Sunnah The Better - EP,Assolatuwassalam,2022,Pop,https://music.apple.com/my/album/assolatuwassalam/1616188542?i=1616188564&uo=4
Raihan,Lagenda Hit,Haji Menuju Allah,2000,Pop,https://music.apple.com/my/album/haji-menuju-allah/1082511446?i=1082511625&uo=4
"Raihan, Nowseeheart, REM & Ajai",Maafkan,Lebaran Ini,1999,Pop,https://music.apple.com/my/album/lebaran-ini/1081942565?i=1081944058&uo=4
Raihan,Tawakkal,Tholaal Badru,2006,Worldwide,https://music.apple.com/my/album/tholaal-badru/210349834?i=210350075&uo=4
Alif Satar & The Locos & Raihan,The Sunnah The Better - EP,Bismillah,2022,Pop,https://music.apple.com/my/album/bismillah/1616188542?i=1616188544&uo=4
Raihan,Ramadhan & Syawal,Harapan Ramadan (with Man Bai),1999,Pop,https://music.apple.com/my/album/harapan-ramadan-with-man-bai/1114819376?i=1114820272&uo=4
Raihan,Zikir Teraphy,Doa Taubat (Ilahi Lastu Lil Firdaus),2011,Worldwide,https://music.apple.com/my/album/doa-taubat-ilahi-lastu-lil-firdaus/1149272005?i=1149272230&uo=4
Raihan,Koleksi Nasyid Terbaik,Thank You Allah,1997,Worldwide,https://music.apple.com/my/album/thank-you-allah/212035148?i=212035282&uo=4
Raihan,Lagenda Hit,Syukur,1997,Pop,https://music.apple.com/my/album/syukur/1082511446?i=1082511562&uo=4
Alif Satar & The Locos & Raihan,The Sunnah The Better - EP,25 Rasul,2022,Pop,https://music.apple.com/my/album/25-rasul/1616188542?i=1616188557&uo=4
Alif Satar & The Locos & Raihan,The Sunnah The Better - EP,Rayuan Rindu,2022,Pop,https://music.apple.com/my/album/rayuan-rindu/1616188542?i=1616188626&uo=4
Raihan,Zikir Teraphy,Ya Dzal Jalali Wal Ikram,2011,Worldwide,https://music.apple.com/my/album/ya-dzal-jalali-wal-ikram/1149272005?i=1149272216&uo=4
Nowseeheart & Raihan,Maafkan,Satu Pagi Di Hari Raya,1999,Worldwide,https://music.apple.com/my/album/satu-pagi-di-hari-raya/214981008?i=214981317&uo=4
Raihan,Ameen,Puasa Dulu Baru Raya!,2005,Pop,https://music.apple.com/my/album/puasa-dulu-baru-raya/121060542?i=121060319&uo=4
Raihan,Zikir Teraphy,Syahadah,2011,Worldwide,https://music.apple.com/my/album/syahadah/1149272005?i=1149272222&uo=4
"Raihan, Rabbani & Hijjaz",16 Selawat Sepanjang Zaman,Burdah,2016,Worldwide,https://music.apple.com/my/album/burdah/1188547161?i=1188547483&uo=4
Raihan,Lagenda Hit,Rayuan Rindu,1997,Pop,https://music.apple.com/my/album/rayuan-rindu/1082511446?i=1082511559&uo=4
Raihan,Lagenda Hit,Bismillah,1999,Pop,https://music.apple.com/my/album/bismillah/1082511446?i=1082511618&uo=4
Raihan,Lagenda Hit,Assolatuwassalam,1997,Pop,https://music.apple.com/my/album/assolatuwassalam/1082511446?i=1082511561&uo=4
Raihan & Nowseeheart,Lagenda Hit,Nabi Anak Yatim,1999,Pop,https://music.apple.com/my/album/nabi-anak-yatim/1082511446?i=1082511616&uo=4
Raihan,Koleksi Lagu Lagu Terbaik,Syukur (feat. Yusuf Islam),1997,Pop,https://music.apple.com/my/album/syukur-feat-yusuf-islam/1018520377?i=1018520381&uo=4
Raihan,Salam Aidilfitri Ayahanda & Bonda (feat. Major 9 & The Prism) - Single,Salam Aidilfitri Ayahanda & Bonda (feat. Major 9 & The Prism),2018,Pop,https://music.apple.com/my/album/salam-aidilfitri-ayahanda-bonda-feat-major-9-the-prism/1400578723?i=1400578726&uo=4
Raihan,Zikir Teraphy,At Tasbih,2011,Worldwide,https://music.apple.com/my/album/at-tasbih/1149272005?i=1149272139&uo=4
Raihan,Senyum,10 Malaikat,1999,Worldwide,https://music.apple.com/my/album/10-malaikat/209260495?i=209260540&uo=4
Raihan,Zikir Teraphy,Allah Ya Allah,2011,Worldwide,https://music.apple.com/my/album/allah-ya-allah/1149272005?i=1149272214&uo=4
Raihan,Lagenda Hit,Damba Cintamu,1997,Pop,https://music.apple.com/my/album/damba-cintamu/1082511446?i=1082511573&uo=4
Raihan,Ameen,Dikir Raihan Zikir,2005,Pop,https://music.apple.com/my/album/dikir-raihan-zikir/121060542?i=121060342&uo=4
Raihan,Zikir Teraphy,Ya Latif,2011,Worldwide,https://music.apple.com/my/album/ya-latif/1149272005?i=1149272482&uo=4
Raihan,Lagenda Hit,Ababil,2004,Pop,https://music.apple.com/my/album/ababil/1082511446?i=1082511627&uo=4
Raihan,Lagu-Lagu Hafalan,5 Rukun Islam,2011,Worldwide,https://music.apple.com/my/album/5-rukun-islam/1156347456?i=1156347920&uo=4
Raihan,Zikir Teraphy,At Tahmid & Istighfar,2011,Worldwide,https://music.apple.com/my/album/at-tahmid-istighfar/1149272005?i=1149272732&uo=4
Raihan,Lagenda Hit,Kita Hamba,1997,Pop,https://music.apple.com/my/album/kita-hamba/1082511446?i=1082511575&uo=4
Raihan,Zikir Teraphy,Ya Allah,2011,Worldwide,https://music.apple.com/my/album/ya-allah/1149272005?i=1149272223&uo=4
Raihan,Lagenda Hit,Allahu,2004,Pop,https://music.apple.com/my/album/allahu/1082511446?i=1082511566&uo=4
Raihan,Lagenda Hit,Ashabul Khafi,2001,Pop,https://music.apple.com/my/album/ashabul-khafi/1082511446?i=1082511628&uo=4
Raihan,Lagenda Hit,Odei Anak,1997,Pop,https://music.apple.com/my/album/odei-anak/1082511446?i=1082511577&uo=4
Raihan,Maafkan,Harapan Ramadan (Bersama Man Bai),1999,Pop,https://music.apple.com/my/album/harapan-ramadan-bersama-man-bai/1081942565?i=1081944062&uo=4
Raihan,Zikir Teraphy,Solawatul Karim,2011,Worldwide,https://music.apple.com/my/album/solawatul-karim/1149272005?i=1149272220&uo=4
Raihan,Brotherhood,Rakan Selawat (Maulid),1997,Pop,https://music.apple.com/my/album/rakan-selawat-maulid/1081904262?i=1081904274&uo=4
Raihan,Lagu-Lagu Hafalan,99 Asma Ul Husna,2011,Worldwide,https://music.apple.com/my/album/99-asma-ul-husna/1156347456?i=1156347725&uo=4
Raihan,Demi Masa,Tihamah,2001,Worldwide,https://music.apple.com/my/album/tihamah/211948224?i=211948264&uo=4
Raihan,Zikir Teraphy,Subhanallah,2011,Worldwide,https://music.apple.com/my/album/subhanallah/1149272005?i=1149272720&uo=4
Raihan & Various Artists,Koleksi Lagu Lagu Terbaik,Ya Nabi Salamun Alaik (Rasul Junjungan),2000,Pop,https://music.apple.com/my/album/ya-nabi-salamun-alaik-rasul-junjungan/1018520377?i=1018520403&uo=4
Raihan & Yusuf Islam,Lagenda Hit,God Is the Light,1997,Pop,https://music.apple.com/my/album/god-is-the-light/1082511446?i=1082511614&uo=4
Raihan,Lagenda Hit,Bersatu,1999,Pop,https://music.apple.com/my/album/bersatu/1082511446?i=1082511612&uo=4
Raihan,Lagenda Hit,Rakan Selawat (Seal of the Prophet feat. Yusuf Islam),1997,Pop,https://music.apple.com/my/album/rakan-selawat-seal-of-the-prophet-feat-yusuf-islam/1082511446?i=1082511642&uo=4
Raihan,Allahu,Doa Tilawah,2004,Worldwide,https://music.apple.com/my/album/doa-tilawah/210326882?i=210327025&uo=4
Raihan,Demi Masa,Kasih Sayang,2001,Worldwide,https://music.apple.com/my/album/kasih-sayang/211948224?i=211948581&uo=4
Naim Daniel & Raihan,Ya Rasulullah 1443 - Single,Ya Rasulullah 1443,2022,Gospel,https://music.apple.com/my/album/ya-rasulullah-1443/1639300282?i=1639300296&uo=4
Raihan,Lagenda Hit,Cinta Hakiki,1999,Pop,https://music.apple.com/my/album/cinta-hakiki/1082511446?i=1082511617&uo=4
Raihan,Koleksi Lagu Lagu Terbaik,Ya Rasulullah,1999,Pop,https://music.apple.com/my/album/ya-rasulullah/1018520377?i=1018520401&uo=4
Raihan,Lagenda Hit,Bacalah,2011,Worldwide,https://music.apple.com/my/album/bacalah/1082511446?i=1082511637&uo=4
Nowseeheart & Raihan,Maafkan,Gema Takbir,1999,Worldwide,https://music.apple.com/my/album/gema-takbir/214981008?i=214981136&uo=4
Raihan,Lagenda Hit,Untukmu Palestin,2002,Pop,https://music.apple.com/my/album/untukmu-palestin/1082511446?i=1082511632&uo=4
Bersama S.Jibeng & Raihan,Allahu,Taqwa & Iman,2004,Worldwide,https://music.apple.com/my/album/taqwa-iman/210326882?i=210326936&uo=4
"Raihan, Jauhari, Nowseeheart, Rabbani, Saujana, Hijjaz, Mustika, Ustaz Amal & Brothers",Keamanan - Single,Keamanan,1999,Religious,https://music.apple.com/my/album/keamanan/6771050475?i=6771050477&uo=4
Raihan,Lagu-Lagu Hafalan,20 Sifatallah,2011,Worldwide,https://music.apple.com/my/album/20-sifatallah/1156347456?i=1156347723&uo=4
Raihan,Lagu-Lagu Hafalan,12 Bulan-Bulan Islam,2011,Worldwide,https://music.apple.com/my/album/12-bulan-bulan-islam/1156347456?i=1156347715&uo=4
Raihan,Lagu-Lagu Hafalan,6 Rukun Iman,2011,Worldwide,https://music.apple.com/my/album/6-rukun-iman/1156347456?i=1156347719&uo=4
Raihan,Lagenda Hit,Tawakkal,2006,Pop,https://music.apple.com/my/album/tawakkal/1082511446?i=1082511633&uo=4
Bersama Awie & Raihan,Allahu,Dari Tuhan,2004,Worldwide,https://music.apple.com/my/album/dari-tuhan/210326882?i=210327093&uo=4
Raihan,Lagenda Hit,Doa Makan,2006,Pop,https://music.apple.com/my/album/doa-makan/1082511446?i=1082511640&uo=4
Raihan & Nowseeheart,Fahamilah Hati Kekasih Di Hari Raya,Hari Raya Untuk Semua,1999,Pop,https://music.apple.com/my/album/hari-raya-untuk-semua/1114595415?i=1114595705&uo=4
Raihan,Gema Alam,Cing Ai Ching Ai,2002,Worldwide,https://music.apple.com/my/album/cing-ai-ching-ai/211970693?i=211971304&uo=4
Raihan,Syukur,Rakan Selawat (Seal of the Prophet),1997,Pop,https://music.apple.com/my/album/rakan-selawat-seal-of-the-prophet/168764703?i=168765338&uo=4
Raihan,Gema Alam,Mengemis Kasih,2002,Worldwide,https://music.apple.com/my/album/mengemis-kasih/211970693?i=211972146&uo=4
Raihan,Gema Alam,Assubhubada',2002,Worldwide,https://music.apple.com/my/album/assubhubada/211970693?i=211971552&uo=4
Raihan,Lagu-Lagu Hafalan,5 Waktu Solat,2011,Worldwide,https://music.apple.com/my/album/5-waktu-solat/1156347456?i=1156347710&uo=4
Bersama Mohamed Al- Husayan & Raihan,Allahu,Araftu Ka,2004,Worldwide,https://music.apple.com/my/album/araftu-ka/210326882?i=210327006&uo=4
Raihan,Gema Alam,Gema Alam,2002,Worldwide,https://music.apple.com/my/album/gema-alam/211970693?i=211971057&uo=4
Nowseeheart & Raihan,Maafkan,Hari Raya Untuk Semua,1999,Worldwide,https://music.apple.com/my/album/hari-raya-untuk-semua/214981008?i=214981288&uo=4
Raihan,Allahu,Antara 2 Cinta,2004,Worldwide,https://music.apple.com/my/album/antara-2-cinta/210326882?i=210326946&uo=4
Raihan,Demi Masa,Puji-pujian II,2001,Worldwide,https://music.apple.com/my/album/puji-pujian-ii/211948224?i=211948868&uo=4
Raihan,Fahamilah Hati Kekasih Di Hari Raya,Lailatul Qadar,1999,Pop,https://music.apple.com/my/album/lailatul-qadar/1114595415?i=1114595702&uo=4
Raihan & Nowseeheart,Maafkan,Satu Pagi Di Hari Raya,1999,Pop,https://music.apple.com/my/album/satu-pagi-di-hari-raya/1081942565?i=1081944177&uo=4
Raihan,Allahu,Sifat -Sifat Nabi,2004,Worldwide,https://music.apple.com/my/album/sifat-sifat-nabi/210326882?i=210327084&uo=4
Raihan,Senyum,Tak Selamanya,1999,Worldwide,https://music.apple.com/my/album/tak-selamanya/209260495?i=209260508&uo=4
Raihan,Demi Masa,Carilah Cinta,2001,Worldwide,https://music.apple.com/my/album/carilah-cinta/211948224?i=211949137&uo=4
Raihan,"Religi Syukuri Berkah Illahi, Vol. 2",Solawat Burdah,2008,Indonesian Religious,https://music.apple.com/my/album/solawat-burdah/870345016?i=870345035&uo=4
Raihan,Demi Masa,Mari Berhibur,2001,Worldwide,https://music.apple.com/my/album/mari-berhibur/211948224?i=211948682&uo=4
Raihan,Gema Alam,Mari Bersolat,2002,Worldwide,https://music.apple.com/my/album/mari-bersolat/211970693?i=211970704&uo=4
Raihan,Senyum,Anak Permata,1999,Worldwide,https://music.apple.com/my/album/anak-permata/209260495?i=209260528&uo=4
Raihan,Demi Masa,Yang Disembah,2001,Worldwide,https://music.apple.com/my/album/yang-disembah/211948224?i=211949300&uo=4
Raihan,Allahu,Your Face Is Bright,2003,Worldwide,https://music.apple.com/my/album/your-face-is-bright/210326882?i=210327091&uo=4
Raihan & Nowseeheart,Maafkan,Gema Takbir,1999,Pop,https://music.apple.com/my/album/gema-takbir/1081942565?i=1081944069&uo=4
Raihan,Ameen,Wahai Kawan,2005,Pop,https://music.apple.com/my/album/wahai-kawan/121060542?i=121060397&uo=4
Raihan,Demi Masa,Kita Sama,2001,Worldwide,https://music.apple.com/my/album/kita-sama/211948224?i=211949326&uo=4
S.M. Salim & Raihan,Memori Hit,Assalamulaikum,2003,Pop,https://music.apple.com/my/album/assalamulaikum/1214973154?i=1214973411&uo=4
Raihan,Demi Masa,Bonds of Love,2001,Worldwide,https://music.apple.com/my/album/bonds-of-love/211948224?i=211948704&uo=4
Raihan,Gema Alam,Perjalanan,2002,Worldwide,https://music.apple.com/my/album/perjalanan/211970693?i=211971621&uo=4
Raihan,Allahu,Pesanan Buat Kita,2004,Worldwide,https://music.apple.com/my/album/pesanan-buat-kita/210326882?i=210327089&uo=4
Raihan,Gema Alam,Tanya Ibu Dan Ayah,2002,Worldwide,https://music.apple.com/my/album/tanya-ibu-dan-ayah/211970693?i=211971918&uo=4
Raihan,Gema Alam,Dunia,2002,Worldwide,https://music.apple.com/my/album/dunia/211970693?i=211971749&uo=4
Raihan,Ameen,Do You Know Him-feat Mecca2Medina,2005,Pop,https://music.apple.com/my/album/do-you-know-him-feat-mecca2medina/121060542?i=121060366&uo=4
Raihan,Ameen,Berilah Harapan,2005,Pop,https://music.apple.com/my/album/berilah-harapan/121060542?i=121060328&uo=4
Raihan,Ameen,Adik Remaja Ku,2005,Pop,https://music.apple.com/my/album/adik-remaja-ku/121060542?i=121060416&uo=4
"Hijjaz, Saujana, Saff One & Raihan",Koleksi Istimewa Telaga Biru - EP,Di Mana Kan Ku Cari Ganti (Rasulullah),2001,Islamic,https://music.apple.com/my/album/di-mana-kan-ku-cari-ganti-rasulullah/1594607987?i=1594607995&uo=4
Raihan,Brotherhood,The Right Path,2002,Pop,https://music.apple.com/my/album/the-right-path/1081904262?i=1081904267&uo=4
Rabbani,Intifada,Intifada,2000,Worldwide,https://music.apple.com/my/album/intifada/1590583570?i=1590583586&uo=4
Rabbani,Pergi Tak Kembali,Pergi Tak Kembali,1999,Worldwide,https://music.apple.com/my/album/pergi-tak-kembali/1590579476?i=1590579479&uo=4
Rabbani,Iqrar 1421,Solla' Alaikallah,2000,Worldwide,https://music.apple.com/my/album/solla-alaikallah/1590685533?i=1590686494&uo=4
Rabbani,Aman,Apa Yang Kau Tahu,2000,Worldwide,https://music.apple.com/my/album/apa-yang-kau-tahu/1590688955?i=1590689115&uo=4
Rabbani,Qiblat,Satu Qiblat Yang Sama,2002,Malaysian Pop,https://music.apple.com/my/album/satu-qiblat-yang-sama/1842083352?i=1842083354&uo=4
Rabbani,Intifada,Cari Pasangan,2000,Worldwide,https://music.apple.com/my/album/cari-pasangan/1590583570?i=1590583949&uo=4
Rabbani,Arah,Anak Soleh,1998,Worldwide,https://music.apple.com/my/album/anak-soleh/1590578988?i=1590578996&uo=4
Rabbani,"The Best of Islamic Music, Vol. 1",Ahmad Ya Habibi,1998,Worldwide,https://music.apple.com/my/album/ahmad-ya-habibi/597547117?i=597547562&uo=4
Rabbani,Aman,Kerlipan Cinta,2000,Worldwide,https://music.apple.com/my/album/kerlipan-cinta/1590688955?i=1590689127&uo=4
Rabbani,Nostalgia Nadamurni,Mana Milik Kita,2008,Worldwide,https://music.apple.com/my/album/mana-milik-kita/1149273753?i=1149274989&uo=4
Rabbani,Intifada,Insaf,2000,Worldwide,https://music.apple.com/my/album/insaf/1590583570?i=1590583595&uo=4
Rabbani,Nostalgia Nadamurni,Sunnah Berjuang,2008,Worldwide,https://music.apple.com/my/album/sunnah-berjuang/1149273753?i=1149274555&uo=4
Rabbani,Arah,Selawat Nabi,1998,Worldwide,https://music.apple.com/my/album/selawat-nabi/1590578988?i=1590579276&uo=4
Rabbani,Zikir Penambat Rindu,Ayat Kursi,2011,Worldwide,https://music.apple.com/my/album/ayat-kursi/1590127032?i=1590127481&uo=4
Rabbani,16 Lagu-Lagu Hari Raya Aidilfitri,Takbir Raya,2014,Pop,https://music.apple.com/my/album/takbir-raya/1442534557?i=1442535104&uo=4
Khalifah & Rabbani,Pejalan Malam - Single,Pejalan Malam,2024,Malaysian Pop,https://music.apple.com/my/album/pejalan-malam/1759974752?i=1759974757&uo=4
Rabbani,Nostalgia Nadamurni,Sifat 20,2008,Worldwide,https://music.apple.com/my/album/sifat-20/1149273753?i=1149274689&uo=4
"Rabbani, In Team & Saujana",Gema Palestin - EP,Bebas Palestin,2010,Worldwide,https://music.apple.com/my/album/bebas-palestin/1249258308?i=1249258313&uo=4
Rabbani,Aman,Surah At Taubah Ayat 128-129,2000,Worldwide,https://music.apple.com/my/album/surah-at-taubah-ayat-128-129/1590688955?i=1590689391&uo=4
Rabbani,"The Best of Islamic Music, Vol. 2",Solla Allah 'Ala Yassin,2013,Worldwide,https://music.apple.com/my/album/solla-allah-ala-yassin/700643095?i=700643207&uo=4
Rabbani,Qiblat,Handzalah,2002,Malaysian Pop,https://music.apple.com/my/album/handzalah/1842083352?i=1842083357&uo=4
Asri Rabbani,"Nur Zikrullah, Vol. 10: Zikir-Zikir Lazim",Hasbunallah Wa Ni'Malwakil,2015,Worldwide,https://music.apple.com/my/album/hasbunallah-wa-nimalwakil/994414327?i=994414380&uo=4
Rabbani,Intifada,Nawaitu,2000,Worldwide,https://music.apple.com/my/album/nawaitu/1590583570?i=1590584202&uo=4
Rabbani,Epik,Intifada 1424,2003,Malaysian Pop,https://music.apple.com/my/album/intifada-1424/1844310360?i=1844310373&uo=4
Rabbani,Nostalgia Nadamurni,Bila Nur Melimpah Di Hati,2008,Worldwide,https://music.apple.com/my/album/bila-nur-melimpah-di-hati/1149273753?i=1149273922&uo=4
Asri Rabbani,"Nur Zikrullah, Vol. 10: Zikir-Zikir Lazim",Subhanallah Walhamdulillah Walailahaillallah Waallahuakbar,2015,Worldwide,https://music.apple.com/my/album/subhanallah-walhamdulillah-walailahaillallah-waallahuakbar/994414327?i=994414376&uo=4
Rabbani,"Nasyid Hits, Koleksi 15 Lagu Nasyid Hits",Berita Gembira,2010,Worldwide,https://music.apple.com/my/album/berita-gembira/1249259098?i=1249259110&uo=4
Rabbani,Suara Takbir,Ahlan Wasahlan Ya Ramadhan,2005,Malaysian Pop,https://music.apple.com/my/album/ahlan-wasahlan-ya-ramadhan/1836450796?i=1836451150&uo=4
Rabbani,"Zikir Penambat Rindu, Pt. 2",Al-Malikul Haqqul Mubin,2014,Worldwide,https://music.apple.com/my/album/al-malikul-haqqul-mubin/1167422840?i=1167423334&uo=4
Rabbani,Zikir Penambat Rindu,Taubat Nasuha,2011,Worldwide,https://music.apple.com/my/album/taubat-nasuha/1590127032?i=1590128547&uo=4
Rabbani,Nostalgia Nadamurni,Ibu Mithali,2008,Worldwide,https://music.apple.com/my/album/ibu-mithali/1149273753?i=1149273929&uo=4
Rabbani,Epik,Subuh Yang Terakhir,2003,Malaysian Pop,https://music.apple.com/my/album/subuh-yang-terakhir/1844310360?i=1844310361&uo=4
Rabbani,Rabbani,Munajat,1997,Worldwide,https://music.apple.com/my/album/munajat/1590579253?i=1590579515&uo=4
Rabbani,"Zikir Penambat Rindu, Pt. 2",Hasbi Rabbi,2014,Worldwide,https://music.apple.com/my/album/hasbi-rabbi/1167422840?i=1167423401&uo=4
Rabbani,"Zikir Penambat Rindu, Pt. 2",Astaghfirullah,2014,Worldwide,https://music.apple.com/my/album/astaghfirullah/1167422840?i=1167423229&uo=4
Rabbani,Nostalgia Nadamurni,Indahnya Hidup Bersama Ilahi,2008,Worldwide,https://music.apple.com/my/album/indahnya-hidup-bersama-ilahi/1149273753?i=1149274903&uo=4
Rabbani,Nostalgia Nadamurni,Nun Di Sana,2008,Worldwide,https://music.apple.com/my/album/nun-di-sana/1149273753?i=1149274769&uo=4
Rabbani,Intifada,Cahaya,2000,Worldwide,https://music.apple.com/my/album/cahaya/1590583570?i=1590583732&uo=4
Rabbani,Ittihad - Single,Ittihad,2018,Malaysian Pop,https://music.apple.com/my/album/ittihad/1441291292?i=1441291293&uo=4
Rabbani,Iqrar 1421,Assalamualaikum,2000,Worldwide,https://music.apple.com/my/album/assalamualaikum/1590685533?i=1590686471&uo=4
Rabbani,Qiblat,Setanggi Kasih,2002,Malaysian Pop,https://music.apple.com/my/album/setanggi-kasih/1842083352?i=1842083360&uo=4
Rabbani,Nostalgia Nadamurni,Al-Hijrah (feat. Ustaz Amal),2008,Worldwide,https://music.apple.com/my/album/al-hijrah-feat-ustaz-amal/1149273753?i=1149274358&uo=4
Rabbani & Amy Search,1418-1428H - Single,Mentari Merah Di Ufuk Timur,2000,Pop,https://music.apple.com/my/album/mentari-merah-di-ufuk-timur/1482896417?i=1482896421&uo=4
Rabbani & Mawi,1418-1428H - Single,Saksi,2000,Pop,https://music.apple.com/my/album/saksi/1482896417?i=1482896422&uo=4
Asri Rabbani,"Nur Zikrullah, Vol. 10: Zikir-Zikir Lazim",Lailahaillallah Almalik Alhaq Almubin,2015,Worldwide,https://music.apple.com/my/album/lailahaillallah-almalik-alhaq-almubin/994414327?i=994414373&uo=4
Rabbani,Epik,Iltizam,2003,Malaysian Pop,https://music.apple.com/my/album/iltizam/1844310360?i=1844310372&uo=4
Rabbani,Intifada,Ayah Ibu,2000,Worldwide,https://music.apple.com/my/album/ayah-ibu/1590583570?i=1590583954&uo=4
Rabbani,Iqrar 1421,Muhammad Ya Habibi,1998,Worldwide,https://music.apple.com/my/album/muhammad-ya-habibi/1590685533?i=1590686485&uo=4
Rabbani,Pergi Tak Kembali,Insan,1999,Worldwide,https://music.apple.com/my/album/insan/1590579476?i=1590579485&uo=4
Asri Rabbani,"Nur Zikrullah, Vol. 10: Zikir-Zikir Lazim",Lailahaillallah Wahdahu La Syarikalah,2015,Worldwide,https://music.apple.com/my/album/lailahaillallah-wahdahu-la-syarikalah/994414327?i=994414361&uo=4
"Ifa Raziah, Dato Seri Vida, Cik B & Rabbani",Mega Raya - Single,Mega Raya,2022,Malaysian Pop,https://music.apple.com/my/album/mega-raya/1618577762?i=1618578011&uo=4
Rabbani,Husnul Khatimah - Single,Husnul Khatimah,2022,Worldwide,https://music.apple.com/my/album/husnul-khatimah/1614401402?i=1614401566&uo=4
Rabbani,Zikir Penambat Rindu,Kalimah Tauhid,2011,Worldwide,https://music.apple.com/my/album/kalimah-tauhid/1590127032?i=1590128974&uo=4
Rabbani,Arah,Solla 'ala Yassin,1998,Worldwide,https://music.apple.com/my/album/solla-ala-yassin/1590578988?i=1590579602&uo=4
Rabbani,Qiblat,Pahlawan Agama,2002,Malaysian Pop,https://music.apple.com/my/album/pahlawan-agama/1842083352?i=1842083355&uo=4
Asri Rabbani,"Nur Zikrullah, Vol. 10: Zikir-Zikir Lazim",Allahu Allah Lailahaillah,2015,Worldwide,https://music.apple.com/my/album/allahu-allah-lailahaillah/994414327?i=994414344&uo=4
Rabbani,"Zikir Penambat Rindu, Pt. 2",Ya Latif,2014,Worldwide,https://music.apple.com/my/album/ya-latif/1167422840?i=1167423234&uo=4
Rabbani,Intifada,7 Hari,2000,Worldwide,https://music.apple.com/my/album/7-hari/1590583570?i=1590583729&uo=4
Rabbani,Arah,Adab Dan Sopan,1998,Worldwide,https://music.apple.com/my/album/adab-dan-sopan/1590578988?i=1590579581&uo=4
Rabbani,Arah,Kebesaran Allah,1998,Worldwide,https://music.apple.com/my/album/kebesaran-allah/1590578988?i=1590579300&uo=4
Rabbani,Pergi Tak Kembali,Ingat 5 Sebelum 5,1999,Worldwide,https://music.apple.com/my/album/ingat-5-sebelum-5/1590579476?i=1590579890&uo=4
Rabbani,Selamat Hari Raya Aidilfitri,Di Ambang Syawal,2005,Pop,https://music.apple.com/my/album/di-ambang-syawal/1442799155?i=1442799744&uo=4
Rabbani,Intifada,Doa Dan Pujian,2000,Worldwide,https://music.apple.com/my/album/doa-dan-pujian/1590583570?i=1590583931&uo=4
Black & Rabbani,Dalam Aku - Single,Dalam Aku,2016,Pop,https://music.apple.com/my/album/dalam-aku/1118492905?i=1118493152&uo=4
Rabbani,Zikir Penambat Rindu,Selawat,2011,Worldwide,https://music.apple.com/my/album/selawat/1590127032?i=1590128117&uo=4
Rabbani,Qiblat,Pengantin Baru,2002,Malaysian Pop,https://music.apple.com/my/album/pengantin-baru/1842083352?i=1842083356&uo=4
Rabbani,Nostalgia Nadamurni,Jasa Petani,2008,Worldwide,https://music.apple.com/my/album/jasa-petani/1149273753?i=1149275107&uo=4
Rabbani,Epik,Epik,2003,Malaysian Pop,https://music.apple.com/my/album/epik/1844310360?i=1844310363&uo=4
Rabbani,Tercipta Bersama - Single,Tercipta Bersama,2026,Indonesian Religious,https://music.apple.com/my/album/tercipta-bersama/1868687187?i=1868687191&uo=4
"Daqmie, Rabbani, Hijjaz, In Team & Mestica",Sahabat Selamanya - Single,Sahabat Selamanya,2022,Worldwide,https://music.apple.com/my/album/sahabat-selamanya/1656561377?i=1656561378&uo=4
Rabbani,Arah,Bidadari,1998,Worldwide,https://music.apple.com/my/album/bidadari/1590578988?i=1590579281&uo=4
Rabbani,Zikir Penambat Rindu,Surah Al Ikhlas,2011,Worldwide,https://music.apple.com/my/album/surah-al-ikhlas/1590127032?i=1590127051&uo=4
Rabbani,Nostalgia Nadamurni,Ayyu Zikraa (feat. Ustaz Amal),2008,Worldwide,https://music.apple.com/my/album/ayyu-zikraa-feat-ustaz-amal/1149273753?i=1149275202&uo=4
Rabbani,"Zikir Penambat Rindu, Pt. 2",Allahu Akbar,2014,Worldwide,https://music.apple.com/my/album/allahu-akbar/1167422840?i=1167423331&uo=4
Rabbani,Qiblat,Musafir Kelana,2002,Malaysian Pop,https://music.apple.com/my/album/musafir-kelana/1842083352?i=1842083454&uo=4
Rabbani,"Zikir Penambat Rindu, Pt. 2",Ya Zaljalali Wal Ikram,2014,Worldwide,https://music.apple.com/my/album/ya-zaljalali-wal-ikram/1167422840?i=1167423402&uo=4
Rabbani,Intifada,Lailatul Qadar,2000,Worldwide,https://music.apple.com/my/album/lailatul-qadar/1590583570?i=1590583744&uo=4
Rabbani,Zikir Penambat Rindu,Surah Al Fatihah,2011,Worldwide,https://music.apple.com/my/album/surah-al-fatihah/1590127032?i=1590127043&uo=4
Rabbani,"Zikir Penambat Rindu, Pt. 2",Subhanallah,2014,Worldwide,https://music.apple.com/my/album/subhanallah/1167422840?i=1167423237&uo=4
Rabbani,Epik,Maafkanlah,2003,Malaysian Pop,https://music.apple.com/my/album/maafkanlah/1844310360?i=1844310369&uo=4
Rabbani,"Zikir Penambat Rindu, Pt. 2",Alhamdulillah,2014,Worldwide,https://music.apple.com/my/album/alhamdulillah/1167422840?i=1167423242&uo=4
Rabbani,Qiblat,Anugerah,2002,Malaysian Pop,https://music.apple.com/my/album/anugerah/1842083352?i=1842083359&uo=4
Rabbani,Aman,Irtihal,2000,Worldwide,https://music.apple.com/my/album/irtihal/1590688955?i=1590689918&uo=4
Rabbani,Intifada,Kawan,2000,Worldwide,https://music.apple.com/my/album/kawan/1590583570?i=1590583937&uo=4
Rabbani,Pergi Tak Kembali,Hidayah,1999,Worldwide,https://music.apple.com/my/album/hidayah/1590579476?i=1590579877&uo=4
Rabbani,Rindu Baitullah - Single,Rindu Baitullah,2020,Pop,https://music.apple.com/my/album/rindu-baitullah/1507170558?i=1507170560&uo=4
Rabbani,Zikir Penambat Rindu,Hindari Sakit,2011,Worldwide,https://music.apple.com/my/album/hindari-sakit/1590127032?i=1590128353&uo=4
Asri Rabbani,"Nur Zikrullah, Vol. 10: Zikir-Zikir Lazim",Robbi Aj'Alni,2015,Worldwide,https://music.apple.com/my/album/robbi-ajalni/994414327?i=994414368&uo=4
Rabbani,Pergi Tak Kembali,Masa,1999,Worldwide,https://music.apple.com/my/album/masa/1590579476?i=1590579640&uo=4
Rabbani,"Zikir Penambat Rindu, Pt. 2",Ya Allah,2014,Worldwide,https://music.apple.com/my/album/ya-allah/1167422840?i=1167423412&uo=4
Rabbani,Yang Benar - Single,Yang Benar,2016,Worldwide,https://music.apple.com/my/album/yang-benar/1118844845?i=1118844976&uo=4
Rabbani,Pergi Tak Kembali,Zikir Kifarah,1999,Worldwide,https://music.apple.com/my/album/zikir-kifarah/1590579476?i=1590579880&uo=4
Rabbani,Qiblat,Impian Hamba,2002,Malaysian Pop,https://music.apple.com/my/album/impian-hamba/1842083352?i=1842083453&uo=4
Rabbani,Arah,Doa Pujian,1998,Worldwide,https://music.apple.com/my/album/doa-pujian/1590578988?i=1590578991&uo=4
Rabbani,Zikir Penambat Rindu,Surah Al Falaq,2011,Worldwide,https://music.apple.com/my/album/surah-al-falaq/1590127032?i=1590127314&uo=4
Rabbani,Qiblat,Cita-Cita Dan Cinta,2002,Malaysian Pop,https://music.apple.com/my/album/cita-cita-dan-cinta/1842083352?i=1842083361&uo=4
Rabbani,Zikir Penambat Rindu,Hindari Gangguan Syaitan,2011,Worldwide,https://music.apple.com/my/album/hindari-gangguan-syaitan/1590127032?i=1590127807&uo=4
Rabbani,Zikir Penambat Rindu,Pelindung Diri,2011,Worldwide,https://music.apple.com/my/album/pelindung-diri/1590127032?i=1590127487&uo=4
Rabbani,mencintaiMu(Rasulullah Saw) - Single [feat. ustaz ridhwan] - Single,mencintaiMu(Rasulullah Saw) [feat. ustaz ridhwan],2021,Vocal,https://music.apple.com/my/album/mencintaimu-rasulullah-saw-feat-ustaz-ridhwan/1566105353?i=1566105357&uo=4
Rabbani,Zikir Penambat Rindu,Surah An Nas,2011,Worldwide,https://music.apple.com/my/album/surah-an-nas/1590127032?i=1590127476&uo=4
Rabbani,"Zikir Penambat Rindu, Pt. 2",Robbana Ya Robbana,2014,Worldwide,https://music.apple.com/my/album/robbana-ya-robbana/1167422840?i=1167423421&uo=4
Rabbani,Zikir Penambat Rindu,Menghampiri Allah,2011,Worldwide,https://music.apple.com/my/album/menghampiri-allah/1590127032?i=1590127817&uo=4
Rabbani,Rabbani,Berkorban Apa Saja,1997,Worldwide,https://music.apple.com/my/album/berkorban-apa-saja/1590579253?i=1590579489&uo=4
Rabbani,Iqrar 1421,Iqrar 1421H,2000,Worldwide,https://music.apple.com/my/album/iqrar-1421h/1590685533?i=1590686466&uo=4
Rabbani,Aman,Khairul Bariyyah,2000,Worldwide,https://music.apple.com/my/album/khairul-bariyyah/1590688955?i=1590689381&uo=4
Rabbani,Qiblat,Kalimah,2002,Malaysian Pop,https://music.apple.com/my/album/kalimah/1842083352?i=1842083452&uo=4
Rabbani,"Zikir Penambat Rindu, Pt. 2",Keluhan Insan,2014,Worldwide,https://music.apple.com/my/album/keluhan-insan/1167422840?i=1167423423&uo=4
Rabbani,Zikir Penambat Rindu,Untuk Mendapat Manfaat,2011,Worldwide,https://music.apple.com/my/album/untuk-mendapat-manfaat/1590127032?i=1590127496&uo=4
Rabbani,Santun - Single,Santun,2021,Worldwide,https://music.apple.com/my/album/santun/1566599360?i=1566599591&uo=4
Rabbani,Pergi Tak Kembali,Solat Kita,1999,Worldwide,https://music.apple.com/my/album/solat-kita/1590579476?i=1590579717&uo=4
Rabbani,Zikir Penambat Rindu,Menjauhi Malapetaka,2011,Worldwide,https://music.apple.com/my/album/menjauhi-malapetaka/1590127032?i=1590128129&uo=4
Rabbani,Zikir Penambat Rindu,Kesukaan Allah,2011,Worldwide,https://music.apple.com/my/album/kesukaan-allah/1590127032?i=1590127824&uo=4
Rabbani,Epik,Bencilah Benci,2003,Malaysian Pop,https://music.apple.com/my/album/bencilah-benci/1844310360?i=1844310362&uo=4
Rabbani,Rabbani,Sifatullah,1997,Worldwide,https://music.apple.com/my/album/sifatullah/1590579253?i=1590579831&uo=4
Rabbani,Zikir Penambat Rindu,Memohon Keampunan Dan Kesihatan,2011,Worldwide,https://music.apple.com/my/album/memohon-keampunan-dan-kesihatan/1590127032?i=1590128767&uo=4
Rabbani,Aman,Maulana,2000,Worldwide,https://music.apple.com/my/album/maulana/1590688955?i=1590689672&uo=4
Rabbani,Rabbani,Thola'Al Badru,1997,Worldwide,https://music.apple.com/my/album/tholaal-badru/1590579253?i=1590579499&uo=4
Rabbani,Zikir Penambat Rindu,Mati Dalam Islam,2011,Worldwide,https://music.apple.com/my/album/mati-dalam-islam/1590127032?i=1590128772&uo=4
Rabbani,Zikir Penambat Rindu,Meminta Ampun Kepada Allah,2011,Worldwide,https://music.apple.com/my/album/meminta-ampun-kepada-allah/1590127032?i=1590128111&uo=4
Rabbani,Zikir Penambat Rindu,Jaminan Syurga,2011,Worldwide,https://music.apple.com/my/album/jaminan-syurga/1590127032?i=1590128371&uo=4
Rabbani,Rabbani,Bada'Na,1997,Worldwide,https://music.apple.com/my/album/badana/1590579253?i=1590579818&uo=4
Rabbani,Zikir Penambat Rindu,Hidayah Musafir Dagang,2011,Worldwide,https://music.apple.com/my/album/hidayah-musafir-dagang/1590127032?i=1590128539&uo=4
Rabbani,Pergi Tak Kembali,Surah Al-Ankabut Ayat 45,1999,Worldwide,https://music.apple.com/my/album/surah-al-ankabut-ayat-45/1590579476?i=1590579662&uo=4
Rabbani,Pergi Tak Kembali,Hadis Qudsi,1999,Worldwide,https://music.apple.com/my/album/hadis-qudsi/1590579476?i=1590579722&uo=4
Rabbani,Zikir Penambat Rindu,Hindari Kejahatan Manusia,2011,Worldwide,https://music.apple.com/my/album/hindari-kejahatan-manusia/1590127032?i=1590128952&uo=4
Rabbani,Inikah Petanda (feat. Mawi) - Single,Inikah Petanda (feat. Mawi),2006,Malaysian Pop,https://music.apple.com/my/album/inikah-petanda-feat-mawi/1846567862?i=1846567863&uo=4
Rabbani,Pergi Tak Kembali,Riwayat Al-Hakim,1999,Worldwide,https://music.apple.com/my/album/riwayat-al-hakim/1590579476?i=1590579482&uo=4
Rabbani,Aman,Aman,2000,Worldwide,https://music.apple.com/my/album/aman/1590688955?i=1590689112&uo=4
Rabbani,Maulana,Junjungan Mulia,2001,Worldwide,https://music.apple.com/my/album/junjungan-mulia/1590685581?i=1590686544&uo=4
Rabbani,Pergi Tak Kembali,Surah Al-Falaq,1999,Worldwide,https://music.apple.com/my/album/surah-al-falaq/1590579476?i=1590579885&uo=4
Rabbani,Zikir Penambat Rindu,Diberi Husnul Khatimah,2011,Worldwide,https://music.apple.com/my/album/diberi-husnul-khatimah/1590127032?i=1590129497&uo=4
Rabbani,Zikir Penambat Rindu,Melegakan Dukacita,2011,Worldwide,https://music.apple.com/my/album/melegakan-dukacita/1590127032?i=1590128957&uo=4
Rabbani,Zikir Penambat Rindu,Keampunan Sekalian Kesalahan,2011,Worldwide,https://music.apple.com/my/album/keampunan-sekalian-kesalahan/1590127032?i=1590128962&uo=4
Rabbani,Zikir Penambat Rindu,Bebas Dari Musuh,2011,Worldwide,https://music.apple.com/my/album/bebas-dari-musuh/1590127032?i=1590128788&uo=4
Rabbani,Zikir Penambat Rindu,Berlindung Dari Segala Keaiban,2011,Worldwide,https://music.apple.com/my/album/berlindung-dari-segala-keaiban/1590127032?i=1590129489&uo=4
Rabbani,Arah,Kembara Cinta,1998,Worldwide,https://music.apple.com/my/album/kembara-cinta/1590578988?i=1590579291&uo=4
Rabbani,Zikir Penambat Rindu,Fadhilat Zikrullah,2011,Worldwide,https://music.apple.com/my/album/fadhilat-zikrullah/1590127032?i=1590128953&uo=4
Hijjaz & Rabbani,Konsert Nasyid Legenda,Buta Mata,2023,Asia,https://music.apple.com/my/album/buta-mata/1699883943?i=1699884494&uo=4
"A.R. Rahman, Ustad Ghulam Mustafa Khan, Murtuza Mustafa, Qadir Mustafa, Rabbani Mustafa, Hasan Musta & Faiz Mustafa",Coke Studio India Season 3: Episode 1,Aao Balma,2013,Indian Pop,https://music.apple.com/my/album/aao-balma/688833846?i=688833957&uo=4
Rabbani,Zikir Penambat Rindu,Doa,2011,Worldwide,https://music.apple.com/my/album/doa/1590127032?i=1590129500&uo=4
Rabbani,Zikir Penambat Rindu,"Meminta Ke Syurga, Melindungi Dari Neraka",2011,Worldwide,https://music.apple.com/my/album/meminta-ke-syurga-melindungi-dari-neraka/1590127032?i=1590129386&uo=4
Rabbani,Marhaban (feat. Daqmie) - Single,Marhaban (feat. Daqmie),2018,Worldwide,https://music.apple.com/my/album/marhaban-feat-daqmie/1591053267?i=1591053581&uo=4
Rabbani,Pergi Tak Kembali,Iktibar,1999,Worldwide,https://music.apple.com/my/album/iktibar/1590579476?i=1590579721&uo=4
Rabbani & Daqmie,Pergi Tak Kembali - Single,Pergi Tak Kembali,2022,Worldwide,https://music.apple.com/my/album/pergi-tak-kembali/1655631437?i=1655631438&uo=4
Rabbani,Maulana,Berpaut Pada Sabdamu,2001,Worldwide,https://music.apple.com/my/album/berpaut-pada-sabdamu/1590685581?i=1590685591&uo=4
Rabbani,Rabbani,Ma'rifatullah,1997,Worldwide,https://music.apple.com/my/album/marifatullah/1590579253?i=1590579488&uo=4
Rabbani,Epik,Janji,2003,Malaysian Pop,https://music.apple.com/my/album/janji/1844310360?i=1844310367&uo=4
Rabbani,Epik,Agung,2003,Malaysian Pop,https://music.apple.com/my/album/agung/1844310360?i=1844310365&uo=4
"Nazrey Johani, Hijjaz, Rabbani & In Team",Konsert Nasyid Legenda,Doa Taubat,2023,Asia,https://music.apple.com/my/album/doa-taubat/1699883943?i=1699885789&uo=4
Rabbani,Maulaya,Tolaal Badru Alaina,2007,Worldwide,https://music.apple.com/my/album/tolaal-badru-alaina/1590126254?i=1590126449&uo=4
Rabbani,Aman,Anta Ya Rahman,2000,Worldwide,https://music.apple.com/my/album/anta-ya-rahman/1590688955?i=1590689404&uo=4
Rabbani,Rabbani,Nur Di Hati,1997,Worldwide,https://music.apple.com/my/album/nur-di-hati/1590579253?i=1590579843&uo=4
Hijjaz & Rabbani,Muhammad Yanabiyna - Single,Muhammad Yanabiyna,2025,Islamic,https://music.apple.com/my/album/muhammad-yanabiyna/1836323912?i=1836323914&uo=4
Rabbani,Pergi Tak Kembali,Surah Al A'La Ayat 16 -17,1999,Worldwide,https://music.apple.com/my/album/surah-al-ala-ayat-16-17/1590579476?i=1590579893&uo=4
Rabbani,Aman,Surah Al Baqarah,2000,Worldwide,https://music.apple.com/my/album/surah-al-baqarah/1590688955?i=1590689131&uo=4
Rabbani,Aman,Surah Yunus,2000,Worldwide,https://music.apple.com/my/album/surah-yunus/1590688955?i=1590689120&uo=4
Hijjaz,The Best of Hijjaz,Sumayyah,2014,Pop,https://music.apple.com/my/album/sumayyah/1442658168?i=1442659046&uo=4
Hijjaz,The Best of Hijjaz,Fatamorgana,2014,Pop,https://music.apple.com/my/album/fatamorgana/1442658168?i=1442659280&uo=4
Hijjaz,The Best of Hijjaz,Dia Kekasih Allah,2014,Pop,https://music.apple.com/my/album/dia-kekasih-allah/1442658168?i=1442659060&uo=4
Hijjaz,The Best of Hijjaz,Berkoban Demi Cinta,2004,Pop,https://music.apple.com/my/album/berkoban-demi-cinta/1442658168?i=1442658546&uo=4
Hijjaz,Pelita Hidup II,Kau Sahabat Kau Teman,2001,Islamic,https://music.apple.com/my/album/kau-sahabat-kau-teman/1592674582?i=1592675981&uo=4
Hijjaz,Damai,Debu-Debu Dosa,2004,Pop,https://music.apple.com/my/album/debu-debu-dosa/1442281295?i=1442282164&uo=4
Hijjaz,Pelita Hidup IV - Perjalanan,Sunnah Orang Berjuang,2006,Pop,https://music.apple.com/my/album/sunnah-orang-berjuang/1442774431?i=1442774729&uo=4
Hijjaz,The Best of Hijjaz,Permaisuri Hatiku,2015,Pop,https://music.apple.com/my/album/permaisuri-hatiku/1442658168?i=1442658538&uo=4
Hijjaz,The Best of Hijjaz,Rasulullah,2015,Pop,https://music.apple.com/my/album/rasulullah/1442658168?i=1442658530&uo=4
Hijjaz,Pelita Hidup,Doa Pagi,1998,Islamic,https://music.apple.com/my/album/doa-pagi/1592671326?i=1592671508&uo=4
Hijjaz,Damai,Aku Hanya Umar,2004,Pop,https://music.apple.com/my/album/aku-hanya-umar/1442281295?i=1442282402&uo=4
Hijjaz,Janji,Kau Pemilik Cinta,2015,Pop,https://music.apple.com/my/album/kau-pemilik-cinta/1442559368?i=1442559698&uo=4
Hijjaz,Pelita Hidup IV - Perjalanan,Nur Tuhan,2015,Pop,https://music.apple.com/my/album/nur-tuhan/1442774431?i=1442774592&uo=4
"Hijjaz, In Team & UNIC",Semulia Ramadhan Seindah Lebaran,Takbir Raya,2015,Pop,https://music.apple.com/my/album/takbir-raya/1442798159?i=1442798398&uo=4
Hijjaz,Janji,Laukana Bainana,2015,Pop,https://music.apple.com/my/album/laukana-bainana/1442559368?i=1442560042&uo=4
Hijjaz,Damai,Berkorban Demi Cinta,2004,Pop,https://music.apple.com/my/album/berkorban-demi-cinta/1442281295?i=1442282033&uo=4
Hijjaz,The Best of Hijjaz,Rindu,2014,Pop,https://music.apple.com/my/album/rindu/1442658168?i=1442658521&uo=4
Hijjaz,Janji,Janji Khalifah,2015,Pop,https://music.apple.com/my/album/janji-khalifah/1442559368?i=1442559906&uo=4
Hijjaz,Terima Kasih Segalanya - Single,Terima Kasih Segalanya,2019,Malaysian Pop,https://music.apple.com/my/album/terima-kasih-segalanya/1547816235?i=1547816238&uo=4
Hijjaz,Cahaya Ilahi,Asmaul Husna,1997,Islamic,https://music.apple.com/my/album/asmaul-husna/6777331008?i=6777331214&uo=4
Hijjaz,"Selawat Nabi, Vol. 2",Ya Badrotim,2015,Worldwide,https://music.apple.com/my/album/ya-badrotim/994412431?i=994412721&uo=4
Hijjaz,Selawat Nabi,Solla' Alaikallah 2,2008,Pop,https://music.apple.com/my/album/solla-alaikallah-2/1442604369?i=1442605430&uo=4
Hijjaz,The Best of Hijjaz,Belaian Ibu,2004,Pop,https://music.apple.com/my/album/belaian-ibu/1442658168?i=1442658706&uo=4
Hijjaz,"Nostalgia Lagenda Nada Murni, Vol. 3: Ramadhan",Ramadhan Bulan Berkat,2015,Pop,https://music.apple.com/my/album/ramadhan-bulan-berkat/1442534205?i=1442534560&uo=4
Hijjaz,"Nostalgia Lagenda Nada Murni, Vol. 4 - Perjuangan",Kegelapan Malam,2013,Pop,https://music.apple.com/my/album/kegelapan-malam/1443340027?i=1443340283&uo=4
Hijjaz,Lagu-lagu Raya,Takbir Raya,2015,Pop,https://music.apple.com/my/album/takbir-raya/1679436563?i=1679436686&uo=4
Hijjaz,Pelita Hidup IV - Perjalanan,Doa Murah Rezeki,2006,Pop,https://music.apple.com/my/album/doa-murah-rezeki/1442774431?i=1442774606&uo=4
Hijjaz,Selawat Nabi,Allahummasolli,2008,Pop,https://music.apple.com/my/album/allahummasolli/1442604369?i=1442604838&uo=4
Hijjaz,"Selawat Nabi, Vol. 2",Ya Hanana,2015,Worldwide,https://music.apple.com/my/album/ya-hanana/994412431?i=994412715&uo=4
Hijjaz,Pelita Hidup II,Zikir 4,2001,Islamic,https://music.apple.com/my/album/zikir-4/1592674582?i=1592675172&uo=4
Hijjaz,"Selawat Nabi, Vol. 2",Tholama Asyku Gharami,2015,Worldwide,https://music.apple.com/my/album/tholama-asyku-gharami/994412431?i=994412712&uo=4
Hijjaz,Selawat Nabi,Ahmad Ya Habibi,2008,Pop,https://music.apple.com/my/album/ahmad-ya-habibi/1442604369?i=1442604847&uo=4
Hijjaz,Selawat Nabi,Tola'albadru,2008,Pop,https://music.apple.com/my/album/tolaalbadru/1442604369?i=1442605424&uo=4
"Munif Hijjaz, Nasrul Ikhwan, Isma Sane, Shakirin Shah & Nuha Bahrin",Allahul Kaafi - Single,Allahul Kaafi,2021,Worldwide,https://music.apple.com/my/album/allahul-kaafi/1560072491?i=1560072498&uo=4
Hijjaz,The Best of Hijjaz,Gurindam Berkasih,2012,Pop,https://music.apple.com/my/album/gurindam-berkasih/1442658168?i=1442658375&uo=4
Hijjaz,The Best of Hijjaz,Pesona Cinta,2004,Pop,https://music.apple.com/my/album/pesona-cinta/1442658168?i=1442658855&uo=4
Hijjaz,Nasyid Popular - EP,Lukisan Alam,2000,Islamic,https://music.apple.com/my/album/lukisan-alam/1592674018?i=1592674020&uo=4
Hijjaz,The Best of Hijjaz,Ritma Kehidupan,2004,Pop,https://music.apple.com/my/album/ritma-kehidupan/1442658168?i=1442658713&uo=4
Hijjaz,Selawat Nabi,Surah At-Taubah,2008,Pop,https://music.apple.com/my/album/surah-at-taubah/1442604369?i=1442604824&uo=4
Hijjaz,The Best of Hijjaz,Embun Hidayah,2012,Pop,https://music.apple.com/my/album/embun-hidayah/1442658168?i=1442658728&uo=4
Hijjaz,Pelita Hidup II,Zikir 3,2001,Islamic,https://music.apple.com/my/album/zikir-3/1592674582?i=1592674971&uo=4
Hijjaz,Selawat Nabi,Ya Rasulullah,2008,Pop,https://music.apple.com/my/album/ya-rasulullah/1442604369?i=1442605441&uo=4
Hijjaz,Keizinan-Mu,Zapin Kesyukuran,1998,Islamic,https://music.apple.com/my/album/zapin-kesyukuran/1592679061?i=1592679281&uo=4
Munif Hijjaz,Debu-Debu Dosa 2022 - Single,Debu-Debu Dosa 2022,2022,Malaysian Pop,https://music.apple.com/my/album/debu-debu-dosa-2022/1639303136?i=1639303137&uo=4
Hijjaz,Selawat 3G,Thola Al Badru 2,2015,Pop,https://music.apple.com/my/album/thola-al-badru-2/1442595711?i=1442595721&uo=4
Hijjaz,Selawat Nabi,La Ila Ha Illallah,2008,Pop,https://music.apple.com/my/album/la-ila-ha-illallah/1442604369?i=1442605106&uo=4
Hijjaz,The Best of Hijjaz,Iman Islam Ehsan,2012,Pop,https://music.apple.com/my/album/iman-islam-ehsan/1442658168?i=1442658876&uo=4
Hijjaz,The Best of Hijjaz,Penawar Racun Dunia,2004,Pop,https://music.apple.com/my/album/penawar-racun-dunia/1442658168?i=1442659209&uo=4
Hijjaz,Pelita Hidup,Pelita Hidup,1998,Islamic,https://music.apple.com/my/album/pelita-hidup/1592671326?i=1592672281&uo=4
Hijjaz,"Selawat Nabi, Vol. 2",Sidnan Nabi,2015,Worldwide,https://music.apple.com/my/album/sidnan-nabi/994412431?i=994412714&uo=4
Hijjaz,"Selawat Nabi, Vol. 2",Burdah,2015,Worldwide,https://music.apple.com/my/album/burdah/994412431?i=994412719&uo=4
Hijjaz,"Selawat Nabi, Vol. 2",Solatun Bissalamil Mubini,2015,Worldwide,https://music.apple.com/my/album/solatun-bissalamil-mubini/994412431?i=994412720&uo=4
Hijjaz,Pelita Hidup II,Sifat Mahmudah,2001,Islamic,https://music.apple.com/my/album/sifat-mahmudah/1592674582?i=1592674981&uo=4
Hijjaz,"Selawat Nabi, Vol. 2",Busyralana,2015,Worldwide,https://music.apple.com/my/album/busyralana/994412431?i=994412716&uo=4
Hijjaz,Alunan Zikir & Doa Lengkap Haji & Umrah,Doa Menaiki Kenderaan,2015,Pop,https://music.apple.com/my/album/doa-menaiki-kenderaan/1442497835?i=1442498054&uo=4
Hijjaz,Pelita Hidup II,Selimut Putih,2001,Islamic,https://music.apple.com/my/album/selimut-putih/1592674582?i=1592675562&uo=4
Hijjaz,Selawat 3G,Ya Rasulullah 2,2015,Pop,https://music.apple.com/my/album/ya-rasulullah-2/1442595711?i=1442595724&uo=4
Hijjaz,Alunan Zikir & Doa Lengkap Haji & Umrah,Talbiah,2015,Pop,https://music.apple.com/my/album/talbiah/1442497835?i=1442498055&uo=4
Hijjaz,"Selawat Nabi, Vol. 2",Ya Imamarrusli,2015,Worldwide,https://music.apple.com/my/album/ya-imamarrusli/994412431?i=994412717&uo=4
Hijjaz,Selawat Nabi,Solla' Alaikallah,2015,Pop,https://music.apple.com/my/album/solla-alaikallah/1442604369?i=1442605115&uo=4
Hijjaz,"Selawat Nabi, Vol. 2",Sollu 'Ala Khairil Anam,2015,Worldwide,https://music.apple.com/my/album/sollu-ala-khairil-anam/994412431?i=994412722&uo=4
Hijjaz,"Nostalgia Lagenda Nada Murni, Vol. 3: Ramadhan",Nasihat Ramadhan,2015,Pop,https://music.apple.com/my/album/nasihat-ramadhan/1442534205?i=1442534552&uo=4
Hijjaz,Selawat Nabi,Khairul Bariah,2015,Pop,https://music.apple.com/my/album/khairul-bariah/1442604369?i=1442605096&uo=4
Munif Hijjaz,Kau Pemilik Cinta 2021 - Single,Kau Pemilik Cinta 2021,2021,Malaysian Pop,https://music.apple.com/my/album/kau-pemilik-cinta-2021/1569210417?i=1569210419&uo=4
Hijjaz,"Selawat Nabi, Vol. 2",Alfa Solallah,2015,Worldwide,https://music.apple.com/my/album/alfa-solallah/994412431?i=994412718&uo=4
Hijjaz,Selawat Nabi,Rabbinajjina,2015,Pop,https://music.apple.com/my/album/rabbinajjina/1442604369?i=1442605109&uo=4
"Hijjaz, In Team, UNIC & Mestica",Kalimah Cinta,Isra' Mikraj,2015,Pop,https://music.apple.com/my/album/isra-mikraj/1442426435?i=1442427148&uo=4
Hijjaz & Imam Muda Nuri,"Nostalgia Lagenda Nada Murni, Vol. 3: Ramadhan",Ahlan Wa Sahlan Wa Ramadhan,2015,Pop,https://music.apple.com/my/album/ahlan-wa-sahlan-wa-ramadhan/1442534205?i=1442534364&uo=4
Hijjaz,Jalan Bahagia,Jalan Bahagia,2002,Islamic,https://music.apple.com/my/album/jalan-bahagia/1592685274?i=1592685411&uo=4
Hijjaz,Sumayyah 2019 (feat. Tomok) - Single,Sumayyah 2019 (feat. Tomok),2023,Worldwide,https://music.apple.com/my/album/sumayyah-2019-feat-tomok/1665754126?i=1665754226&uo=4
Munif Hijjaz,Puteriku Sayang 2022 - Single,Puteriku Sayang 2022,2022,Malaysian Pop,https://music.apple.com/my/album/puteriku-sayang-2022/1602489407?i=1602489408&uo=4
Hijjaz,Jalan Bahagia,Mesra Desa,2002,Islamic,https://music.apple.com/my/album/mesra-desa/1592685274?i=1592685418&uo=4
Hijjaz,Janji,Akulah Pencinta,2015,Pop,https://music.apple.com/my/album/akulah-pencinta/1442559368?i=1442560269&uo=4
Hijjaz,Janji,Pemimpin 3 Darjat,2015,Pop,https://music.apple.com/my/album/pemimpin-3-darjat/1442559368?i=1442560059&uo=4
Hijjaz,Syifa' Seri Hati,Mentari Hidup,2015,Pop,https://music.apple.com/my/album/mentari-hidup/1442392699?i=1442393208&uo=4
Hijjaz,Keizinan-Mu,Sebelum Terlena,1998,Islamic,https://music.apple.com/my/album/sebelum-terlena/1592679061?i=1592679515&uo=4
Hijjaz,Jalan Bahagia,Rabbi Salimna,2002,Islamic,https://music.apple.com/my/album/rabbi-salimna/1592685274?i=1592685731&uo=4
Munif Hijjaz,Dia Kekasih Allah 2021 - Single,Dia Kekasih Allah 2021,2021,Malaysian Pop,https://music.apple.com/my/album/dia-kekasih-allah-2021/1581105467?i=1581105468&uo=4
Hijjaz,Akhir Bersama-Mu - EP,Akhir Bersama-Mu,2026,Indonesian Religious,https://music.apple.com/my/album/akhir-bersama-mu/6786689806?i=6786690102&uo=4
"Hijjaz, In Team, UNIC & Mestica",La Tahzan: WAKEUP4GAZA (feat. Mirwana) - Single,La Tahzan: WAKEUP4GAZA (feat. Mirwana),2023,Asia,https://music.apple.com/my/album/la-tahzan-wakeup4gaza-feat-mirwana/1714963008?i=1714963016&uo=4
Hijjaz & Daqmie,Fatamorrgana - Single,Fatamorrgana,2022,Worldwide,https://music.apple.com/my/album/fatamorrgana/1655631732?i=1655631886&uo=4
Hijjaz,Pelita Hidup IV - Perjalanan,Hasbirabbi,2015,Pop,https://music.apple.com/my/album/hasbirabbi/1442774431?i=1442774808&uo=4
Hijjaz,Damai,Al Quran Kalamullah,2004,Pop,https://music.apple.com/my/album/al-quran-kalamullah/1442281295?i=1442282151&uo=4
Hijjaz,Pelita Hidup IV - Perjalanan,Yang Maha Penyayang,2006,Pop,https://music.apple.com/my/album/yang-maha-penyayang/1442774431?i=1442774810&uo=4
Hijjaz,Pelita Hidup IV - Perjalanan,Hidayah,2015,Pop,https://music.apple.com/my/album/hidayah/1442774431?i=1442774597&uo=4
Hijjaz,Pelita Hidup IV - Perjalanan,Terimalah Aku,2006,Pop,https://music.apple.com/my/album/terimalah-aku/1442774431?i=1442774805&uo=4
Hijjaz,Keizinan-Mu,Puteriku Sayang,1998,Islamic,https://music.apple.com/my/album/puteriku-sayang/1592679061?i=1592679286&uo=4
Hijjaz,Jalan Bahagia,Alam Rohani,2002,Islamic,https://music.apple.com/my/album/alam-rohani/1592685274?i=1592685407&uo=4
Hijjaz,"Nostalgia Lagenda Nada Murni, Vol. 4 - Perjuangan",Sunnah Berjuang,2013,Pop,https://music.apple.com/my/album/sunnah-berjuang/1443340027?i=1443340280&uo=4
Hijjaz,"Nostalgia Lagenda Nada Murni, Vol. 3: Ramadhan",Rahmat Ramadhan,2015,Pop,https://music.apple.com/my/album/rahmat-ramadhan/1442534205?i=1442535113&uo=4
"Hijjaz, Imam Muda Nuri, Ashraf, Miril & Hijjaz Junior",Seleksi Istimewa Lagu-Lagu Raya,Fitrah Hari Raya,2015,Pop,https://music.apple.com/my/album/fitrah-hari-raya/1442706824?i=1442706830&uo=4
Hijjaz,Keizinan-Mu,Malam,1998,Islamic,https://music.apple.com/my/album/malam/1592679061?i=1592679856&uo=4
Munif Hijjaz,Rindu Humaira (feat. Maliq Suhaimi) - Single,Rindu Humaira (feat. Maliq Suhaimi),2021,Malaysian Pop,https://music.apple.com/my/album/rindu-humaira-feat-maliq-suhaimi/1557394521?i=1557394522&uo=4
Hijjaz,Pelita Hidup,Zikir 7,1998,Islamic,https://music.apple.com/my/album/zikir-7/1592671326?i=1592672271&uo=4
Hijjaz,Selawat 3G,Selawat Badar,2015,Pop,https://music.apple.com/my/album/selawat-badar/1442595711?i=1442595722&uo=4
"Hijjaz, UNIC, Mestica & Suhaimi",Seleksi Istimewa Lagu-Lagu Raya,Minal Aidin Wal Faizin,2015,Pop,https://music.apple.com/my/album/minal-aidin-wal-faizin/1442706824?i=1442707016&uo=4
Hijjaz,Pelita Hidup,Mata Hati,1998,Islamic,https://music.apple.com/my/album/mata-hati/1592671326?i=1592672025&uo=4
Hijjaz,Pelita Hidup IV - Perjalanan,Dilema,2015,Pop,https://music.apple.com/my/album/dilema/1442774431?i=1442774608&uo=4
Hijjaz,Pelita Hidup V Panggilan Baitullah,Panggilan Haji,2007,Pop,https://music.apple.com/my/album/panggilan-haji/1442557531?i=1442557821&uo=4
Hijjaz,Pelita Hidup III,Hukum Tuhan,2004,Islamic,https://music.apple.com/my/album/hukum-tuhan/1592674431?i=1592674476&uo=4
Hijjaz,Damai,Pemimpin Yang Adil,2004,Pop,https://music.apple.com/my/album/pemimpin-yang-adil/1442281295?i=1442282388&uo=4
Munif Hijjaz,Munajat Seorang Hamba 2022 - Single,Munajat Seorang Hamba 2022,2021,Malaysian Pop,https://music.apple.com/my/album/munajat-seorang-hamba-2022/1596255337?i=1596255340&uo=4
"Hijjaz, UNIC, Mestica, Suhaimi & Diana Naim",Seleksi Istimewa Lagu-Lagu Raya,Joget Lebaran,2015,Pop,https://music.apple.com/my/album/joget-lebaran/1442706824?i=1442707125&uo=4
Hijjaz,20Th Anniversary Concert Inteam,Rasulullah (feat. Inteam),2020,Malaysian Pop,https://music.apple.com/my/album/rasulullah-feat-inteam/1571957089?i=1571957559&uo=4
Munif Hijjaz,Kau Sahabat Kau Teman 2021 - Single,Kau Sahabat Kau Teman 2021,2021,Malaysian Pop,https://music.apple.com/my/album/kau-sahabat-kau-teman-2021/1585772974?i=1585772975&uo=4
Hijjaz,Pelita Hidup IV - Perjalanan,Ilmu,2006,Pop,https://music.apple.com/my/album/ilmu/1442774431?i=1442774737&uo=4
Hijjaz,Janji,Pemula Langkah,2013,Pop,https://music.apple.com/my/album/pemula-langkah/1442559368?i=1442560342&uo=4
Hijjaz,Bersama Selamanya - Single,Bersama Selamanya,2019,Malaysian Pop,https://music.apple.com/my/album/bersama-selamanya/1450471745?i=1450471746&uo=4
Hijjaz,Pelita Hidup,Zikir 5,1998,Islamic,https://music.apple.com/my/album/zikir-5/1592671326?i=1592672030&uo=4
Hijjaz,Alunan Zikir & Doa Lengkap Haji & Umrah,Doa Ketika Musafir,2015,Pop,https://music.apple.com/my/album/doa-ketika-musafir/1442497835?i=1442498051&uo=4
Hijjaz,Permata Hijjaz 1431,Ratu Nil (Yukabid),2012,Pop,https://music.apple.com/my/album/ratu-nil-yukabid/1442391846?i=1442392094&uo=4
Hijjaz,Pelita Hidup,Zikir 1,1998,Islamic,https://music.apple.com/my/album/zikir-1/1592671326?i=1592671511&uo=4
Hijjaz,Jalan Bahagia,Irama Kasih,2002,Islamic,https://music.apple.com/my/album/irama-kasih/1592685274?i=1592685406&uo=4
Hijjaz,Pelita Hidup IV - Perjalanan,Doa Kesejahteraan,2006,Pop,https://music.apple.com/my/album/doa-kesejahteraan/1442774431?i=1442774599&uo=4
Hijjaz,Sandiwara - Single,Sandiwara,2022,Worldwide,https://music.apple.com/my/album/sandiwara/1655631766?i=1655631769&uo=4
Hijjaz & Shahir,Konsert Nasyid Legenda,Fatamorgana,2023,Asia,https://music.apple.com/my/album/fatamorgana/1699883943?i=1699885541&uo=4
Hijjaz,Alunan Zikir & Doa Lengkap Haji & Umrah,Bacaan Doa Tawaf 1,2015,Pop,https://music.apple.com/my/album/bacaan-doa-tawaf-1/1442497835?i=1442498236&uo=4
Hijjaz,Jalan Bahagia,Indah Hidup Bersama Ilahi,2002,Islamic,https://music.apple.com/my/album/indah-hidup-bersama-ilahi/1592685274?i=1592685419&uo=4
Hijjaz,Jalan Bahagia,Keheningan Malam,2002,Islamic,https://music.apple.com/my/album/keheningan-malam/1592685274?i=1592685734&uo=4
Hijjaz,Selawat 3G,Thola Al Badru,2015,Pop,https://music.apple.com/my/album/thola-al-badru/1442595711?i=1442595715&uo=4
Hijjaz,Alunan Zikir & Doa Lengkap Haji & Umrah,Doa Menuju Kegarisan Bermula Tawaf,2015,Pop,https://music.apple.com/my/album/doa-menuju-kegarisan-bermula-tawaf/1442497835?i=1442498079&uo=4
Munif Hijjaz,Agung Cintamu - Single,Agung Cintamu,2020,Malaysian Pop,https://music.apple.com/my/album/agung-cintamu/1546489292?i=1546489293&uo=4
Munif Hijjaz,Kering Sudah Airmata - Single,Kering Sudah Airmata,2021,Malaysian Pop,https://music.apple.com/my/album/kering-sudah-airmata/1574504767?i=1574504768&uo=4
Darwish & Munif Hijjaz,Saat Hari Tuanya - Single,Saat Hari Tuanya,2023,Malaysian Pop,https://music.apple.com/my/album/saat-hari-tuanya/1695533949?i=1695533950&uo=4
Hijjaz,Pelita Hidup IV - Perjalanan,Seruan Suci,2006,Pop,https://music.apple.com/my/album/seruan-suci/1442774431?i=1442774602&uo=4
Hijjaz,Pelita Hidup IV - Perjalanan,Al-Kahfi: 17,2015,Pop,https://music.apple.com/my/album/al-kahfi-17/1442774431?i=1442774594&uo=4
Hijjaz,Pelita Hidup III,Rimbun Keampunan,2004,Islamic,https://music.apple.com/my/album/rimbun-keampunan/1592674431?i=1592674499&uo=4
Hijjaz,Pelita Hidup,Ya Rabbi bil-Mustofa,1998,Islamic,https://music.apple.com/my/album/ya-rabbi-bil-mustofa/1592671326?i=1592672040&uo=4
Hijjaz,Pelita Hidup IV - Perjalanan,Hasbiyallah,2015,Pop,https://music.apple.com/my/album/hasbiyallah/1442774431?i=1442774613&uo=4
Hijjaz,Pelita Hidup V Panggilan Baitullah,Doa Dan Zikir Di Padang Arafah,2015,Pop,https://music.apple.com/my/album/doa-dan-zikir-di-padang-arafah/1442557531?i=1442558339&uo=4
Hijjaz,Janji,Hanyalah Iman,2015,Pop,https://music.apple.com/my/album/hanyalah-iman/1442559368?i=1442560050&uo=4
Hijjaz,Janji,Penghulu Syurga,2013,Pop,https://music.apple.com/my/album/penghulu-syurga/1442559368?i=1442560247&uo=4
Khai Bahar & INTEAM,Setanggi Syurga 2020 - Single,Setanggi Syurga 2020,2020,Malaysian Pop,https://music.apple.com/my/album/setanggi-syurga-2020/1508302626?i=1508302627&uo=4
Hazamin Inteam,Zikir Keamanan (Zikir Dan Doa Menghadapi Melapetaka Dan Wabak Penyakit),Selawat Tafrijiyyah,2010,Worldwide,https://music.apple.com/my/album/selawat-tafrijiyyah/1149276050?i=1149276246&uo=4
Hazamin Inteam,Zikir Keamanan (Zikir Dan Doa Menghadapi Melapetaka Dan Wabak Penyakit),Zikir Nabi Yunus,2010,Worldwide,https://music.apple.com/my/album/zikir-nabi-yunus/1149276050?i=1149276242&uo=4
Hazamin Inteam,Surah Hafazan & Ayat-Ayat Amalan,"Ayat Kursi, Al-Baqarah 255",2015,Worldwide,https://music.apple.com/my/album/ayat-kursi-al-baqarah-255/1172647309?i=1172647623&uo=4
Hazamin Inteam,Zikir Keamanan (Zikir Dan Doa Menghadapi Melapetaka Dan Wabak Penyakit),Hasbiallah,2010,Worldwide,https://music.apple.com/my/album/hasbiallah/1149276050?i=1149276125&uo=4
Hazamin Inteam,Surah Hafazan & Ayat-Ayat Amalan,Al-Kahfi 1-10,2015,Worldwide,https://music.apple.com/my/album/al-kahfi-1-10/1172647309?i=1172647672&uo=4
Hazamin Inteam,Surah Hafazan & Ayat-Ayat Amalan,Azan,2015,Worldwide,https://music.apple.com/my/album/azan/1172647309?i=1172647974&uo=4
Hazamin Inteam,Surah Hafazan & Ayat-Ayat Amalan,Al-Kahfi 100-110,2015,Worldwide,https://music.apple.com/my/album/al-kahfi-100-110/1172647309?i=1172647744&uo=4
Hazamin Inteam,Surah Hafazan & Ayat-Ayat Amalan,Al-Mulk,2015,Worldwide,https://music.apple.com/my/album/al-mulk/1172647309?i=1172647971&uo=4
Hazamin Inteam,Zikir & Doa (Selepas Solat),3 Qul & Al-Fatihah,2008,Asia,https://music.apple.com/my/album/3-qul-al-fatihah/1106542850?i=1106543374&uo=4
Hazamin Inteam,Surah Hafazan & Ayat-Ayat Amalan,"Ayat Seribu Dinar, At-Talaq 2-3",2015,Worldwide,https://music.apple.com/my/album/ayat-seribu-dinar-at-talaq-2-3/1172647309?i=1172647964&uo=4
Hazamin Inteam,Zikir Keamanan (Zikir Dan Doa Menghadapi Melapetaka Dan Wabak Penyakit),Ayat 1000 Dinar,2010,Worldwide,https://music.apple.com/my/album/ayat-1000-dinar/1149276050?i=1149276299&uo=4
Hazamin Inteam,Zikir Keamanan (Zikir Dan Doa Menghadapi Melapetaka Dan Wabak Penyakit),Allahumma Antas Salam,2010,Worldwide,https://music.apple.com/my/album/allahumma-antas-salam/1149276050?i=1149276060&uo=4
Hazamin Inteam,Zikir Keamanan (Zikir Dan Doa Menghadapi Melapetaka Dan Wabak Penyakit),Bismillahillazi La Yadurru Ma'asmihi,2010,Worldwide,https://music.apple.com/my/album/bismillahillazi-la-yadurru-maasmihi/1149276050?i=1149276244&uo=4
Hazamin Inteam,Surah Hafazan & Ayat-Ayat Amalan,Al-Fatihah,2015,Worldwide,https://music.apple.com/my/album/al-fatihah/1172647309?i=1172647490&uo=4
Hazamin Inteam,Surah Hafazan & Ayat-Ayat Amalan,Al-Baqarah 284-286,2015,Worldwide,https://music.apple.com/my/album/al-baqarah-284-286/1172647309?i=1172647626&uo=4
Hazamin Inteam,"Bacaan Solat, Doa & Bacaan Dalam Solat Beserta Terjemahan (Pedoman Solat)",Doa Qunut,2009,Worldwide,https://music.apple.com/my/album/doa-qunut/1164339676?i=1164340007&uo=4
Hazamin Inteam,Surah Hafazan & Ayat-Ayat Amalan,As-Sajadah,2015,Worldwide,https://music.apple.com/my/album/as-sajadah/1172647309?i=1172647847&uo=4
Hazamin Inteam,Surah Hafazan & Ayat-Ayat Amalan,An-Nur 35,2015,Worldwide,https://music.apple.com/my/album/an-nur-35/1172647309?i=1172647745&uo=4
Hazamin Inteam,Surah Hafazan & Ayat-Ayat Amalan,Al-Hasyr 18-24,2015,Worldwide,https://music.apple.com/my/album/al-hasyr-18-24/1172647309?i=1172647961&uo=4
Hazamin Inteam,Surah Hafazan & Ayat-Ayat Amalan,Al-Jumuah,2015,Worldwide,https://music.apple.com/my/album/al-jumuah/1172647309?i=1172647963&uo=4
Hazamin Inteam,Surah Hafazan & Ayat-Ayat Amalan,Al-Insan,2015,Worldwide,https://music.apple.com/my/album/al-insan/1172647309?i=1172647972&uo=4
Hazamin Inteam,Zikir & Doa (Selepas Solat),Ayat Kursi & Surah Al-Baqarah Ayat 285-286,2008,Asia,https://music.apple.com/my/album/ayat-kursi-surah-al-baqarah-ayat-285-286/1106542850?i=1106543370&uo=4
Hazamin Inteam,Zikir Keamanan (Zikir Dan Doa Menghadapi Melapetaka Dan Wabak Penyakit),Selawat Syifa',2010,Worldwide,https://music.apple.com/my/album/selawat-syifa/1149276050?i=1149276249&uo=4
Hazamin Inteam,Zikir Keamanan (Zikir Dan Doa Menghadapi Melapetaka Dan Wabak Penyakit),Qunut Nazilah,2010,Worldwide,https://music.apple.com/my/album/qunut-nazilah/1149276050?i=1149276305&uo=4
Hazamin Inteam,Zikir Keamanan (Zikir Dan Doa Menghadapi Melapetaka Dan Wabak Penyakit),Alaika Tawakkaltu,2010,Worldwide,https://music.apple.com/my/album/alaika-tawakkaltu/1149276050?i=1149276241&uo=4
Hazamin Inteam,Zikir Keamanan (Zikir Dan Doa Menghadapi Melapetaka Dan Wabak Penyakit),Ayat Kursi,2010,Worldwide,https://music.apple.com/my/album/ayat-kursi/1149276050?i=1149276247&uo=4
Hazamin Inteam,Zikir Keamanan (Zikir Dan Doa Menghadapi Melapetaka Dan Wabak Penyakit),Al-Hauqalah,2010,Worldwide,https://music.apple.com/my/album/al-hauqalah/1149276050?i=1149276243&uo=4
Hazamin Inteam,Zikir Keamanan (Zikir Dan Doa Menghadapi Melapetaka Dan Wabak Penyakit),Ilahi Sallimil Ummah,2010,Worldwide,https://music.apple.com/my/album/ilahi-sallimil-ummah/1149276050?i=1149276057&uo=4
Hazamin Inteam,Zikir Keamanan (Zikir Dan Doa Menghadapi Melapetaka Dan Wabak Penyakit),Doa Tolak Bala,2010,Worldwide,https://music.apple.com/my/album/doa-tolak-bala/1149276050?i=1149276287&uo=4
Hazamin Inteam,Zikir Keamanan (Zikir Dan Doa Menghadapi Melapetaka Dan Wabak Penyakit),Doa Hindar Penyakit,2010,Worldwide,https://music.apple.com/my/album/doa-hindar-penyakit/1149276050?i=1149276292&uo=4
Khai Bahar & INTEAM,Setanggi Syurga 2020 (Intrumental Version) - Single,Setanggi Syurga 2020 (Intrumental Version),2020,Malaysian Pop,https://music.apple.com/my/album/setanggi-syurga-2020-intrumental-version/1512446154?i=1512446155&uo=4
UNIC,Langkah Tercipta,Insan Bernama Kekasih,2006,Pop,https://music.apple.com/my/album/insan-bernama-kekasih/1442803226?i=1442804200&uo=4
UNIC,Langkah Tercipta,Demi Cinta Suci,2006,Pop,https://music.apple.com/my/album/demi-cinta-suci/1442803226?i=1442804180&uo=4
UNIC,Langkah Tercipta,Hanya Tuhan Yang Tahu,2006,Pop,https://music.apple.com/my/album/hanya-tuhan-yang-tahu/1442803226?i=1442803715&uo=4
UNIC,Langkah Tercipta,Lafaz Yang Tersimpan,2014,Pop,https://music.apple.com/my/album/lafaz-yang-tersimpan/1442803226?i=1442804461&uo=4
UNIC,Langkah Tercipta,Ainul Mardhiah,2015,Pop,https://music.apple.com/my/album/ainul-mardhiah/1442803226?i=1442803944&uo=4
UNIC,Zinnirah 2018 - EP,Zinnirah 2018,2018,Pop,https://music.apple.com/my/album/zinnirah-2018/1385966836?i=1385966837&uo=4
UNIC,Langkah Tercipta,Sebuah Pertemuan,2015,Pop,https://music.apple.com/my/album/sebuah-pertemuan/1442803226?i=1442804085&uo=4
UNIC,Satu Tekad,Balqis,2006,Pop,https://music.apple.com/my/album/balqis/1442800328?i=1442800457&uo=4
UNIC,Tika Itu,Atas Nama Cinta,2014,Pop,https://music.apple.com/my/album/atas-nama-cinta/1442346546?i=1442346798&uo=4
Bazli Unic,Selawat 1000 kali,Selawat Tafrijiyah 1,2022,Relaxation,https://music.apple.com/my/album/selawat-tafrijiyah-1/1613882186?i=1613882192&uo=4
UNIC,"Doa (feat. Ustaz Syed, Abdul Kadir & AlJoofre)","Sayyidul Istighfar (feat. Ustaz Syed, Abdul Kadir & AlJoofre)",2013,Worldwide,https://music.apple.com/my/album/sayyidul-istighfar-feat-ustaz-syed-abdul-kadir-aljoofre/1566929314?i=1566930234&uo=4
UNIC & Raqib Majid,Nasyid-Nasyid Viral (Kompilasi Terbaik Unicdotmy Pro),Bintang Syurga 2017,2016,Worldwide,https://music.apple.com/my/album/bintang-syurga-2017/1618617110?i=1618617112&uo=4
UNIC,"Doa (feat. Ustaz Syed, Abdul Kadir & AlJoofre)","Qunut Nazilah (feat. Ustaz Syed, Abdul Kadir & AlJoofre)",2013,Worldwide,https://music.apple.com/my/album/qunut-nazilah-feat-ustaz-syed-abdul-kadir-aljoofre/1566929314?i=1566930225&uo=4
UNIC,Nasyid-Nasyid Viral (Kompilasi Terbaik Unicdotmy Pro),Doa Dhuha,2016,Worldwide,https://music.apple.com/my/album/doa-dhuha/1618617110?i=1618617878&uo=4
UNIC,"Doa (feat. Ustaz Syed, Abdul Kadir & AlJoofre)","Doa Dhuha (feat. Ustaz Syed, Abdul Kadir & AlJoofre)",2013,Worldwide,https://music.apple.com/my/album/doa-dhuha-feat-ustaz-syed-abdul-kadir-aljoofre/1566929314?i=1566929892&uo=4
Ustaz Fakhrul Unic,Surah-Surah Amalan Mukmin,Surah Al-Mulk,2017,Easy Listening,https://music.apple.com/my/album/surah-al-mulk/1618617145?i=1618617552&uo=4
UNIC,"Unic Greatest Hits (feat. Simfoni, Amer Al Mawlid, Imam Muda 3, Fadzli Far East, Raqib Majid & Imam Muda Nazrul)",Bintang Syurga (feat. Raqib Majid),2014,Pop,https://music.apple.com/my/album/bintang-syurga-feat-raqib-majid/1618327093?i=1618327500&uo=4
UNIC & Ustaz Syed Abd Kadir Aljoofre,Zikir Munajat,Zikir Taubat,2016,R&B/Soul,https://music.apple.com/my/album/zikir-taubat/1618184723?i=1618185073&uo=4
UNIC,Nasyid-Nasyid Viral (Kompilasi Terbaik Unicdotmy Pro),Ya Hanana,2016,Worldwide,https://music.apple.com/my/album/ya-hanana/1618617110?i=1618617706&uo=4
UNIC,Ainul Mardhiah (G.G.V 2017) - Single,Ainul Mardhiah G.G.V 2017,2017,R&B/Soul,https://music.apple.com/my/album/ainul-mardhiah-g-g-v-2017/1618210725?i=1618210898&uo=4
UNIC,See You Di IPT,Hakikat Bahagia,2014,Pop,https://music.apple.com/my/album/hakikat-bahagia/1442388044?i=1442388079&uo=4
Ustaz Fakhrul Unic,Surah-Surah Amalan Mukmin,Surah Al-Waqiah,2017,Easy Listening,https://music.apple.com/my/album/surah-al-waqiah/1618617145?i=1618617551&uo=4
UNIC,"Doa (feat. Ustaz Syed, Abdul Kadir & AlJoofre)","Doa Iman (feat. Ustaz Syed, Abdul Kadir & AlJoofre)",2013,Worldwide,https://music.apple.com/my/album/doa-iman-feat-ustaz-syed-abdul-kadir-aljoofre/1566929314?i=1566930239&uo=4
UNIC,Langkah Tercipta,Aisyah Humaira,2015,Pop,https://music.apple.com/my/album/aisyah-humaira/1442803226?i=1442804453&uo=4
UNIC & Ustaz Syed Abd Kadir Aljoofre,Zikir Munajat,Zikir Subhanallah,2016,R&B/Soul,https://music.apple.com/my/album/zikir-subhanallah/1618184723?i=1618184733&uo=4
UNIC,Nasyid-Nasyid Viral (Kompilasi Terbaik Unicdotmy Pro),Seindah Sabar,2015,Worldwide,https://music.apple.com/my/album/seindah-sabar/1618617110?i=1618617455&uo=4
Bazli Unic,Zikir 1000 kali,Ya Zaljala,2022,Worldwide,https://music.apple.com/my/album/ya-zaljala/1614962827?i=1614964016&uo=4
UNIC,See You Di IPT,Zinnirah,2015,Pop,https://music.apple.com/my/album/zinnirah/1442388044?i=1442388177&uo=4
Bazli Unic,Selawat 1000 kali,Selawat Jibril,2022,Relaxation,https://music.apple.com/my/album/selawat-jibril/1613882186?i=1613883129&uo=4
Ustaz Fakhrul Unic,"Quran Karim, Vol. 1",Surah Al-Baqarah,2021,Worldwide,https://music.apple.com/my/album/surah-al-baqarah/1594149888?i=1594150126&uo=4
Bazli Unic,Selawat 1000 kali,Selawat Nuril Mubin,2022,Relaxation,https://music.apple.com/my/album/selawat-nuril-mubin/1613882186?i=1613882843&uo=4
Bazli Unic,Selawat 1000 kali,Selawat Nabi Ringkas,2022,Relaxation,https://music.apple.com/my/album/selawat-nabi-ringkas/1613882186?i=1613882828&uo=4
Bazli Unic,Selawat 1000 kali,Selawat Tafrijiyah 2,2022,Relaxation,https://music.apple.com/my/album/selawat-tafrijiyah-2/1613882186?i=1613883132&uo=4
UNIC & Ustaz Syed Abd Kadir Aljoofre,Zikir Munajat,Zikir Ya Latif,2016,R&B/Soul,https://music.apple.com/my/album/zikir-ya-latif/1618184723?i=1618185413&uo=4
UNIC,Langkah Tercipta,Jalinan,2006,Pop,https://music.apple.com/my/album/jalinan/1442803226?i=1442803708&uo=4
UNIC,See You Di IPT,Sahabat Sejati,2014,Pop,https://music.apple.com/my/album/sahabat-sejati/1442388044?i=1442388173&uo=4
UNIC,"Doa (feat. Ustaz Syed, Abdul Kadir & AlJoofre)","Doa Menghindar Daripada Kesusahan (feat. Ustaz Syed, Abdul Kadir & AlJoofre)",2013,Worldwide,https://music.apple.com/my/album/doa-menghindar-daripada-kesusahan-feat-ustaz-syed-abdul/1566929314?i=1566929900&uo=4
Bazli Unic,Selawat 1000 kali,Selawat Syifa,2022,Relaxation,https://music.apple.com/my/album/selawat-syifa/1613882186?i=1613883138&uo=4
UNIC,"Doa (feat. Ustaz Syed, Abdul Kadir & AlJoofre)","Doa Istikharah (feat. Ustaz Syed, Abdul Kadir & AlJoofre)",2013,Worldwide,https://music.apple.com/my/album/doa-istikharah-feat-ustaz-syed-abdul-kadir-aljoofre/1566929314?i=1566929898&uo=4
Ustaz Fakhrul Unic,Surah-Surah Amalan Mukmin,Surah Al-Kahfi,2017,Easy Listening,https://music.apple.com/my/album/surah-al-kahfi/1618617145?i=1618617558&uo=4
UNIC & Ustaz Syed Abd Kadir Aljoofre,Zikir Munajat,Zikir as-Salam,2016,R&B/Soul,https://music.apple.com/my/album/zikir-as-salam/1618184723?i=1618185294&uo=4
UNIC,"Unic Greatest Hits (feat. Simfoni, Amer Al Mawlid, Imam Muda 3, Fadzli Far East, Raqib Majid & Imam Muda Nazrul)",Seiring Sehaluan,2015,Pop,https://music.apple.com/my/album/seiring-sehaluan/1618327093?i=1618327495&uo=4
UNIC,Nasyid-Nasyid Viral (Kompilasi Terbaik Unicdotmy Pro),Selawat Syifa',2016,Worldwide,https://music.apple.com/my/album/selawat-syifa/1618617110?i=1618617709&uo=4
UNIC & Ustaz Syed Abd Kadir Aljoofre,Zikir Munajat,Zikir Astaghfirullah,2016,R&B/Soul,https://music.apple.com/my/album/zikir-astaghfirullah/1618184723?i=1618185401&uo=4
UNIC,"Unic Greatest Hits (feat. Simfoni, Amer Al Mawlid, Imam Muda 3, Fadzli Far East, Raqib Majid & Imam Muda Nazrul)",Syamail Muhammadiah,2015,Pop,https://music.apple.com/my/album/syamail-muhammadiah/1618327093?i=1618327101&uo=4
REUNIC,"Bertemu Semula (feat. Unic, Hafiz Hamidun, Fitri Haris & Fadzli Aziz) - Single","Bertemu Semula (feat. Unic, Hafiz Hamidun, Fitri Haris & Fadzli Aziz)",2017,Pop,https://music.apple.com/my/album/bertemu-semula-feat-unic-hafiz-hamidun-fitri-haris/1231324961?i=1231324968&uo=4
UNIC,Na-Ae Sarang (Korean) - Single,Na-Ae Sarang (Korean),2019,Adult Contemporary,https://music.apple.com/my/album/na-ae-sarang-korean/1489305682?i=1489305693&uo=4
UNIC & Ustaz Syed Abd Kadir Aljoofre,Zikir Munajat,Zikir Hasbi Rabbi,2016,R&B/Soul,https://music.apple.com/my/album/zikir-hasbi-rabbi/1618184723?i=1618185095&uo=4
UNIC,See You Di IPT,See You Di IPT,2014,Pop,https://music.apple.com/my/album/see-you-di-ipt/1442388044?i=1442388162&uo=4
Bazli Unic,Selawat 1000 kali,Selawat Nuril Anwar,2022,Relaxation,https://music.apple.com/my/album/selawat-nuril-anwar/1613882186?i=1613882562&uo=4
Bazli Unic,Selawat 1000 kali,Selawat Azimiyah,2022,Relaxation,https://music.apple.com/my/album/selawat-azimiyah/1613882186?i=1613882567&uo=4
UNIC,"Doa (feat. Ustaz Syed, Abdul Kadir & AlJoofre)","Doa Robithoh (feat. Ustaz Syed, Abdul Kadir & AlJoofre)",2013,Worldwide,https://music.apple.com/my/album/doa-robithoh-feat-ustaz-syed-abdul-kadir-aljoofre/1566929314?i=1566930216&uo=4
UNIC & Ustaz Syed Abd Kadir Aljoofre,Zikir Munajat,Wirid Selepas Solat,2016,R&B/Soul,https://music.apple.com/my/album/wirid-selepas-solat/1618184723?i=1618185088&uo=4
Ustaz Fakhrul Unic,Surah-Surah Amalan Mukmin,Surah Ar-Rahman,2017,Easy Listening,https://music.apple.com/my/album/surah-ar-rahman/1618617145?i=1618617155&uo=4
Fakhrul Unic,Surah-Surah Amalan Mukmin,Surah Al-Waqiah,2017,Easy Listening,https://music.apple.com/my/album/surah-al-waqiah/1566897384?i=1566897807&uo=4
Bazli Unic,Doa 1000 kali,Doa Penyembuh Segala Penyakit,2022,Worldwide,https://music.apple.com/my/album/doa-penyembuh-segala-penyakit/1619007666?i=1619008007&uo=4
Bazli Unic,Selawat 1000 kali,Selawat Asyghil,2022,Relaxation,https://music.apple.com/my/album/selawat-asyghil/1613882186?i=1613882837&uo=4
UNIC,Langkah Tercipta,Mahligai Kasih,2015,Pop,https://music.apple.com/my/album/mahligai-kasih/1442803226?i=1442803934&uo=4
UNIC,Satu Tekad,Satu Tekad,2006,Pop,https://music.apple.com/my/album/satu-tekad/1442800328?i=1442800454&uo=4
UNIC,Nasyid-Nasyid Viral (Kompilasi Terbaik Unicdotmy Pro),Syamail Muhammadiah 2017,2016,Worldwide,https://music.apple.com/my/album/syamail-muhammadiah-2017/1618617110?i=1618617111&uo=4
Bazli Unic,Selawat 1000 kali,Selawat Ibrahimiyah,2022,Relaxation,https://music.apple.com/my/album/selawat-ibrahimiyah/1613882186?i=1613882578&uo=4
UNIC,JOM SOLAT (feat. Aniq Muhai & Naufal Isa) - Single,JOM SOLAT (feat. Aniq Muhai & Naufal Isa),2025,Worldwide,https://music.apple.com/my/album/jom-solat-feat-aniq-muhai-naufal-isa/1797504584?i=1797504588&uo=4
UNIC,"See You Di Ipt The Musical, Vol.1 (Live at CONCERT REUNIC THE FINALE)",Bintang Syurga (feat. Fadzli Aziz & Imam Muda Najdi),2023,Worldwide,https://music.apple.com/my/album/bintang-syurga-feat-fadzli-aziz-imam-muda-najdi/1687032107?i=1687032272&uo=4
Ustaz Fakhrul Unic,Surah-Surah Amalan Mukmin,Surah Yasiin,2017,Easy Listening,https://music.apple.com/my/album/surah-yasiin/1618617145?i=1618617148&uo=4
Ustaz Fakhrul Unic,Surah-Surah Amalan Mukmin,Surah Al-Fatihah,2017,Easy Listening,https://music.apple.com/my/album/surah-al-fatihah/1618617145?i=1618617146&uo=4
UNIC,Tika Itu,Kau Kawan Sahabat Dan Teman,2015,Pop,https://music.apple.com/my/album/kau-kawan-sahabat-dan-teman/1442346546?i=1442346792&uo=4
UNIC,"Doa (feat. Ustaz Syed, Abdul Kadir & AlJoofre)","Ya Hanana (feat. Ustaz Syed, Abdul Kadir & AlJoofre)",2013,Worldwide,https://music.apple.com/my/album/ya-hanana-feat-ustaz-syed-abdul-kadir-aljoofre/1566929314?i=1566930488&uo=4
UNIC,Sedar (feat. Caprice) - EP,Sedar (feat. Caprice),2017,Pop,https://music.apple.com/my/album/sedar-feat-caprice/1313264053?i=1313264070&uo=4
UNIC,See You Di IPT,Remaja,2006,Pop,https://music.apple.com/my/album/remaja/1442388044?i=1442388066&uo=4
Bazli Unic,Selawat 1000 kali,Selawat Dawam,2022,Relaxation,https://music.apple.com/my/album/selawat-dawam/1613882186?i=1613882574&uo=4
Bazli Unic,Selawat 1000 kali,Selawat Ya Robbi Solli,2022,Relaxation,https://music.apple.com/my/album/selawat-ya-robbi-solli/1613882186?i=1613882827&uo=4
UNIC,"Doa (feat. Ustaz Syed, Abdul Kadir & AlJoofre)","Doa Taubat (feat. Ustaz Syed, Abdul Kadir & AlJoofre)",2013,Worldwide,https://music.apple.com/my/album/doa-taubat-feat-ustaz-syed-abdul-kadir-aljoofre/1566929314?i=1566930218&uo=4
Bazli Unic,Zikir 1000 kali,Allahul Kafi,2022,Worldwide,https://music.apple.com/my/album/allahul-kafi/1614962827?i=1614962854&uo=4
UNIC,"Doa (feat. Ustaz Syed, Abdul Kadir & AlJoofre)","Doa Tahajjud (feat. Ustaz Syed, Abdul Kadir & AlJoofre)",2013,Worldwide,https://music.apple.com/my/album/doa-tahajjud-feat-ustaz-syed-abdul-kadir-aljoofre/1566929314?i=1566930244&uo=4
UNIC,Satu Tekad,Erti Syukur,2014,Pop,https://music.apple.com/my/album/erti-syukur/1442800328?i=1442800474&uo=4
UNIC & Ustaz Elyas Ismail,Nasyid-Nasyid Viral (Kompilasi Terbaik Unicdotmy Pro),Hitam Putih,2016,Worldwide,https://music.apple.com/my/album/hitam-putih/1618617110?i=1618617445&uo=4
Bazli Unic,Zikir 1000 kali,Istighfar Kabir,2022,Worldwide,https://music.apple.com/my/album/istighfar-kabir/1614962827?i=1614963393&uo=4
UNIC,Langkah Tercipta,Langkah Tercipta,2014,Pop,https://music.apple.com/my/album/langkah-tercipta/1442803226?i=1442804665&uo=4
Bazli Unic,Selawat 1000 kali,Selawat Munjiyat,2022,Relaxation,https://music.apple.com/my/album/selawat-munjiyat/1613882186?i=1613882847&uo=4
Zizi Kirana & UNIC,Purnama - Single,Purnama,2020,Pop,https://music.apple.com/my/album/purnama/1618211717?i=1618211723&uo=4
Ustaz Fakhrul Unic,Surah-Surah Amalan Mukmin,Surah as-Sajdah,2017,Easy Listening,https://music.apple.com/my/album/surah-as-sajdah/1618617145?i=1618617147&uo=4
"REUNIC, Fadzli Aziz, Afendi & UNIC",Sebuah Pertemuan 2.0 - EP,Sebuah Pertemuan 2.0,2022,Worldwide,https://music.apple.com/my/album/sebuah-pertemuan-2-0/1644273518?i=1644273856&uo=4
UNIC,Tika Itu,Mencari Yang Maha Satu,2015,Pop,https://music.apple.com/my/album/mencari-yang-maha-satu/1442346546?i=1442346681&uo=4
UNIC,"Doa (feat. Ustaz Syed, Abdul Kadir & AlJoofre)","Doa Menghindar Daripada Kufur, Faqir & Azab (feat. Ustaz Syed, Abdul Kadir & AlJoofre)",2013,Worldwide,https://music.apple.com/my/album/doa-menghindar-daripada-kufur-faqir-azab-feat-ustaz/1566929314?i=1566929909&uo=4
UNIC & Ustaz Syed Abd Kadir Aljoofre,Zikir Munajat,Hadis Istighfar,2016,R&B/Soul,https://music.apple.com/my/album/hadis-istighfar/1618184723?i=1618185070&uo=4
Bazli Unic,Zikir 1000 kali,Hasbunallah,2022,Worldwide,https://music.apple.com/my/album/hasbunallah/1614962827?i=1614963091&uo=4
UNIC & Imam Muda 3,Nasyid-Nasyid Viral (Kompilasi Terbaik Unicdotmy Pro),Ikramul Kareem,2016,Worldwide,https://music.apple.com/my/album/ikramul-kareem/1618617110?i=1618617700&uo=4
UNIC & Ustaz Syed Abd Kadir Aljoofre,Zikir Munajat,Zikir Kalimatan,2016,R&B/Soul,https://music.apple.com/my/album/zikir-kalimatan/1618184723?i=1618185300&uo=4
UNIC & Ustaz Syed Abd Kadir Aljoofre,Zikir Munajat,Hadis La Ilaha Illa Allah,2016,R&B/Soul,https://music.apple.com/my/album/hadis-la-ilaha-illa-allah/1618184723?i=1618185086&uo=4
Bazli Unic,Zikir 1000 kali,Nabi Yunus Dikabul Segala Hajat,2022,Worldwide,https://music.apple.com/my/album/nabi-yunus-dikabul-segala-hajat/1614962827?i=1614963689&uo=4
Aeman & UNIC,Nur Kasih,Tabur Jasa Semai Budi,2015,Pop,https://music.apple.com/my/album/tabur-jasa-semai-budi/1442423261?i=1442423269&uo=4
UNIC,"Unic Greatest Hits (feat. Simfoni, Amer Al Mawlid, Imam Muda 3, Fadzli Far East, Raqib Majid & Imam Muda Nazrul)",Menuju Wawasan,2015,Pop,https://music.apple.com/my/album/menuju-wawasan/1618327093?i=1618327483&uo=4
UNIC & Imam Muda Nazrul,Nasyid-Nasyid Viral (Kompilasi Terbaik Unicdotmy Pro),Warkah Cinta,2016,Worldwide,https://music.apple.com/my/album/warkah-cinta/1618617110?i=1618617712&uo=4
UNIC & Ustaz Syed Abd Kadir Aljoofre,Zikir Munajat,As Solawatu,2016,R&B/Soul,https://music.apple.com/my/album/as-solawatu/1618184723?i=1618185282&uo=4
Ustaz Fakhrul Unic,Surah-Surah Amalan Mukmin,Surah Al-Insan,2017,Easy Listening,https://music.apple.com/my/album/surah-al-insan/1618617145?i=1618617554&uo=4
Bazli Unic,Selawat 1000 kali,Selawat Thobibiyah,2022,Relaxation,https://music.apple.com/my/album/selawat-thobibiyah/1613882186?i=1613882850&uo=4
"UNIC, Hazamin Inteam, Hafiz Hamidun & Suhaimi Saad",Nasyid-Nasyid Viral (Kompilasi Terbaik Unicdotmy Pro),Kita da'i,2016,Worldwide,https://music.apple.com/my/album/kita-dai/1618617110?i=1618617880&uo=4
UNIC & Ustaz Syed Abd Kadir Aljoofre,Zikir Munajat,Ingat Allah Hati Kan Tenang,2016,R&B/Soul,https://music.apple.com/my/album/ingat-allah-hati-kan-tenang/1618184723?i=1618185091&uo=4
UNIC,Langkah Tercipta,Hanyut,2015,Pop,https://music.apple.com/my/album/hanyut/1442803226?i=1442804658&uo=4
UNIC,Tika Itu,Aisya Humaira,2015,Pop,https://music.apple.com/my/album/aisya-humaira/1442346546?i=1442346802&uo=4
UNIC,Langkah Tercipta,Jalan Pulangku,2015,Pop,https://music.apple.com/my/album/jalan-pulangku/1442803226?i=1442803554&uo=4
UNIC,LAFAZ YANG TERSIMPAN 2.0 - Single,LAFAZ YANG TERSIMPAN 2.0,2023,Worldwide,https://music.apple.com/my/album/lafaz-yang-tersimpan-2-0/1714446743?i=1714446757&uo=4
UNIC,Na-Ae Sarang (Mahligai Kasih) - Single,Na-Ae Sarang (Mahligai Kasih),2019,Pop,https://music.apple.com/my/album/na-ae-sarang-mahligai-kasih/1486159646?i=1486159899&uo=4
UNIC,"See You Di Ipt The Musical, Vol.1 (Live at CONCERT REUNIC THE FINALE)",Lafaz Yang Tersimpan (feat. Fadzli Aziz),2023,Worldwide,https://music.apple.com/my/album/lafaz-yang-tersimpan-feat-fadzli-aziz/1687032107?i=1687032128&uo=4
Bazli Unic,Zikir 1000 kali,Istighfar Di Bulan Rejab,2022,Worldwide,https://music.apple.com/my/album/istighfar-di-bulan-rejab/1614962827?i=1614963388&uo=4
Bazli Unic,Zikir 1000 kali,Bismillah 5 Menghindar Santau & Sihir,2022,Worldwide,https://music.apple.com/my/album/bismillah-5-menghindar-santau-sihir/1614962827?i=1614963391&uo=4
UNIC,Selawat Relaksasi,Selawat Dilapangkan Fikiran,2013,Worldwide,https://music.apple.com/my/album/selawat-dilapangkan-fikiran/1566896935?i=1566897386&uo=4
UNIC,Langkah Tercipta,Bicara Tentang Cinta,2015,Pop,https://music.apple.com/my/album/bicara-tentang-cinta/1442803226?i=1442803695&uo=4
"UNIC, Hafiz Hamidun, Fitri Haris & Fadzli Aziz",Bertemu Semula - Single,Bertemu Semula,2017,R&B/Soul,https://music.apple.com/my/album/bertemu-semula/1618211772?i=1618211781&uo=4
UNIC,Langkah Tercipta,Ke Makam Bonda,2014,Pop,https://music.apple.com/my/album/ke-makam-bonda/1442803226?i=1442804100&uo=4
Aniq Muhai & UNIC,Sirih Pulang Ke Gagang - Single,Sirih Pulang Ke Gagang,2023,Indonesian Religious,https://music.apple.com/my/album/sirih-pulang-ke-gagang/1696162560?i=1696162817&uo=4
UNIC,"Doa (feat. Ustaz Syed, Abdul Kadir & AlJoofre)","Allah Maha Memberi Rezeki (feat. Ustaz Syed, Abdul Kadir & AlJoofre)",2013,Worldwide,https://music.apple.com/my/album/allah-maha-memberi-rezeki-feat-ustaz-syed-abdul-kadir/1566929314?i=1566929888&uo=4
UNIC,"Doa (feat. Ustaz Syed, Abdul Kadir & AlJoofre)","Pilihan Terbaik (feat. Ustaz Syed, Abdul Kadir & AlJoofre)",2013,Worldwide,https://music.apple.com/my/album/pilihan-terbaik-feat-ustaz-syed-abdul-kadir-aljoofre/1566929314?i=1566929895&uo=4
UNIC & Ustaz Syed Abd Kadir Aljoofre,Zikir Munajat,Kisah Allah Berbangga Dengan Kumpulan Zikir,2016,R&B/Soul,https://music.apple.com/my/album/kisah-allah-berbangga-dengan-kumpulan-zikir/1618184723?i=1618185277&uo=4
Ustaz Abdullah Khairi & Fakhrul Unic,Hidayah Milik Allah (feat. Unic),Zikir Subhanallah,2016,R&B/Soul,https://music.apple.com/my/album/zikir-subhanallah/1618326983?i=1618327267&uo=4
UNIC,"Doa (feat. Ustaz Syed, Abdul Kadir & AlJoofre)","Surah Ghafir Ayat 60 (feat. Ustaz Syed, Abdul Kadir & AlJoofre)",2013,Worldwide,https://music.apple.com/my/album/surah-ghafir-ayat-60-feat-ustaz-syed-abdul-kadir-aljoofre/1566929314?i=1566929902&uo=4
UNIC,"Doa (feat. Ustaz Syed, Abdul Kadir & AlJoofre)","Satukan Hati (feat. Ustaz Syed, Abdul Kadir & AlJoofre)",2013,Worldwide,https://music.apple.com/my/album/satukan-hati-feat-ustaz-syed-abdul-kadir-aljoofre/1566929314?i=1566929912&uo=4
UNIC,Satu Tekad,Antara Dua Kasih,2015,Pop,https://music.apple.com/my/album/antara-dua-kasih/1442800328?i=1442800465&uo=4
In Team & UNIC,Semulia Ramadhan Seindah Lebaran,Kemuliaan Ramadhan,2015,Pop,https://music.apple.com/my/album/kemuliaan-ramadhan/1442798159?i=1442798239&uo=4
UNIC,"Doa (feat. Ustaz Syed, Abdul Kadir & AlJoofre)","Surah an-Naml Ayat 62 (feat. Ustaz Syed, Abdul Kadir & AlJoofre)",2013,Worldwide,https://music.apple.com/my/album/surah-an-naml-ayat-62-feat-ustaz-syed-abdul-kadir-aljoofre/1566929314?i=1566929886&uo=4
UNIC,Lafaz Yang Tersimpan (feat. Fitri Haris & Aniq Muhai) [Acoustic 2021] - Single,Lafaz Yang Tersimpan (feat. Fitri Haris & Aniq Muhai) [Acoustic 2021],2021,Pop,https://music.apple.com/my/album/lafaz-yang-tersimpan-feat-fitri-haris-aniq-muhai-acoustic/1566896421?i=1566896564&uo=4
UNIC,"Doa (feat. Ustaz Syed, Abdul Kadir & AlJoofre)","Allah Maha Pengampun (feat. Ustaz Syed, Abdul Kadir & AlJoofre)",2013,Worldwide,https://music.apple.com/my/album/allah-maha-pengampun-feat-ustaz-syed-abdul-kadir-aljoofre/1566929314?i=1566930231&uo=4
UNIC,"Doa (feat. Ustaz Syed, Abdul Kadir & AlJoofre)","Surah Al-Baqarah Ayat 186 (feat. Ustaz Syed, Abdul Kadir & AlJoofre)",2013,Worldwide,https://music.apple.com/my/album/surah-al-baqarah-ayat-186-feat-ustaz-syed-abdul-kadir/1566929314?i=1566930236&uo=4
UNIC,Selawat Relaksasi,Selawat Dimurahkan Rezeki,2013,Worldwide,https://music.apple.com/my/album/selawat-dimurahkan-rezeki/1566896935?i=1566897367&uo=4
UNIC & Ustaz Syed Abd Kadir Aljoofre,Zikir Munajat,Hakikat,2016,R&B/Soul,https://music.apple.com/my/album/hakikat/1618184723?i=1618185419&uo=4
UNIC & Ustaz Syed Abd Kadir Aljoofre,Zikir Munajat,Kisah Hati Yang Sejahtera,2016,R&B/Soul,https://music.apple.com/my/album/kisah-hati-yang-sejahtera/1618184723?i=1618185287&uo=4
UNIC & Ustaz Syed Abd Kadir Aljoofre,Zikir Munajat,Ringan Di Lidah Berat Pada Timbangan,2016,R&B/Soul,https://music.apple.com/my/album/ringan-di-lidah-berat-pada-timbangan/1618184723?i=1618185297&uo=4
UNIC,Satu Tekad,Cahaya Cinta,2015,Pop,https://music.apple.com/my/album/cahaya-cinta/1442800328?i=1442800460&uo=4
UNIC,BINTANG SYURGA - Single,BINTANG SYURGA,2024,Pop,https://music.apple.com/my/album/bintang-syurga/1762631490?i=1762631494&uo=4
UNIC,"Doa (feat. Ustaz Syed, Abdul Kadir & AlJoofre)","Ikramul Kareem (feat. Ustaz Syed, Abdul Kadir & AlJoofre)",2013,Worldwide,https://music.apple.com/my/album/ikramul-kareem-feat-ustaz-syed-abdul-kadir-aljoofre/1566929314?i=1566930490&uo=4
UNIC,"Doa (feat. Ustaz Syed, Abdul Kadir & AlJoofre)","Kemenangan Islam (feat. Ustaz Syed, Abdul Kadir & AlJoofre)",2013,Worldwide,https://music.apple.com/my/album/kemenangan-islam-feat-ustaz-syed-abdul-kadir-aljoofre/1566929314?i=1566930221&uo=4
Fakhrul Unic,Surah-Surah Amalan Mukmin,Surah Al-Mulk,2017,Easy Listening,https://music.apple.com/my/album/surah-al-mulk/1566897384?i=1566898120&uo=4
UNIC,Nur Kasih,Kawan,2015,Pop,https://music.apple.com/my/album/kawan/1442423261?i=1442423921&uo=4
UNIC,Selawat Relaksasi,Selawat Kekuatan Rohani,2013,Worldwide,https://music.apple.com/my/album/selawat-kekuatan-rohani/1566896935?i=1566897117&uo=4
Ustaz Fakhrul Unic,Cahaya Petunjuk Rahmat,Surah Al-A'raf : 175 (Mujawwad),2022,Worldwide,https://music.apple.com/my/album/surah-al-araf-175-mujawwad/1618986434?i=1618986444&uo=4
UNIC,Selawat Relaksasi,Relaksasi Fatih,2013,Worldwide,https://music.apple.com/my/album/relaksasi-fatih/1566896935?i=1566897106&uo=4
UNIC & Ustaz Syed Abd Kadir Aljoofre,Zikir Munajat,Susahnya Nak Berubah,2016,R&B/Soul,https://music.apple.com/my/album/susahnya-nak-berubah/1618184723?i=1618185397&uo=4
A.N.A The Rayhan,Hari Raya Gembira - Single,Hari Raya Gembira,2026,Asia,https://music.apple.com/my/album/hari-raya-gembira/1885870428?i=1885870433&uo=4
A.N.A The Rayhan,Ramadan Kunjung Lagi - Single,Ramadan Kunjung Lagi,2026,Indonesian Religious,https://music.apple.com/my/album/ramadan-kunjung-lagi/1881663733?i=1881663738&uo=4
A.N.A The Rayhan,Syukur Di Hari Raya - Single,Syukur Di Hari Raya,2026,Asia,https://music.apple.com/my/album/syukur-di-hari-raya/1885228966?i=1885228967&uo=4
AEYDAN,Purnama - Single,Purnama,2025,Pop,https://music.apple.com/my/album/purnama/1792422658?i=1792422663&uo=4
AEYDAN,Syawal Indah Bersama - Single,Syawal Indah Bersama,2026,Worldwide,https://music.apple.com/my/album/syawal-indah-bersama/1885577749?i=1885578071&uo=4
AEYDAN,Bintang - Single,Bintang,2023,Malaysian Pop,https://music.apple.com/my/album/bintang/6770056735?i=6770056738&uo=4
Aeydan,Konsert Nasyid Legenda,Munajat,2023,Asia,https://music.apple.com/my/album/munajat/1699883943?i=1699885166&uo=4
Mahabbah D Itqan & AEYDAN,Ku Rindu Haramain - Single,Ku Rindu Haramain,2026,Worldwide,https://music.apple.com/my/album/ku-rindu-haramain/6789702844?i=6789702845&uo=4
Hazamin Inteam & Azwan Far East,Takbir Hari Raya - EP,Takbir Hari Raya,2026,Islamic,https://music.apple.com/my/album/takbir-hari-raya/1885862256?i=1885862262&uo=4
Adikku Sayang,Nasyid-Nasyid Asas Islami,Bulan-Bulan Islam,2006,Worldwide,https://music.apple.com/my/album/bulan-bulan-islam/1093161209?i=1093161939&uo=4
Adikku Sayang,Nasyid-Nasyid Asas Islami,Adikku Sayang (feat. Amin Inteam),2006,Worldwide,https://music.apple.com/my/album/adikku-sayang-feat-amin-inteam/1093161209?i=1093161419&uo=4
Adikku Sayang,"Nasyid Hits, Koleksi 15 Lagu Nasyid Hits",Senandung Anak Pejuang (feat. Syahril Inteam),2008,Asia,https://music.apple.com/my/album/senandung-anak-pejuang-feat-syahril-inteam/1249259098?i=1249259580&uo=4
Adikku Sayang,Nasyid-Nasyid Asas Islami,Sifat 20,2006,Worldwide,https://music.apple.com/my/album/sifat-20/1093161209?i=1093162129&uo=4
Adikku Sayang,"Nasyid Hits, Koleksi 15 Lagu Nasyid Hits",Zikir Fikir,2008,Asia,https://music.apple.com/my/album/zikir-fikir/1249259098?i=1249259518&uo=4
Adikku Sayang,Nasyid-Nasyid Asas Islami,10 Malaikat,2006,Worldwide,https://music.apple.com/my/album/10-malaikat/1093161209?i=1093162122&uo=4
Adikku Sayang,"Nasyid Hits, Koleksi 15 Lagu Nasyid Hits",Rasul Junjungan,2008,Asia,https://music.apple.com/my/album/rasul-junjungan/1249259098?i=1249259633&uo=4
Adikku Sayang,Nasyid-Nasyid Asas Islami,25 Rasul,2006,Worldwide,https://music.apple.com/my/album/25-rasul/1093161209?i=1093162435&uo=4
Adikku Sayang,Adikku Sayang,Suwaru Fil Quran,2006,Pop,https://music.apple.com/my/album/suwaru-fil-quran/725016468?i=725016515&uo=4
Adikku Sayang,Nasyid-Nasyid Asas Islami,Asmaul Husna,2006,Worldwide,https://music.apple.com/my/album/asmaul-husna/1093161209?i=1093162131&uo=4
Adikku Sayang,Adikku Sayang,Adikku Sayang feat. Amin In Team,2006,Pop,https://music.apple.com/my/album/adikku-sayang-feat-amin-in-team/725016468?i=725016489&uo=4
Adikku Sayang,Nasyid-Nasyid Asas Islami,Rukun Kita,2006,Worldwide,https://music.apple.com/my/album/rukun-kita/1093161209?i=1093162137&uo=4
Adikku Sayang,Nasyid-Nasyid Asas Islami,Doa Tilawah,2006,Worldwide,https://music.apple.com/my/album/doa-tilawah/1093161209?i=1093162441&uo=4
Adikku Sayang,Nasyid-Nasyid Asas Islami,Mari Bersolat,2006,Worldwide,https://music.apple.com/my/album/mari-bersolat/1093161209?i=1093162451&uo=4
Adikku Sayang,Zikir Fikir,Al Husaini,2008,Asia,https://music.apple.com/my/album/al-husaini/1104204825?i=1104204969&uo=4
Adikku Sayang,Zikir Fikir,"1, 2, 3 Sayang (feat. Nazrey Johani)",2008,Asia,https://music.apple.com/my/album/1-2-3-sayang-feat-nazrey-johani/1104204825?i=1104205096&uo=4
Adikku Sayang,Zikir Fikir,Guru Insan Mulia,2008,Asia,https://music.apple.com/my/album/guru-insan-mulia/1104204825?i=1104205097&uo=4
Adikku Sayang,Zikir Fikir,Kasihnya Ibu,2008,Asia,https://music.apple.com/my/album/kasihnya-ibu/1104204825?i=1104205091&uo=4
Adikku Sayang,Zikir Fikir,Solatullah,2008,Asia,https://music.apple.com/my/album/solatullah/1104204825?i=1104205101&uo=4
Adikku Sayang,Zikir Fikir,Indahnya Alam,2008,Asia,https://music.apple.com/my/album/indahnya-alam/1104204825?i=1104205094&uo=4
Adikku Sayang,Zikir Fikir,Asma'ul Ambiya',2008,Asia,https://music.apple.com/my/album/asmaul-ambiya/1104204825?i=1104205102&uo=4
Akhil Hayy,"Nasyid Lagenda, Vol. 1 (Koleksi Nasyid Nostalgia)",Selimut Putih,2006,Worldwide,https://music.apple.com/my/album/selimut-putih/1091688239?i=1091688946&uo=4
Akhil Hayy,"Nasyid Lagenda, Vol. 1 (Koleksi Nasyid Nostalgia)",Kembara Di Tanah Gersang,2006,Worldwide,https://music.apple.com/my/album/kembara-di-tanah-gersang/1091688239?i=1091688846&uo=4
Akhil Hayy,Ighfir Zunubi (feat. Mawi) - Single,Ighfir Zunubi (feat. Mawi),2019,Worldwide,https://music.apple.com/my/album/ighfir-zunubi-feat-mawi/1484623071?i=1484623072&uo=4
"Akhil Hayy, In Team & Far East","Selamat Hari Raya Aidilfitri (Alunan Nasyid, Qasidah & Takbir Raya)",Takbir Raya,2008,Worldwide,https://music.apple.com/my/album/takbir-raya/1114687628?i=1114687971&uo=4
Akhil Hayy,Di Bawah Satu Cahaya,Berita Kepada Kawan,2007,Worldwide,https://music.apple.com/my/album/berita-kepada-kawan/1091474897?i=1091475123&uo=4
Akhil Hayy,"Nasyid Lagenda, Vol. 1 (Koleksi Nasyid Nostalgia)",Seroja,2006,Worldwide,https://music.apple.com/my/album/seroja/1091688239?i=1091688944&uo=4
Akhil Hayy,16 Selawat Sepanjang Zaman,Selawat Junjungan,2016,Worldwide,https://music.apple.com/my/album/selawat-junjungan/1188547161?i=1188547485&uo=4
Akhil Hayy,"Nasyid Hits, Koleksi 15 Lagu Nasyid Hits",Menangis,2010,Worldwide,https://music.apple.com/my/album/menangis/1249259098?i=1249259641&uo=4
Akhil Hayy,Di Bawah Satu Cahaya,Ku Takkan Berpaling,2007,Worldwide,https://music.apple.com/my/album/ku-takkan-berpaling/1091474897?i=1091475115&uo=4
"Akhil Hayy, In Team & FarEast",Nasyid Hits 1428H: Salamun Salam,Salamun Salam,2008,Worldwide,https://music.apple.com/my/album/salamun-salam/1124299894?i=1124300280&uo=4
Akhil Hayy,Di Bawah Satu Cahaya,Ikhlas Dariku,2007,Worldwide,https://music.apple.com/my/album/ikhlas-dariku/1091474897?i=1091475127&uo=4
Akhil Hayy,Di Bawah Satu Cahaya,"Di Bawah Satu Cahaya (feat. Salleh Brothers, Amir Pearl & Azahari Nowseeheart)",2007,Worldwide,https://music.apple.com/my/album/di-bawah-satu-cahaya-feat-salleh-brothers-amir-pearl/1091474897?i=1091475114&uo=4
Akhil Hayy,"Nasyid Lagenda, Vol. 1 (Koleksi Nasyid Nostalgia)",Perjalanan 2 (feat. Inteam),2006,Worldwide,https://music.apple.com/my/album/perjalanan-2-feat-inteam/1091688239?i=1091688943&uo=4
Akhil Hayy,"Nasyid Lagenda, Vol. 1 (Koleksi Nasyid Nostalgia)",Perjalanan,2006,Worldwide,https://music.apple.com/my/album/perjalanan/1091688239?i=1091688947&uo=4
"In Team, FarEast & Akhil Hayy",Tahmid Lebaran,Takbir Raya,2008,Asia,https://music.apple.com/my/album/takbir-raya/1124993043?i=1124993712&uo=4
Akhil Hayy,"Nasyid Lagenda, Vol. 1 (Koleksi Nasyid Nostalgia)",Tiada Yang Kekal Melainkan Allah,2006,Worldwide,https://music.apple.com/my/album/tiada-yang-kekal-melainkan-allah/1091688239?i=1091688945&uo=4
Akhil Hayy,Di Bawah Satu Cahaya,Doaku,2007,Worldwide,https://music.apple.com/my/album/doaku/1091474897?i=1091475124&uo=4
Akhil Hayy,"Nasyid Lagenda, Vol. 1 (Koleksi Nasyid Nostalgia)",Iradat Tuhan,2006,Worldwide,https://music.apple.com/my/album/iradat-tuhan/1091688239?i=1091688824&uo=4
Akhil Hayy,Rintihan Taubat,Taubat,2013,Worldwide,https://music.apple.com/my/album/taubat/1249258907?i=1249259659&uo=4
Akhil Hayy,"Nasyid Lagenda, Vol. 2 (Koleksi Nasyid Nostalgia)",Adam Dan Hawa,2008,Worldwide,https://music.apple.com/my/album/adam-dan-hawa/1091687057?i=1091687539&uo=4
Akhil Hayy,Di Bawah Satu Cahaya,Farshi Turab,2007,Worldwide,https://music.apple.com/my/album/farshi-turab/1091474897?i=1091474963&uo=4
Akhil Hayy,Di Bawah Satu Cahaya,Tolonglah Kami (feat. Faris Adikku Sayang),2007,Worldwide,https://music.apple.com/my/album/tolonglah-kami-feat-faris-adikku-sayang/1091474897?i=1091475128&uo=4
Ustaz Akhil Hayy,"Kembara Sufi (Alunan Zikir, Selawat & Doa)",Hasbi Rabbi 1,2007,Arabic,https://music.apple.com/my/album/hasbi-rabbi-1/1104183724?i=1104184438&uo=4
Akhil Hayy,"Nasyid Lagenda, Vol. 1 (Koleksi Nasyid Nostalgia)",Doa Restu,2006,Worldwide,https://music.apple.com/my/album/doa-restu/1091688239?i=1091688953&uo=4
Akhil Hayy & Shahir,Konsert Nasyid Legenda,Selimut Putih,2023,Asia,https://music.apple.com/my/album/selimut-putih/1699883943?i=1699884181&uo=4
Akhil Hayy,"Nasyid Lagenda, Vol. 2 (Koleksi Nasyid Nostalgia)",Haji,2008,Worldwide,https://music.apple.com/my/album/haji/1091687057?i=1091687624&uo=4
Akhil Hayy,"Nasyid Lagenda, Vol. 2 (Koleksi Nasyid Nostalgia)",Hidup Yang Hampa,2008,Worldwide,https://music.apple.com/my/album/hidup-yang-hampa/1091687057?i=1091687626&uo=4
Akhil Hayy,Di Bawah Satu Cahaya,Nawaitu,2007,Worldwide,https://music.apple.com/my/album/nawaitu/1091474897?i=1091475119&uo=4
Ustaz Akhil Hayy,"Kembara Sufi (Alunan Zikir, Selawat & Doa)",Ya Dzal Jalal,2007,Arabic,https://music.apple.com/my/album/ya-dzal-jalal/1104183724?i=1104184651&uo=4
Akhil Hayy,Di Bawah Satu Cahaya,Tangan-Tangan Amal,2007,Worldwide,https://music.apple.com/my/album/tangan-tangan-amal/1091474897?i=1091475125&uo=4
Akhil Hayy,Di Bawah Satu Cahaya,Madah Muqaddimah,2007,Worldwide,https://music.apple.com/my/album/madah-muqaddimah/1091474897?i=1091474961&uo=4
Akhil Hayy & In Team,Konsert Nasyid Legenda,Medley Perjalanan,2023,Asia,https://music.apple.com/my/album/medley-perjalanan/1699883943?i=1699884127&uo=4
Akhil Hayy,"Nasyid Lagenda, Vol. 2 (Koleksi Nasyid Nostalgia)",Syuhada',2008,Worldwide,https://music.apple.com/my/album/syuhada/1091687057?i=1091687650&uo=4
Akhil Hayy,Syahadah - Single,Syahadah,2016,Worldwide,https://music.apple.com/my/album/syahadah/1331496294?i=1331497184&uo=4
Akhil Hayy,"Nasyid Lagenda, Vol. 2 (Koleksi Nasyid Nostalgia)",Berita Gembira,2008,Worldwide,https://music.apple.com/my/album/berita-gembira/1091687057?i=1091687060&uo=4
Akhil Hayy,"Nasyid Lagenda, Vol. 2 (Koleksi Nasyid Nostalgia)",Anak Derhaka,2008,Worldwide,https://music.apple.com/my/album/anak-derhaka/1091687057?i=1091687074&uo=4
Akhil Hayy,"Nasyid Lagenda, Vol. 2 (Koleksi Nasyid Nostalgia)",Dikit Sedikit,2008,Worldwide,https://music.apple.com/my/album/dikit-sedikit/1091687057?i=1091687618&uo=4
Ustaz Akhil Hayy,"Kembara Sufi (Alunan Zikir, Selawat & Doa)",Solatullah Salamullah,2007,Arabic,https://music.apple.com/my/album/solatullah-salamullah/1104183724?i=1104184648&uo=4
Akhil Hayy,"Nasyid Lagenda, Vol. 2 (Koleksi Nasyid Nostalgia)",Warna Alam,2008,Worldwide,https://music.apple.com/my/album/warna-alam/1091687057?i=1091687622&uo=4
Akhil Hayy,"Nasyid Lagenda, Vol. 2 (Koleksi Nasyid Nostalgia)",Hawa Nafsu,2008,Worldwide,https://music.apple.com/my/album/hawa-nafsu/1091687057?i=1091687630&uo=4
Akhil Hayy,"Nasyid Lagenda, Vol. 2 (Koleksi Nasyid Nostalgia)",Pohon Dan Pinta,2008,Worldwide,https://music.apple.com/my/album/pohon-dan-pinta/1091687057?i=1091687627&uo=4
Ustaz Akhil Hayy,"Kembara Sufi (Alunan Zikir, Selawat & Doa)",Ya Latif,2007,Arabic,https://music.apple.com/my/album/ya-latif/1104183724?i=1104184813&uo=4
Ustaz Akhil Hayy,"Kembara Sufi (Alunan Zikir, Selawat & Doa)",Istighfar,2007,Arabic,https://music.apple.com/my/album/istighfar/1104183724?i=1104184434&uo=4
Ustaz Akhil Hayy,"Kembara Sufi (Alunan Zikir, Selawat & Doa)",La Ilaha Illallah 1,2007,Arabic,https://music.apple.com/my/album/la-ilaha-illallah-1/1104183724?i=1104184641&uo=4
Ustaz Akhil Hayy,"Kembara Sufi (Alunan Zikir, Selawat & Doa)",Laisa Laha Min Dunillah,2007,Arabic,https://music.apple.com/my/album/laisa-laha-min-dunillah/1104183724?i=1104184445&uo=4
Ustaz Akhil Hayy,"Kembara Sufi (Alunan Zikir, Selawat & Doa)",Fasubhana Man Layaqdiru,2007,Arabic,https://music.apple.com/my/album/fasubhana-man-layaqdiru/1104183724?i=1104184442&uo=4
Ustaz Akhil Hayy,"Kembara Sufi (Alunan Zikir, Selawat & Doa)",Al-Fatihah,2007,Arabic,https://music.apple.com/my/album/al-fatihah/1104183724?i=1104184217&uo=4
Ustaz Akhil Hayy,"Kembara Sufi (Alunan Zikir, Selawat & Doa)",Selawat,2007,Arabic,https://music.apple.com/my/album/selawat/1104183724?i=1104184833&uo=4
Ustaz Akhil Hayy,"Kembara Sufi (Alunan Zikir, Selawat & Doa)",Allahu Allah,2007,Arabic,https://music.apple.com/my/album/allahu-allah/1104183724?i=1104184437&uo=4
Ustaz Akhil Hayy,"Kembara Sufi (Alunan Zikir, Selawat & Doa)","Tasbih, Tahmid, Tahlil & Takbir",2007,Arabic,https://music.apple.com/my/album/tasbih-tahmid-tahlil-takbir/1104183724?i=1104184435&uo=4
Ustaz Akhil Hayy,"Kembara Sufi (Alunan Zikir, Selawat & Doa)",Hasbi Rabbi 2,2007,Arabic,https://music.apple.com/my/album/hasbi-rabbi-2/1104183724?i=1104184439&uo=4
Ustaz Akhil Hayy,"Kembara Sufi (Alunan Zikir, Selawat & Doa)",I'tiraf,2007,Arabic,https://music.apple.com/my/album/itiraf/1104183724?i=1104184643&uo=4
Ustaz Akhil Hayy,"Kembara Sufi (Alunan Zikir, Selawat & Doa)",Tubna Ya Allah,2007,Arabic,https://music.apple.com/my/album/tubna-ya-allah/1104183724?i=1104184441&uo=4
Ustaz Akhil Hayy,"Kembara Sufi (Alunan Zikir, Selawat & Doa)",Huwallah,2007,Arabic,https://music.apple.com/my/album/huwallah/1104183724?i=1104184318&uo=4
Ustaz Akhil Hayy,"Kembara Sufi (Alunan Zikir, Selawat & Doa)",Allahumma Anta Salam,2007,Arabic,https://music.apple.com/my/album/allahumma-anta-salam/1104183724?i=1104184646&uo=4
Ustaz Akhil Hayy,"Kembara Sufi (Alunan Zikir, Selawat & Doa)",Tahlil,2007,Arabic,https://music.apple.com/my/album/tahlil/1104183724?i=1104184811&uo=4
Ustaz Akhil Hayy,"Kembara Sufi (Alunan Zikir, Selawat & Doa)",Syahadah,2007,Arabic,https://music.apple.com/my/album/syahadah/1104183724?i=1104184659&uo=4
Ustaz Akhil Hayy,"Kembara Sufi (Alunan Zikir, Selawat & Doa)",La Ilaha Illallah 2,2007,Arabic,https://music.apple.com/my/album/la-ilaha-illallah-2/1104183724?i=1104184819&uo=4
Ustaz Akhil Hayy,"Kembara Sufi (Alunan Zikir, Selawat & Doa)",Doa Munajat,2007,Arabic,https://music.apple.com/my/album/doa-munajat/1104183724?i=1104184963&uo=4
Ustaz Akhil Hayy,Doa - Duas - EP,Allahumma Inni Zalamtu Nafsi Zulman Kathiran,2024,Worldwide,https://music.apple.com/my/album/allahumma-inni-zalamtu-nafsi-zulman-kathiran/1791518640?i=1791518643&uo=4
Ustaz Akhil Hayy,Surah Qiyamah - Single,Surah Qiyamah,2025,Worldwide,https://music.apple.com/my/album/surah-qiyamah/1795453711?i=1795453715&uo=4
Ustaz Akhil Hayy,Ash - Shams - Single,Ash - Shams,2025,Worldwide,https://music.apple.com/my/album/ash-shams/1795456767?i=1795456769&uo=4
Ustaz Akhil Hayy,Surah Al - Muzzammil - Single,Surah Al - Muzzammil,2025,Worldwide,https://music.apple.com/my/album/surah-al-muzzammil/1795436129?i=1795436130&uo=4
Ustaz Akhil Hayy,Doa - Duas - EP,Allahumma Rahmataka Arju,2024,Worldwide,https://music.apple.com/my/album/allahumma-rahmataka-arju/1791518640?i=1791518642&uo=4
Ustaz Akhil Hayy,Doa - Duas - EP,Laa Ilaha Illa Anta Subhanaka,2024,Worldwide,https://music.apple.com/my/album/laa-ilaha-illa-anta-subhanaka/1791518640?i=1791518647&uo=4
Ustaz Akhil Hayy,Ayatul Kursi - Single,Ayatul Kursi,2025,Worldwide,https://music.apple.com/my/album/ayatul-kursi/1795436248?i=1795436252&uo=4
Ustaz Akhil Hayy,Surah Al - Mulk - EP,Surah Al - Mulk,2025,Worldwide,https://music.apple.com/my/album/surah-al-mulk/1795449077?i=1795449078&uo=4
Ustaz Akhil Hayy,Duas - EP,Alhamdulillah Alladhi La Yurja Illa Fadhluhu,2024,Worldwide,https://music.apple.com/my/album/alhamdulillah-alladhi-la-yurja-illa-fadhluhu/1788324578?i=1788324583&uo=4
Ustaz Akhil Hayy,Duas - EP,Allahumma Aghfir Lil - Mu'mineen Wa Al - Mu'minat,2024,Worldwide,https://music.apple.com/my/album/allahumma-aghfir-lil-mumineen-wa-al-muminat/1788324578?i=1788324587&uo=4
Ustaz Akhil Hayy,Duas - EP,Alhamdulillah 'adada Ma Khalaq,2025,Worldwide,https://music.apple.com/my/album/alhamdulillah-adada-ma-khalaq/1788324578?i=1788324588&uo=4
Ustaz Akhil Hayy,Duas - EP,Allahumma Aghfir LI Ma Qaddamtu Wa Ma Akhkhartu,2024,Worldwide,https://music.apple.com/my/album/allahumma-aghfir-li-ma-qaddamtu-wa-ma-akhkhartu/1788324578?i=1788324769&uo=4
Ustaz Akhil Hayy,Doa - Duas - EP,La Ilaha Illa Allah,2024,Worldwide,https://music.apple.com/my/album/la-ilaha-illa-allah/1791518640?i=1791518641&uo=4
Ustaz Akhil Hayy,Doa - Duas - EP,Allahumma Aj'al Fi Qalbi Nura,2024,Worldwide,https://music.apple.com/my/album/allahumma-ajal-fi-qalbi-nura/1791518640?i=1791518644&uo=4
Ustaz Akhil Hayy,Surah Al - Haqqah - Single,Surah Al - Haqqah,2025,Worldwide,https://music.apple.com/my/album/surah-al-haqqah/1795437357?i=1795437358&uo=4
Ustaz Akhil Hayy,Surah Ad Dahr - Single,Surah Ad Dahr,2025,Worldwide,https://music.apple.com/my/album/surah-ad-dahr/1795449386?i=1795449389&uo=4
Ustaz Akhil Hayy,Surah Al - Jinn - Single,Surah Al - Jinn,2025,Worldwide,https://music.apple.com/my/album/surah-al-jinn/1795453005?i=1795453006&uo=4
Ustaz Akhil Hayy,Surah Al - Mursalat - Single,Surah Al - Mursalat,2025,Worldwide,https://music.apple.com/my/album/surah-al-mursalat/1795453533?i=1795453535&uo=4
Ustaz Akhil Hayy,Surah Al - Qalam - Single,Surah Al - Qalam,2025,Worldwide,https://music.apple.com/my/album/surah-al-qalam/1795453545?i=1795453546&uo=4
Ustaz Akhil Hayy,Surah Al - Muddaththir - Single,Surah Al - Muddaththir,2025,Worldwide,https://music.apple.com/my/album/surah-al-muddaththir/1795453620?i=1795453625&uo=4
Ustaz Akhil Hayy,Surah Al - Ma'arij - Single,Surah Al - Ma'arij,2025,Worldwide,https://music.apple.com/my/album/surah-al-maarij/1795453619?i=1795453628&uo=4
Ustaz Akhil Hayy,Surah an - Nasr - Single,Surah an - Nasr,2025,Worldwide,https://music.apple.com/my/album/surah-an-nasr/1795453652?i=1795453653&uo=4
Ustaz Akhil Hayy,Surat Nuh - Single,Surat Nuh,2025,Worldwide,https://music.apple.com/my/album/surat-nuh/1795453676?i=1795453677&uo=4
Ustaz Akhil Hayy,Surah Ad Duha - Single,Surah Ad Duha,2025,Worldwide,https://music.apple.com/my/album/surah-ad-duha/1795454676?i=1795454678&uo=4
Ustaz Akhil Hayy,Surah Al - Falaq - Single,Surah Al - Falaq,2025,Worldwide,https://music.apple.com/my/album/surah-al-falaq/1795454733?i=1795454734&uo=4
Ustaz Akhil Hayy,Surat Al - Ma'un - Single,Surat Al - Ma'un,2025,Worldwide,https://music.apple.com/my/album/surat-al-maun/1795454768?i=1795454769&uo=4
Ustaz Akhil Hayy,Surah Al Fil - Single,Surah Al Fil,2025,Worldwide,https://music.apple.com/my/album/surah-al-fil/1795454799?i=1795454803&uo=4
Ustaz Akhil Hayy,Surah Al - Balad - Single,Surah Al - Balad,2025,Worldwide,https://music.apple.com/my/album/surah-al-balad/1795454804?i=1795454805&uo=4
Ustaz Akhil Hayy,Surah at - Takathur - Single,Surah at - Takathur,2025,Worldwide,https://music.apple.com/my/album/surah-at-takathur/1795454818?i=1795454819&uo=4
Ustaz Akhil Hayy,Surah Al Lahab - Single,Surah Al Lahab,2025,Worldwide,https://music.apple.com/my/album/surah-al-lahab/1795454821?i=1795454822&uo=4
Ustaz Akhil Hayy,Surah Al - Asr - Single,Surah Al - Asr,2025,Worldwide,https://music.apple.com/my/album/surah-al-asr/1795454909?i=1795454910&uo=4
Ustaz Akhil Hayy,Surah at - Tin - Single,Surah at - Tin,2025,Worldwide,https://music.apple.com/my/album/surah-at-tin/1795454913?i=1795454914&uo=4
Ustaz Akhil Hayy,An - Nazi'at - Single,An - Nazi'at,2025,Worldwide,https://music.apple.com/my/album/an-naziat/1795454981?i=1795454983&uo=4
Ustaz Akhil Hayy,Surah Al Ala - Single,Surah Al Ala,2025,Worldwide,https://music.apple.com/my/album/surah-al-ala/1795454688?i=1795455172&uo=4
Ustaz Akhil Hayy,Surah Az - Zalzalah - Single,Surah Az - Zalzalah,2025,Worldwide,https://music.apple.com/my/album/surah-az-zalzalah/1795455366?i=1795455370&uo=4
Ustaz Akhil Hayy,Surah 'abasa - Single,Surah 'abasa,2025,Worldwide,https://music.apple.com/my/album/surah-abasa/1795455533?i=1795455536&uo=4
Ustaz Akhil Hayy,Surah Inshiqaq - Single,Surah Inshiqaq,2025,Worldwide,https://music.apple.com/my/album/surah-inshiqaq/1795455967?i=1795455968&uo=4
Ustaz Akhil Hayy,Al - Buruj - Single,Al - Buruj,2025,Worldwide,https://music.apple.com/my/album/al-buruj/1795456082?i=1795456083&uo=4
Ustaz Akhil Hayy,Surah Al - Ghashiyah - Single,Surah Al - Ghashiyah,2025,Worldwide,https://music.apple.com/my/album/surah-al-ghashiyah/1795456091?i=1795456092&uo=4
Ustaz Akhil Hayy,Surah Quraish - Single,Surah Quraish,2025,Worldwide,https://music.apple.com/my/album/surah-quraish/1795456135?i=1795456136&uo=4
Ustaz Akhil Hayy,Surah Al - Qari'ah - Single,Surah Al - Qari'ah,2025,Worldwide,https://music.apple.com/my/album/surah-al-qariah/1795456223?i=1795456226&uo=4
Ustaz Akhil Hayy,Surah Ash - Sharh - Single,Surah Ash - Sharh,2025,Worldwide,https://music.apple.com/my/album/surah-ash-sharh/1795456599?i=1795456600&uo=4
Ustaz Akhil Hayy,Al - Layl - Single,Al - Layl,2025,Worldwide,https://music.apple.com/my/album/al-layl/1795456824?i=1795456825&uo=4
Ustaz Akhil Hayy,Al - Bayyinah - Single,Al - Bayyinah,2025,Worldwide,https://music.apple.com/my/album/al-bayyinah/1795457032?i=1795457033&uo=4
Ustaz Akhil Hayy,Surah Al Adiyat - Single,Surah Al Adiyat,2025,Worldwide,https://music.apple.com/my/album/surah-al-adiyat/1795457096?i=1795457097&uo=4
Ustaz Akhil Hayy,Al - Alaq - Single,Al - Alaq,2025,Worldwide,https://music.apple.com/my/album/al-alaq/1795456938?i=1795457149&uo=4
Ustaz Akhil Hayy,Surah an - Naba - Single,Surah an - Naba,2025,Worldwide,https://music.apple.com/my/album/surah-an-naba/1795457156?i=1795457158&uo=4
Ustaz Akhil Hayy,Surah Al - Humazah - Single,Surah Al - Humazah,2025,Worldwide,https://music.apple.com/my/album/surah-al-humazah/1795457190?i=1795457191&uo=4
Ustaz Akhil Hayy,Surah Al Qadr - Single,Surah Al Qadr,2025,Worldwide,https://music.apple.com/my/album/surah-al-qadr/1795457251?i=1795457255&uo=4
Ustaz Akhil Hayy,Surah Al - Ikhlas - Single,Surah Al - Ikhlas,2025,Worldwide,https://music.apple.com/my/album/surah-al-ikhlas/1795457307?i=1795457308&uo=4
Ustaz Akhil Hayy,Surah Al Kafirun - Single,Surah Al Kafirun,2025,Worldwide,https://music.apple.com/my/album/surah-al-kafirun/1795457343?i=1795457344&uo=4
Ustaz Akhil Hayy,Al - Fajr - Single,Al - Fajr,2025,Worldwide,https://music.apple.com/my/album/al-fajr/1795457450?i=1795457451&uo=4
Ustaz Akhil Hayy,Surat an - Nas - Single,Surat an - Nas,2025,Worldwide,https://music.apple.com/my/album/surat-an-nas/1795457523?i=1795457525&uo=4
Ustaz Akhil Hayy,Surah at - Tariq - Single,Surah at - Tariq,2025,Worldwide,https://music.apple.com/my/album/surah-at-tariq/1795457645?i=1795457646&uo=4
Ustaz Akhil Hayy,Surat Al - Mutaffifin - Single,Surat Al - Mutaffifin,2025,Worldwide,https://music.apple.com/my/album/surat-al-mutaffifin/1795457651?i=1795457652&uo=4
Ustaz Akhil Hayy,Surah at - Takwir - Single,Surah at - Takwir,2025,Worldwide,https://music.apple.com/my/album/surah-at-takwir/1795457843?i=1795457844&uo=4
Ustaz Akhil Hayy,Surah Al - Kawthar - Single,Surah Al - Kawthar,2025,Worldwide,https://music.apple.com/my/album/surah-al-kawthar/1795456137?i=1795456138&uo=4
Ustaz Akhil Hayy,Surah Al - Infitar - Single,Surah Al - Infitar,2025,Worldwide,https://music.apple.com/my/album/surah-al-infitar/1795457796?i=1795457797&uo=4
Anugerah,Qanaahku - Single,Qanaahku (Akustik),2024,Malaysian Pop,https://music.apple.com/my/album/qanaahku-akustik/6769061346?i=6769061513&uo=4
Anugerah,Tercipta,Berlabuhlah Malam,2016,Islamic,https://music.apple.com/my/album/berlabuhlah-malam/6769130295?i=6769130320&uo=4
Anugerah,Qanaahku - Single,Qanaahku,2024,Malaysian Pop,https://music.apple.com/my/album/qanaahku/6769061346?i=6769061507&uo=4
Anugerah,Tercipta,Hijrah Rasul,2016,Islamic,https://music.apple.com/my/album/hijrah-rasul/6769130295?i=6769130301&uo=4
Anugerah,Tercipta,Qada' Qadar,2016,Islamic,https://music.apple.com/my/album/qada-qadar/6769130295?i=6769130699&uo=4
Anugerah,Tercipta,Kalimatan Habibatan,2016,Islamic,https://music.apple.com/my/album/kalimatan-habibatan/6769130295?i=6769130703&uo=4
Anugerah,Tercipta,Nadi Transformasi Ummah,2016,Islamic,https://music.apple.com/my/album/nadi-transformasi-ummah/6769130295?i=6769130317&uo=4
Anugerah,Tercipta,Maruah Mulia,2016,Islamic,https://music.apple.com/my/album/maruah-mulia/6769130295?i=6769130690&uo=4
Anugerah,Tercipta,Generasi Al-Quran,2016,Islamic,https://music.apple.com/my/album/generasi-al-quran/6769130295?i=6769130687&uo=4
Anugerah,Tercipta,Ummah Wasatiyyah,2016,Islamic,https://music.apple.com/my/album/ummah-wasatiyyah/6769130295?i=6769130696&uo=4
Anugerah,Tercipta,Keamanan Sejati,2016,Islamic,https://music.apple.com/my/album/keamanan-sejati/6769130295?i=6769130322&uo=4
Anugerah,Akidah Mantap Sahsiah Lestari - Single,Akidah Mantap Sahsiah Lestari,2025,Malaysian Pop,https://music.apple.com/my/album/akidah-mantap-sahsiah-lestari/6769822419?i=6769822424&uo=4
Anugerah,"Bulan Bintang 2024 (feat. Amin Idris, Damian Mikhail & Saujana) - Single","Bulan Bintang 2024 (feat. Amin Idris, Damian Mikhail & Saujana)",2024,Malaysian Pop,https://music.apple.com/my/album/bulan-bintang-2024-feat-amin-idris-damian-mikhail-saujana/6769947554?i=6769947556&uo=4
Anugerah,Rahmat Al-Quran - Single,Rahmat Al-Quran,2025,Malaysian Pop,https://music.apple.com/my/album/rahmat-al-quran/6769830803?i=6769830808&uo=4
Anugerah,Tercipta,Qasidah Nadi Transformasi Ummah,2016,Islamic,https://music.apple.com/my/album/qasidah-nadi-transformasi-ummah/6769130295?i=6769130312&uo=4
Anugerah,Tercipta,Qasidah Generasi Al-Quran,2016,Islamic,https://music.apple.com/my/album/qasidah-generasi-al-quran/6769130295?i=6769130685&uo=4
Anugerah,Tercipta,Qasidah Ummah Wasatiyyah,2016,Islamic,https://music.apple.com/my/album/qasidah-ummah-wasatiyyah/6769130295?i=6769130694&uo=4
Anugerah,Istimewa - Single,Istimewa,2019,Malaysian Pop,https://music.apple.com/my/album/istimewa/1452125473?i=1452125474&uo=4
Ustaz Amal & Munif Ahmad,Gemersik Hati 2 Doa & Zikir Keinsafan Dan Kesejahteraan,La Hawla Wala Quwwata Illa Billah,2014,Pop,https://music.apple.com/my/album/la-hawla-wala-quwwata-illa-billah/1442610071?i=1442610089&uo=4
Ustaz Amal,"Nur Zikrullah, Vol. 5: The Best of Selawat",Ya Nabi Salamun 'Alaik,2015,Worldwide,https://music.apple.com/my/album/ya-nabi-salamun-alaik/994607151?i=994607999&uo=4
Ustaz Amal,"Nur Zikrullah, Vol. 5: The Best of Selawat",Assolatuwassalam,2015,Worldwide,https://music.apple.com/my/album/assolatuwassalam/994607151?i=994607991&uo=4
Ustaz Amal,Zikir & Doa Munajat,"Zikir Tasbih, Tahmid, Tahlil Dan Takbir",2011,Worldwide,https://music.apple.com/my/album/zikir-tasbih-tahmid-tahlil-dan-takbir/1167359459?i=1167359627&uo=4
Ustaz Amal & Munif Ahmad,Gemersik Hati 2 Doa & Zikir Keinsafan Dan Kesejahteraan,Hasbiyallah,2014,Pop,https://music.apple.com/my/album/hasbiyallah/1442610071?i=1442610079&uo=4
Ustaz Amal & Munif Ahmad,Gemersik Hati 2 Doa & Zikir Keinsafan Dan Kesejahteraan,Ya Amanal Khoifin,2014,Pop,https://music.apple.com/my/album/ya-amanal-khoifin/1442610071?i=1442610094&uo=4
Ustaz Amal,"Nur Zikrullah, Vol. 5: The Best of Selawat",Ya Badrottamam,2015,Worldwide,https://music.apple.com/my/album/ya-badrottamam/994607151?i=994607983&uo=4
Ustaz Amal,"Nur Zikrullah, Vol. 5: The Best of Selawat",Selawat Al-Amin,2015,Worldwide,https://music.apple.com/my/album/selawat-al-amin/994607151?i=994607987&uo=4
Ustaz Amal,"Nur Zikrullah, Vol. 5: The Best of Selawat",Assolatu 'Alan Nabi,2015,Worldwide,https://music.apple.com/my/album/assolatu-alan-nabi/994607151?i=994607979&uo=4
Ustaz Amal & Munif Ahmad,Gemersik Hati 2 Doa & Zikir Keinsafan Dan Kesejahteraan,Huwallah,2014,Pop,https://music.apple.com/my/album/huwallah/1442610071?i=1442610074&uo=4
Ustaz Amal,"Nur Zikrullah, Vol. 4: The Best of Zikrullah","Zikir Bismillahillazi, Pt. 2",2015,Worldwide,https://music.apple.com/my/album/zikir-bismillahillazi-pt-2/994605581?i=994606053&uo=4
Ustaz Amal,"Nur Zikrullah, Vol. 5: The Best of Selawat",Solla 'Alaikallah,2015,Worldwide,https://music.apple.com/my/album/solla-alaikallah/994607151?i=994607995&uo=4
Ustaz Amal,"Nur Zikrullah, Vol. 4: The Best of Zikrullah",Zikir 'Afiyat,2015,Worldwide,https://music.apple.com/my/album/zikir-afiyat/994605581?i=994605595&uo=4
Ustaz Amal & Munif Ahmad,Gemersik Hati 2 Doa & Zikir Keinsafan Dan Kesejahteraan,Allahumma Hawwin,2014,Pop,https://music.apple.com/my/album/allahumma-hawwin/1442610071?i=1442610085&uo=4
Ustaz Amal,Zikir Munajat,Doa Taubat Nabi Yunus,2008,Worldwide,https://music.apple.com/my/album/doa-taubat-nabi-yunus/1164156123?i=1164157857&uo=4
Ustaz Amal,Koleksi Zikir-Zikir Popular Ustaz Amal,Istighfar,2014,Worldwide,https://music.apple.com/my/album/istighfar/990513810?i=990514105&uo=4
Ustaz Amal,Koleksi Zikir-Zikir Popular Ustaz Amal,Surah Al-Ahzab (Ayat 35),2014,Worldwide,https://music.apple.com/my/album/surah-al-ahzab-ayat-35/990513810?i=990513814&uo=4
Ustaz Amal & Munif Ahmad,Gemersik Hati 2 Doa & Zikir Keinsafan Dan Kesejahteraan,Subhanallah Malikil Quddus,2014,Pop,https://music.apple.com/my/album/subhanallah-malikil-quddus/1442610071?i=1442610082&uo=4
Ustaz Amal,Koleksi Zikir-Zikir Popular Ustaz Amal,Ya Hayyu Ya Qayyum,2014,Worldwide,https://music.apple.com/my/album/ya-hayyu-ya-qayyum/990513810?i=990514093&uo=4
Ustaz Amal & Munif Ahmad,Gemersik Hati 2 Doa & Zikir Keinsafan Dan Kesejahteraan,Lailahaillallah,2014,Pop,https://music.apple.com/my/album/lailahaillallah/1442610071?i=1442610081&uo=4
Ustaz Amal & Munif Ahmad,Gemersik Hati 2 Doa & Zikir Keinsafan Dan Kesejahteraan,Ilahisalimil Ummah,2014,Pop,https://music.apple.com/my/album/ilahisalimil-ummah/1442610071?i=1442610087&uo=4
Ustaz Amal & Munif Ahmad,Gemersik Hati 2 Doa & Zikir Keinsafan Dan Kesejahteraan,Ilahi,2014,Pop,https://music.apple.com/my/album/ilahi/1442610071?i=1442610077&uo=4
Ustaz Amal,Zikir Munajat,Doa Menghilangkan Dukacita,2008,Worldwide,https://music.apple.com/my/album/doa-menghilangkan-dukacita/1164156123?i=1164158155&uo=4
Ustaz Amal & Munif Ahmad,Gemersik Hati 2 Doa & Zikir Keinsafan Dan Kesejahteraan,Rabbi Ashgrilni,2014,Pop,https://music.apple.com/my/album/rabbi-ashgrilni/1442610071?i=1442610091&uo=4
Ustaz Amal,16 Selawat Sepanjang Zaman,Ya Rasullallah (feat. Hufaz),2016,Worldwide,https://music.apple.com/my/album/ya-rasullallah-feat-hufaz/1188547161?i=1188547486&uo=4
Ustaz Amal,"Nur Zikrullah, Vol. 4: The Best of Zikrullah",Zikir Allahu Rabbuna,2015,Worldwide,https://music.apple.com/my/album/zikir-allahu-rabbuna/994605581?i=994605975&uo=4
Ustaz Amal,Koleksi Zikir-Zikir Popular Ustaz Amal,Hasbiyallah,2014,Worldwide,https://music.apple.com/my/album/hasbiyallah/990513810?i=990514103&uo=4
Ustaz Amal,Zikir Munajat,At-Tasbih 1,2008,Worldwide,https://music.apple.com/my/album/at-tasbih-1/1164156123?i=1164156915&uo=4
Ustaz Amal,Koleksi Zikir-Zikir Popular Ustaz Amal,Tasbih,2014,Worldwide,https://music.apple.com/my/album/tasbih/990513810?i=990514089&uo=4
Ustaz Amal,"Nur Zikrullah, Vol. 4: The Best of Zikrullah",Zikir Fateh,2015,Worldwide,https://music.apple.com/my/album/zikir-fateh/994605581?i=994606117&uo=4
Ustaz Amal,Koleksi Zikir-Zikir Popular Ustaz Amal,Lailahaillallah,2014,Worldwide,https://music.apple.com/my/album/lailahaillallah/990513810?i=990514085&uo=4
Ustaz Amal,"Nur Zikrullah, Vol. 4: The Best of Zikrullah",Zikir Sallimna,2015,Worldwide,https://music.apple.com/my/album/zikir-sallimna/994605581?i=994606125&uo=4
Ustaz Amal,"Nur Zikrullah, Vol. 4: The Best of Zikrullah",Zikir Ilahana,2015,Worldwide,https://music.apple.com/my/album/zikir-ilahana/994605581?i=994606121&uo=4
Ustaz Amal,Koleksi Zikir-Zikir Popular Ustaz Amal,Lahul Mulk,2014,Worldwide,https://music.apple.com/my/album/lahul-mulk/990513810?i=990514096&uo=4
Ustaz Amal,Koleksi Zikir-Zikir Popular Ustaz Amal,Rodhitu Billah,2014,Worldwide,https://music.apple.com/my/album/rodhitu-billah/990513810?i=990514097&uo=4
Ustaz Amal,Koleksi Zikir-Zikir Popular Ustaz Amal,Adadu Khalqih,2014,Worldwide,https://music.apple.com/my/album/adadu-khalqih/990513810?i=990514094&uo=4
Ustaz Amal,Zikir Munajat,Al-Istighfar,2008,Worldwide,https://music.apple.com/my/album/al-istighfar/1164156123?i=1164157561&uo=4
Ustaz Amal,Koleksi Zikir-Zikir Popular Ustaz Amal,Hauqalah,2014,Worldwide,https://music.apple.com/my/album/hauqalah/990513810?i=990514091&uo=4
Ustaz Amal,Zikir Munajat,Hasbiallah,2008,Worldwide,https://music.apple.com/my/album/hasbiallah/1164156123?i=1164158204&uo=4
Ustaz Amal,Koleksi Zikir-Zikir Popular Ustaz Amal,Ahabbul Kalam,2014,Worldwide,https://music.apple.com/my/album/ahabbul-kalam/990513810?i=990514104&uo=4
Ustaz Amal,Koleksi Zikir-Zikir Popular Ustaz Amal,Surah Ali 'Imran (Ayat 190-191),2014,Worldwide,https://music.apple.com/my/album/surah-ali-imran-ayat-190-191/990513810?i=990514098&uo=4
Ustaz Amal,Koleksi Zikir-Zikir Popular Ustaz Amal,Antas Salam,2014,Worldwide,https://music.apple.com/my/album/antas-salam/990513810?i=990514099&uo=4
Ustaz Amal,Koleksi Zikir-Zikir Popular Ustaz Amal,Ighfir Zunubi,2014,Worldwide,https://music.apple.com/my/album/ighfir-zunubi/990513810?i=990514106&uo=4
Ustaz Amal,Koleksi Zikir-Zikir Popular Ustaz Amal,Tatimmus Solihat,2014,Worldwide,https://music.apple.com/my/album/tatimmus-solihat/990513810?i=990514100&uo=4
Ustaz Amal,Zikir Munajat,Kalimah At-Tauhid,2008,Worldwide,https://music.apple.com/my/album/kalimah-at-tauhid/1164156123?i=1164156448&uo=4
Ustaz Amal,Koleksi Zikir-Zikir Popular Ustaz Amal,Thiqatan Billah,2014,Worldwide,https://music.apple.com/my/album/thiqatan-billah/990513810?i=990514101&uo=4
Ustaz Amal,Zikir Munajat,Al-Hamdalah,2008,Worldwide,https://music.apple.com/my/album/al-hamdalah/1164156123?i=1164157709&uo=4
Ustaz Amal,Zikir Munajat,Doa Pagi & Petang,2008,Worldwide,https://music.apple.com/my/album/doa-pagi-petang/1164156123?i=1164158297&uo=4
Hijjaz & Ustaz Amal,Konsert Nasyid Legenda,Sunnah Orang Berjuang,2023,Asia,https://music.apple.com/my/album/sunnah-orang-berjuang/1699883943?i=1699884474&uo=4
Ustaz Amal,Zikir & Doa Munajat,Doa Menunaikan Hutang Dan Menjauhkan Dari Kefakiran,2011,Worldwide,https://music.apple.com/my/album/doa-menunaikan-hutang-dan-menjauhkan-dari-kefakiran/1167359459?i=1167359626&uo=4
"Hijjaz, Saujana & Ustaz Amal",Koleksi Istimewa Telaga Biru - EP,Muhammad Al-Mustafa,2001,Islamic,https://music.apple.com/my/album/muhammad-al-mustafa/1594607987?i=1594607996&uo=4
Ustaz Amal,Zikir Munajat,At-Tahlil,2008,Worldwide,https://music.apple.com/my/album/at-tahlil/1164156123?i=1164156934&uo=4
Ustaz Amal,Zikir Munajat,Al-Hauqalah,2008,Worldwide,https://music.apple.com/my/album/al-hauqalah/1164156123?i=1164157263&uo=4
Ustaz Amal,Zikir Munajat,At-Tasbih 2,2008,Worldwide,https://music.apple.com/my/album/at-tasbih-2/1164156123?i=1164157425&uo=4
Ustaz Amal,Zikir & Doa Munajat,Doa Memohon Syurga Dan Perlindungan Dari Api Neraka,2011,Worldwide,https://music.apple.com/my/album/doa-memohon-syurga-dan-perlindungan-dari-api-neraka/1167359459?i=1167359642&uo=4
Ustaz Amal,Zikir Munajat,Basmallah,2008,Worldwide,https://music.apple.com/my/album/basmallah/1164156123?i=1164157603&uo=4
Ustaz Amal,Zikir Munajat,At-Tasbih 3,2008,Worldwide,https://music.apple.com/my/album/at-tasbih-3/1164156123?i=1164157893&uo=4
Ustaz Amal,Zikir & Doa Munajat,Doa Agar Diberikan Kekuatan Iman,2011,Worldwide,https://music.apple.com/my/album/doa-agar-diberikan-kekuatan-iman/1167359459?i=1167359574&uo=4
Ustaz Amal,Zikir & Doa Munajat,Doa Menuntut Ilmu,2011,Worldwide,https://music.apple.com/my/album/doa-menuntut-ilmu/1167359459?i=1167359629&uo=4
Ustaz Amal,Zikir & Doa Munajat,Doa Agar Diberi Petunjuk,2011,Worldwide,https://music.apple.com/my/album/doa-agar-diberi-petunjuk/1167359459?i=1167359619&uo=4
Ustaz Amal,Zikir Munajat,Zikrussalam,2008,Worldwide,https://music.apple.com/my/album/zikrussalam/1164156123?i=1164157999&uo=4
Ustaz Amal,Zikir Munajat,Doa Muhasabah,2008,Worldwide,https://music.apple.com/my/album/doa-muhasabah/1164156123?i=1164158033&uo=4
Ustaz Amal,Zikir & Doa Munajat,Doa Agar Memperoleh Ketaqwaan Dan Kebersihan Hati,2011,Worldwide,https://music.apple.com/my/album/doa-agar-memperoleh-ketaqwaan-dan-kebersihan-hati/1167359459?i=1167359625&uo=4
Ustaz Amal,Zikir & Doa Munajat,Doa Istighathah,2011,Worldwide,https://music.apple.com/my/album/doa-istighathah/1167359459?i=1167359568&uo=4
Ustaz Amal,"Syafaatmu, Ya Rasulallah",Ya Nabi Salam'alaika,2015,Worldwide,https://music.apple.com/my/album/ya-nabi-salamalaika/1164157852?i=1164158816&uo=4
Ustaz Amal,Zikir & Doa Munajat,Doa Agar Dikurniakan Syafaat Al-Quran,2011,Worldwide,https://music.apple.com/my/album/doa-agar-dikurniakan-syafaat-al-quran/1167359459?i=1167359621&uo=4
Ustaz Amal,Zikir & Doa Munajat,Doa Istighfar,2011,Worldwide,https://music.apple.com/my/album/doa-istighfar/1167359459?i=1167359635&uo=4
Ustaz Amal,Zikir & Doa Munajat,Doa Agar Berpegang Teguh Pada Ajaran Islam,2011,Worldwide,https://music.apple.com/my/album/doa-agar-berpegang-teguh-pada-ajaran-islam/1167359459?i=1167359618&uo=4
Ustaz Amal,Zikir & Doa Munajat,Doa Husnul Khatimah,2011,Worldwide,https://music.apple.com/my/album/doa-husnul-khatimah/1167359459?i=1167359581&uo=4
Ustaz Amal,Zikir & Doa Munajat,Doa Untuk Menghilangkan Perasaan Takut Dan Melangsaikan Hutang,2011,Worldwide,https://music.apple.com/my/album/doa-untuk-menghilangkan-perasaan-takut-dan-melangsaikan/1167359459?i=1167359783&uo=4
Ustaz Amal,Zikir & Doa Munajat,Doa Agar Ditetapkan Hati,2011,Worldwide,https://music.apple.com/my/album/doa-agar-ditetapkan-hati/1167359459?i=1167359628&uo=4
Ustaz Amal,"Syafaatmu, Ya Rasulallah",Ya 'Arusal Khofiqain,2015,Worldwide,https://music.apple.com/my/album/ya-arusal-khofiqain/1164157852?i=1164158498&uo=4
Ustaz Amal,Zikir & Doa Munajat,Doa Agar Dijauhkan Dari Sifat Buruk,2011,Worldwide,https://music.apple.com/my/album/doa-agar-dijauhkan-dari-sifat-buruk/1167359459?i=1167359782&uo=4
Ustaz Amal,"Syafaatmu, Ya Rasulallah",Ya Badrattamam,2015,Worldwide,https://music.apple.com/my/album/ya-badrattamam/1164157852?i=1164159151&uo=4
Ustaz Amal,"Syafaatmu, Ya Rasulallah",Utusan Rahmat,2015,Worldwide,https://music.apple.com/my/album/utusan-rahmat/1164157852?i=1164159332&uo=4
Ustaz Amal,"Syafaatmu, Ya Rasulallah",Rasulul Huda,2015,Worldwide,https://music.apple.com/my/album/rasulul-huda/1164157852?i=1164159430&uo=4
Ustaz Amal,"Syafaatmu, Ya Rasulallah",Ya Nural Qulub,2015,Worldwide,https://music.apple.com/my/album/ya-nural-qulub/1164157852?i=1164158134&uo=4
Ustaz Amal,"Syafaatmu, Ya Rasulallah",Solawatullah,2015,Worldwide,https://music.apple.com/my/album/solawatullah/1164157852?i=1164158654&uo=4
Ustaz Amal,"Syafaatmu, Ya Rasulallah",Syafaat,2015,Worldwide,https://music.apple.com/my/album/syafaat/1164157852?i=1164158160&uo=4
Ustaz Amal,Al Kauthar - Single,Al Kauthar,2022,Islamic,https://music.apple.com/my/album/al-kauthar/1618701879?i=1618701885&uo=4
Ustaz Amal,"Syafaatmu, Ya Rasulallah",Dialah,2015,Worldwide,https://music.apple.com/my/album/dialah/1164157852?i=1164158829&uo=4
Ustaz Amal,"Syafaatmu, Ya Rasulallah",Ya Rasulallah (feat. Hufaz),2015,Worldwide,https://music.apple.com/my/album/ya-rasulallah-feat-hufaz/1164157852?i=1164159699&uo=4
Ustaz Amal,"Syafaatmu, Ya Rasulallah",Anekdot (Nilai Cinta),2015,Worldwide,https://music.apple.com/my/album/anekdot-nilai-cinta/1164157852?i=1164158210&uo=4
Ustaz Amal,"Syafaatmu, Ya Rasulallah",Anekdot 2 (Indahnya Akhlakmu),2015,Worldwide,https://music.apple.com/my/album/anekdot-2-indahnya-akhlakmu/1164157852?i=1164158715&uo=4
Ustaz Amal,"Syafaatmu, Ya Rasulallah",Anekdot 3 (Ummu Ma'abad),2015,Worldwide,https://music.apple.com/my/album/anekdot-3-ummu-maabad/1164157852?i=1164158939&uo=4
Ustaz Amal & Shamil Itqan,Merinduimu Rasulullah - Single,Merinduimu Rasulullah,2020,Pop,https://music.apple.com/my/album/merinduimu-rasulullah/1615963192?i=1615963416&uo=4
Ustaz Amal,"Syafaatmu, Ya Rasulallah",Anekdot 4 (Sakitkah Dia),2015,Worldwide,https://music.apple.com/my/album/anekdot-4-sakitkah-dia/1164157852?i=1164159337&uo=4
"Al Kauthar, Anas Tahir, Azhar & Du'a Ft Ustaz Amal",Anugerah Nasyid Ikim 2014,Rindu Ini,2016,Pop,https://music.apple.com/my/album/rindu-ini/1078651682?i=1078652262&uo=4
AMAR (The Singing Magical Lawyer),Kiasan Naluri,Cebisan Kenangan,2003,Islamic,https://music.apple.com/my/album/cebisan-kenangan/1506565817?i=1506565818&uo=4
AMAR (The Singing Magical Lawyer),Kiasan Naluri,Nurul Iman,2003,Islamic,https://music.apple.com/my/album/nurul-iman/1506565817?i=1506565819&uo=4
The Bangsar Boyz and Friends,Ke Destinasi Baru,The Love Of God,2023,Worldwide,https://music.apple.com/my/album/the-love-of-god/1712387324?i=1712387807&uo=4
The Bangsar Boyz and Friends,Ke Destinasi Baru,Akrab Persahabatan,2023,Worldwide,https://music.apple.com/my/album/akrab-persahabatan/1712387324?i=1712387539&uo=4
The Bangsar Boyz and Friends,Ke Destinasi Baru,5 Cinta,2023,Worldwide,https://music.apple.com/my/album/5-cinta/1712387324?i=1712387537&uo=4
The Bangsar Boyz and Friends,Ke Destinasi Baru,Insan Sama Sahaja,2023,Worldwide,https://music.apple.com/my/album/insan-sama-sahaja/1712387324?i=1712387544&uo=4
The Bangsar Boyz and Friends,Ke Destinasi Baru,Ranjau Berduri,2023,Worldwide,https://music.apple.com/my/album/ranjau-berduri/1712387324?i=1712387560&uo=4
The Bangsar Boyz and Friends,Ke Destinasi Baru,Selamat Berpisah,2023,Worldwide,https://music.apple.com/my/album/selamat-berpisah/1712387324?i=1712387562&uo=4
The Bangsar Boyz and Friends,Ke Destinasi Baru,Cintai Bumi Kita,2023,Worldwide,https://music.apple.com/my/album/cintai-bumi-kita/1712387324?i=1712387543&uo=4
The Bangsar Boyz and Friends,Ke Destinasi Baru,Kembali Kepada Agama,2023,Worldwide,https://music.apple.com/my/album/kembali-kepada-agama/1712387324?i=1712387553&uo=4
Bazli Unic,Zikir 1000 kali,Arafah,2022,Worldwide,https://music.apple.com/my/album/arafah/1614962827?i=1614962832&uo=4
Bazli Unic,Haruman Terindah - Single,Haruman Terindah,2023,Islamic,https://music.apple.com/my/album/haruman-terindah/1709420643?i=1709420650&uo=4
Bazli Unic,Doa Nabi Yunus - Single,Doa Nabi Yunus,2024,Worldwide,https://music.apple.com/my/album/doa-nabi-yunus/1736453086?i=1736453450&uo=4
Bazli Unic,Tenangnya Selawat,Selawat Tafrijiyah 2 Dikabul Hajat,2022,Relaxation,https://music.apple.com/my/album/selawat-tafrijiyah-2-dikabul-hajat/1623162635?i=1623163432&uo=4
Bazli Unic,Zikir 1000 kali,"Astaghfirullah, Pt. 1",2022,Worldwide,https://music.apple.com/my/album/astaghfirullah-pt-1/1614962827?i=1614963068&uo=4
Bazli Unic,Zikir 1000 kali,Ya Bari Untuk Para Ibu,2022,Worldwide,https://music.apple.com/my/album/ya-bari-untuk-para-ibu/1614962827?i=1614963996&uo=4
Bazli Unic,Zikir 1000 kali,La Haula Wala,2022,Worldwide,https://music.apple.com/my/album/la-haula-wala/1614962827?i=1614963670&uo=4
Bazli Unic,Surah At Tin - Single,Surah At Tin,2024,Worldwide,https://music.apple.com/my/album/surah-at-tin/1743990089?i=1743990242&uo=4
Bazli Unic,Zikir 1000 kali,Ilahi Lastu Lil Firdaus,2022,Worldwide,https://music.apple.com/my/album/ilahi-lastu-lil-firdaus/1614962827?i=1614963370&uo=4
Bazli Unic,Tenangnya Selawat,Selawat Jibril Diperluas Rezeki,2022,Relaxation,https://music.apple.com/my/album/selawat-jibril-diperluas-rezeki/1623162635?i=1623163422&uo=4
Bazli Unic,ZIKIR TENANGKAN FIKIRAN,LAILAHA ILLA ALLAH LELAPKAN MATA,2022,Pop/Rock,https://music.apple.com/my/album/lailaha-illa-allah-lelapkan-mata/1651476280?i=1651476682&uo=4
Bazli Unic,Zikir 1000 kali,Hasbi Rabbi Mohon Bantuan Allah,2022,Worldwide,https://music.apple.com/my/album/hasbi-rabbi-mohon-bantuan-allah/1614962827?i=1614963083&uo=4
Bazli Unic,ZIKIR RAYA HAJI - EP,Zikir Arafah,2026,Worldbeat,https://music.apple.com/my/album/zikir-arafah/1895603766?i=6764026266&uo=4
Bazli Unic,Zikir 1000 kali,"Astaghfirullah, Pt. 2",2022,Worldwide,https://music.apple.com/my/album/astaghfirullah-pt-2/1614962827?i=1614963072&uo=4
Bazli Unic,Zikir 1000 kali,"Astaghfirullah, Pt. 3",2022,Worldwide,https://music.apple.com/my/album/astaghfirullah-pt-3/1614962827?i=1614963075&uo=4
Bazli Unic,Zikir 1000 kali,Juwairiyah,2022,Worldwide,https://music.apple.com/my/album/juwairiyah/1614962827?i=1614963394&uo=4
Bazli Unic,Doa 1000 kali,Doa Sayyidul Istighfar,2022,Worldwide,https://music.apple.com/my/album/doa-sayyidul-istighfar/1619007666?i=1619008294&uo=4
Bazli Unic,Tenangnya Selawat,Hasbi Rabbi Zikir Kekuatan Hati,2022,Relaxation,https://music.apple.com/my/album/hasbi-rabbi-zikir-kekuatan-hati/1623162635?i=1623163159&uo=4
Bazli Unic,Zikir 1000 kali,Allahu Allah,2022,Worldwide,https://music.apple.com/my/album/allahu-allah/1614962827?i=1614962852&uo=4
Bazli Unic,Zikir 1000 kali,Munajat Sepanjang Hari,2022,Worldwide,https://music.apple.com/my/album/munajat-sepanjang-hari/1614962827?i=1614963680&uo=4
Bazli Unic,Tenangnya Selawat,Selawat Tobibiyah Penyembuh Hati,2022,Relaxation,https://music.apple.com/my/album/selawat-tobibiyah-penyembuh-hati/1623162635?i=1623163807&uo=4
Bazli Unic,Zikir 1000 kali,Kalimatan,2022,Worldwide,https://music.apple.com/my/album/kalimatan/1614962827?i=1614963669&uo=4
Bazli Unic,Zikir 1000 kali,Subhanallah,2022,Worldwide,https://music.apple.com/my/album/subhanallah/1614962827?i=1614964019&uo=4
Bazli Unic,Qunut Nazilah - Single,Qunut Nazilah,2023,Islamic,https://music.apple.com/my/album/qunut-nazilah/1714780604?i=1714780824&uo=4
Bazli Unic,Zikir 1000 kali,"Munajat, Pt. 1",2022,Worldwide,https://music.apple.com/my/album/munajat-pt-1/1614962827?i=1614963671&uo=4
Bazli Unic,Zikir 1000 kali,"Munajat, Pt. 2",2022,Worldwide,https://music.apple.com/my/album/munajat-pt-2/1614962827?i=1614963678&uo=4
Bazli Unic,Zikir 1000 kali,"Munaja, Pt.t 3",2022,Worldwide,https://music.apple.com/my/album/munaja-pt-t-3/1614962827?i=1614963679&uo=4
Bazli Unic,Tenangnya Selawat,Assalamualaik Ya Nabi,2022,Relaxation,https://music.apple.com/my/album/assalamualaik-ya-nabi/1623162635?i=1623162933&uo=4
Bazli Unic,Doa 1000 kali,Doa Menghindar Dari Sifat Malas Kedekut Pengecut,2022,Worldwide,https://music.apple.com/my/album/doa-menghindar-dari-sifat-malas-kedekut-pengecut/1619007666?i=1619007880&uo=4
Bazli Unic,Tenangnya Selawat,Selawat Azimiyah Pujian UntukMu,2022,Relaxation,https://music.apple.com/my/album/selawat-azimiyah-pujian-untukmu/1623162635?i=1623163168&uo=4
Bazli Unic,Tenangnya Selawat,Sujud Ku Memohon Kasih SayangNya,2022,Relaxation,https://music.apple.com/my/album/sujud-ku-memohon-kasih-sayangnya/1623162635?i=1623163947&uo=4
Bazli Unic,Doa 1000 kali,Doa Dimudah Urusan Penting,2022,Worldwide,https://music.apple.com/my/album/doa-dimudah-urusan-penting/1619007666?i=1619008280&uo=4
Bazli Unic,ZIKIR TENANGKAN FIKIRAN,HASBUNALLAH CUKUPLAH BAGIKU ALLAH,2022,Pop/Rock,https://music.apple.com/my/album/hasbunallah-cukuplah-bagiku-allah/1651476280?i=1651476676&uo=4
Bazli Unic,ZIKIR TENANGKAN FIKIRAN,ALLAHU ALLAH DALAM HATI,2022,Pop/Rock,https://music.apple.com/my/album/allahu-allah-dalam-hati/1651476280?i=1651476282&uo=4
Bazli Unic,ZIKIR TENANGKAN FIKIRAN,ZIKIR NABI YUNUS MOHON BANTUAN,2022,Pop/Rock,https://music.apple.com/my/album/zikir-nabi-yunus-mohon-bantuan/1651476280?i=1651477018&uo=4
Bazli Unic,Doa 1000 kali,Doa Berlindung Dari Musibah,2022,Worldwide,https://music.apple.com/my/album/doa-berlindung-dari-musibah/1619007666?i=1619007876&uo=4
Bazli Unic,Tenangnya Selawat,Syaikhona Untuk Guru Teragung,2022,Relaxation,https://music.apple.com/my/album/syaikhona-untuk-guru-teragung/1623162635?i=1623164196&uo=4
Bazli Unic,Tenangnya Selawat,Ya Rabbi Bil Mustafa,2022,Relaxation,https://music.apple.com/my/album/ya-rabbi-bil-mustafa/1623162635?i=1623164208&uo=4
Bazli Unic,Doa Mudah Urusan - Single,Doa Mudah Urusan,2025,Worldbeat,https://music.apple.com/my/album/doa-mudah-urusan/1824671895?i=1824671899&uo=4
Bazli Unic,ZIKIR TENANGKAN FIKIRAN,YA LATIF MENENANGKAN HATI YANG GELISAH,2022,Pop/Rock,https://music.apple.com/my/album/ya-latif-menenangkan-hati-yang-gelisah/1651476280?i=1651476691&uo=4
Bazli Unic,Tenangnya Selawat,Ya Thoibah Wahai Kebaikan,2022,Relaxation,https://music.apple.com/my/album/ya-thoibah-wahai-kebaikan/1623162635?i=1623164214&uo=4
Bazli Unic,ZIKIR TENANGKAN FIKIRAN,ISTIGHFAR BERTAFAKUR,2022,Pop/Rock,https://music.apple.com/my/album/istighfar-bertafakur/1651476280?i=1651476678&uo=4
Bazli Unic,ZIKIR TENANGKAN FIKIRAN,ZIKIR BANGKIT SEMANGAT PAGI,2022,Pop/Rock,https://music.apple.com/my/album/zikir-bangkit-semangat-pagi/1651476280?i=1651476696&uo=4
Bazli Unic,ZIKIR TENANGKAN FIKIRAN,"ZIKIR MUNAJAT HATI, Pt. 1",2022,Pop/Rock,https://music.apple.com/my/album/zikir-munajat-hati-pt-1/1651476280?i=1651476700&uo=4
Bazli Unic,Zikir Ramadhan - Single,Zikir Sepanjang Ramadhan,2026,Worldwide,https://music.apple.com/my/album/zikir-sepanjang-ramadhan/1878354164?i=1878354447&uo=4
Bazli Unic,Doa 1000 kali,Doa Awal Pagi & Petang,2022,Worldwide,https://music.apple.com/my/album/doa-awal-pagi-petang/1619007666?i=1619008289&uo=4
Bazli Unic,ZIKIR TENANGKAN FIKIRAN,"ZIKIR MUNAJAT HATI, Pt. 2",2022,Pop/Rock,https://music.apple.com/my/album/zikir-munajat-hati-pt-2/1651476280?i=1651477009&uo=4
Bazli Unic,Selawat Busyro - Single,Selawat Busyro,2023,Worldwide,https://music.apple.com/my/album/selawat-busyro/1720265455?i=1720265466&uo=4
Bazli Unic,Hawa - Single,Hawa,2023,Indonesian Religious,https://music.apple.com/my/album/hawa/1710211361?i=1710211794&uo=4
Bazli Unic,Doa 1000 kali,Doa Diteguhkan hati & Ditetapkan Pendirian,2022,Worldwide,https://music.apple.com/my/album/doa-diteguhkan-hati-ditetapkan-pendirian/1619007666?i=1619008025&uo=4
Bazli Unic,ISTIGHFAR KABIR (ZIKIR MEMOHON RAHMAT ALLAH) - EP,ISTIGHFAR KABIR (Vocal Version),2022,Worldwide,https://music.apple.com/my/album/istighfar-kabir-vocal-version/1658757502?i=1658757514&uo=4
Bazli Unic,Doa 1000 kali,Doa Menghindari Wabak Berjangkit,2022,Worldwide,https://music.apple.com/my/album/doa-menghindari-wabak-berjangkit/1619007666?i=1619007685&uo=4
Bazli Unic,Selawat Busyro - Single,Selawat Busyro (Vocal Version),2023,Worldwide,https://music.apple.com/my/album/selawat-busyro-vocal-version/1720265455?i=1720265783&uo=4
Bazli Unic,Doa 1000 kali,Doa Memohon Cinta Sejati Allah,2022,Worldwide,https://music.apple.com/my/album/doa-memohon-cinta-sejati-allah/1619007666?i=1619008270&uo=4
Bazli Unic,Doa 1000 kali,Doa Ketika Petir & Ribut,2022,Worldwide,https://music.apple.com/my/album/doa-ketika-petir-ribut/1619007666?i=1619008010&uo=4
Bazli Unic,Doa 1000 kali,Doa Bangkit Dari Ujian Hebat,2022,Worldwide,https://music.apple.com/my/album/doa-bangkit-dari-ujian-hebat/1619007666?i=1619008275&uo=4
Bazli Unic,Doa 1000 kali,Doa Rejab Syaaban Ramadhan,2022,Worldwide,https://music.apple.com/my/album/doa-rejab-syaaban-ramadhan/1619007666?i=1619008292&uo=4
Bazli Unic,Ramadhan Sepenuh Hati - EP,Doa Sepanjang Ramadhan,2022,Worldwide,https://music.apple.com/my/album/doa-sepanjang-ramadhan/1619007442?i=1619007667&uo=4
Bazli Unic,Doa 1000 kali,Doa Menghindar Dari Bencana Banjir,2022,Worldwide,https://music.apple.com/my/album/doa-menghindar-dari-bencana-banjir/1619007666?i=1619008001&uo=4
Bazli Unic,ZIKIR RAYA HAJI - EP,Zikir Nabi Yunus,2026,Worldbeat,https://music.apple.com/my/album/zikir-nabi-yunus/1895603766?i=6764026422&uo=4
Bazli Unic,ALLAH ALLAH AGHISNA - EP,ALLAH ALLAH AGHISNA,2023,Worldwide,https://music.apple.com/my/album/allah-allah-aghisna/1665448188?i=1665448314&uo=4
Bazli Unic,Zikir Ramadhan - Single,Doa Lailatul Qadar,2026,Worldwide,https://music.apple.com/my/album/doa-lailatul-qadar/1878354164?i=1878354445&uo=4
Bazli Unic,Doa Hindar Dari Fitnah Dajal - Single,Doa Hindar Dari Fitnah Dajal,2022,Relaxation,https://music.apple.com/my/album/doa-hindar-dari-fitnah-dajal/1635132522?i=1635132809&uo=4
Bazli Unic,Doa Kelahiran - Single,Doa Kelahiran,2025,Worldbeat,https://music.apple.com/my/album/doa-kelahiran/1832965845?i=1832965862&uo=4
Bazli Unic,ZIKIR RAYA HAJI - EP,Zikir Talbiah,2026,Worldbeat,https://music.apple.com/my/album/zikir-talbiah/1895603766?i=6764026254&uo=4
Bazli Unic,Nuur,Solla Alaikallah,2025,Worldbeat,https://music.apple.com/my/album/solla-alaikallah/1808375340?i=1808377394&uo=4
Bazli Unic,ZIKIR RAYA HAJI - EP,Zikir Melihat Kaabah,2026,Worldbeat,https://music.apple.com/my/album/zikir-melihat-kaabah/1895603766?i=6764026262&uo=4
Bazli Unic,Nuur,Cari Pasangan,2025,Worldbeat,https://music.apple.com/my/album/cari-pasangan/1808375340?i=1808376041&uo=4
Bazli Unic,Nuur,Anak Soleh,2025,Worldbeat,https://music.apple.com/my/album/anak-soleh/1808375340?i=1808375637&uo=4
Bazli Unic,Tetamu Cinta - Single,Tetamu Cinta,2023,Pop,https://music.apple.com/my/album/tetamu-cinta/1691732389?i=1691732402&uo=4
Bazli Unic,Zikir Ramadhan - Single,Doa Membaca Al-Quran,2026,Worldwide,https://music.apple.com/my/album/doa-membaca-al-quran/1878354164?i=1878354449&uo=4
Bazli Unic,Senyum,Sifat 20,2025,Pop,https://music.apple.com/my/album/sifat-20/1791491325?i=1791494097&uo=4
Bazli Unic,ISTIGHFAR KABIR (ZIKIR MEMOHON RAHMAT ALLAH) - EP,ISTIGHFAR KABIR (Sad Version),2022,Worldwide,https://music.apple.com/my/album/istighfar-kabir-sad-version/1658757502?i=1658757513&uo=4
Bazli Unic,Senyum,Niat Puasa,2025,Pop,https://music.apple.com/my/album/niat-puasa/1791491325?i=1791493266&uo=4
Bazli Unic,Ramadhan Sepenuh Hati - EP,Doa Sepanjang Ramadhan (Music),2022,Worldwide,https://music.apple.com/my/album/doa-sepanjang-ramadhan-music/1619007442?i=1619007683&uo=4
Bazli Unic,Doa Teguh Hati - Single,Doa Teguh Hati,2025,Worldbeat,https://music.apple.com/my/album/doa-teguh-hati/1830205905?i=1830205909&uo=4
Bazli Unic,Senyum,Harapan Ramadhan,2025,Pop,https://music.apple.com/my/album/harapan-ramadhan/1791491325?i=1791492472&uo=4
Bazli Unic,Selawat Tahiyyat Akhir - Single,Selawat Tahiyyat Akhir,2025,Worldbeat,https://music.apple.com/my/album/selawat-tahiyyat-akhir/1848821829?i=1848822065&uo=4
Bazli Unic,ISTIGHFAR KABIR (ZIKIR MEMOHON RAHMAT ALLAH) - EP,ISTIGHFAR KABIR,2022,Worldwide,https://music.apple.com/my/album/istighfar-kabir/1658757502?i=1658757504&uo=4
Bazli Unic,Qunut Subuh - Single,Qunut Subuh,2025,Europe,https://music.apple.com/my/album/qunut-subuh/1799868319?i=1799868561&uo=4
Bazli Unic,Ramadhan Sepenuh Hati - EP,Doa Keberkatan Ramadhan (Music),2022,Worldwide,https://music.apple.com/my/album/doa-keberkatan-ramadhan-music/1619007442?i=1619007879&uo=4
Bazli Unic,Doa Kehormatan Al-Quran - Single,Doa Kehormatan Al-Quran,2024,Worldbeat,https://music.apple.com/my/album/doa-kehormatan-al-quran/1734143750?i=1734143753&uo=4
Bazli Unic,Nuur,Pergi Tak Kembali,2025,Worldbeat,https://music.apple.com/my/album/pergi-tak-kembali/1808375340?i=1808377030&uo=4
Bazli Unic,DOA MEMOHON CINTA & KASIH ALLAH - EP,DOA MEMOHON CINTA KASIH ALLAH (Vocal Version),2022,Worldwide,https://music.apple.com/my/album/doa-memohon-cinta-kasih-allah-vocal-version/1658762037?i=1658762689&uo=4
Bazli Unic,DOA MEMOHON CINTA & KASIH ALLAH - EP,DOA MEMOHON CINTA KASIH ALLAH,2022,Worldwide,https://music.apple.com/my/album/doa-memohon-cinta-kasih-allah/1658762037?i=1658762703&uo=4
Bazli Unic,Ramadhan Sepenuh Hati - EP,Doa Agar Diterima Ibadah Ramadhan,2022,Worldwide,https://music.apple.com/my/album/doa-agar-diterima-ibadah-ramadhan/1619007442?i=1619007903&uo=4
Bazli Unic,Takbir Hari Raya - Single,Takbir Hari Raya,2025,Worldbeat,https://music.apple.com/my/album/takbir-hari-raya/1804366328?i=1804366330&uo=4
Bazli Unic,Selawat Dawam - Single,Selawat Dawam (Vocal Version),2023,Pop,https://music.apple.com/my/album/selawat-dawam-vocal-version/1723824612?i=1723824862&uo=4
Bazli Unic,ALLAH ALLAH AGHISNA - EP,ALLAH ALLAH AGHISNA (Piano Version),2023,Worldwide,https://music.apple.com/my/album/allah-allah-aghisna-piano-version/1665448188?i=1665448311&uo=4
Bazli Unic,Senyum,Al Hijratu,2025,Pop,https://music.apple.com/my/album/al-hijratu/1791491325?i=1791491583&uo=4
Bazli Unic,Senyum,Cahaya Selawat,2025,Pop,https://music.apple.com/my/album/cahaya-selawat/1791491325?i=1791491970&uo=4
Bazli Unic,Senyum,Peristiwa Subuh,2025,Pop,https://music.apple.com/my/album/peristiwa-subuh/1791491325?i=1791493618&uo=4
Bazli Unic,ALLAH ALLAH AGHISNA - EP,ALLAH ALLAH AGHISNA (Vocal Only),2023,Worldwide,https://music.apple.com/my/album/allah-allah-aghisna-vocal-only/1665448188?i=1665448310&uo=4
Bazli Unic,Senyum,Senyum,2025,Pop,https://music.apple.com/my/album/senyum/1791491325?i=1791493922&uo=4
Bazli Unic,Mencintaimu (Islamic Version) - Single,Mencintaimu (Islamic Version),2023,Indonesian Religious,https://music.apple.com/my/album/mencintaimu-islamic-version/1720897015?i=1720897021&uo=4
Bazli Unic,Nuur,Ibu Mithali,2025,Worldbeat,https://music.apple.com/my/album/ibu-mithali/1808375340?i=1808376327&uo=4
Bazli Unic,Senyum,Puji Pujian,2025,Pop,https://music.apple.com/my/album/puji-pujian/1791491325?i=1791493634&uo=4
Bazli Unic,Senyum,Haji,2025,Pop,https://music.apple.com/my/album/haji/1791491325?i=1791491988&uo=4
Bazli Unic,In-Teen,Sutera Kasih,2026,Indonesian Religious,https://music.apple.com/my/album/sutera-kasih/1872959211?i=1872959660&uo=4
Bazli Unic,Senyum,Iktiraf,2025,Pop,https://music.apple.com/my/album/iktiraf/1791491325?i=1791492477&uo=4
Bazli Unic,Surah Ash Sharh - Single,Surah Ash Sharh,2024,Worldwide,https://music.apple.com/my/album/surah-ash-sharh/1739711576?i=1739711586&uo=4
Bazli Unic,Senyum,Iman Mutiara,2025,Pop,https://music.apple.com/my/album/iman-mutiara/1791491325?i=1791492480&uo=4
Bazli Unic,Ramadhan Syawal,Satu Pagi Di Hari Raya,2025,Pop,https://music.apple.com/my/album/satu-pagi-di-hari-raya/1801660834?i=1801661111&uo=4
Bazli Unic,In-Teen,Wanita,2026,Indonesian Religious,https://music.apple.com/my/album/wanita/1872959211?i=1872959823&uo=4
Bazli Unic,Nuur,Ayah Ibu,2025,Worldbeat,https://music.apple.com/my/album/ayah-ibu/1808375340?i=1808375658&uo=4
Bazli Unic,Senyum,Ashabul Kahfi,2025,Pop,https://music.apple.com/my/album/ashabul-kahfi/1791491325?i=1791492486&uo=4
Bazli Unic,In-Teen,Tuhan Yang Esa,2026,Indonesian Religious,https://music.apple.com/my/album/tuhan-yang-esa/1872959211?i=1872959817&uo=4
Bazli Unic,Nuur,Pahlawan Agama,2025,Worldbeat,https://music.apple.com/my/album/pahlawan-agama/1808375340?i=1808377029&uo=4
Bazli Unic,Surah Al A'la - Single,Surah Al A'la,2024,Worldwide,https://music.apple.com/my/album/surah-al-ala/1739711949?i=1739712084&uo=4
Bazli Unic,ALLAH ALLAH AGHISNA - EP,ALLAH ALLAH AGHISNA (Karaoke),2023,Worldwide,https://music.apple.com/my/album/allah-allah-aghisna-karaoke/1665448188?i=1665448190&uo=4
Bazli Unic,ISTIGHFAR KABIR (ZIKIR MEMOHON RAHMAT ALLAH) - EP,ISTIGHFAR KABIR (Instrumental Piano),2022,Worldwide,https://music.apple.com/my/album/istighfar-kabir-instrumental-piano/1658757502?i=1658757505&uo=4
Bazli Unic,ISTIGHFAR KABIR (ZIKIR MEMOHON RAHMAT ALLAH) - EP,ISTIGHFAR KABIR (Music Intrumental),2022,Worldwide,https://music.apple.com/my/album/istighfar-kabir-music-intrumental/1658757502?i=1658757507&uo=4
Bazli Unic,Senyum,Ya Rasulullah,2025,Pop,https://music.apple.com/my/album/ya-rasulullah/1791491325?i=1791494467&uo=4
Bazli Unic,Nuur,Intifada,2025,Worldbeat,https://music.apple.com/my/album/intifada/1808375340?i=1808376331&uo=4
Bazli Unic,In-Teen,Ku Serah Cinta,2026,Indonesian Religious,https://music.apple.com/my/album/ku-serah-cinta/1872959211?i=1872959549&uo=4
Bazli Unic,Senyum,25 Rasul,2025,Pop,https://music.apple.com/my/album/25-rasul/1791491325?i=1791491576&uo=4
Bazli Unic,Nuur,Hanzalah,2025,Worldbeat,https://music.apple.com/my/album/hanzalah/1808375340?i=1808376049&uo=4
Bazli Unic,Senyum,Sesungguhnya,2025,Pop,https://music.apple.com/my/album/sesungguhnya/1791491325?i=1791494091&uo=4
Bazli Unic,In-Teen,Tanpamu,2026,Indonesian Religious,https://music.apple.com/my/album/tanpamu/1872959211?i=1872959813&uo=4
Bazli Unic,Senyum,Antara Dua Cinta,2025,Pop,https://music.apple.com/my/album/antara-dua-cinta/1791491325?i=1791491328&uo=4
Bazli Unic,Surah Al Layl - Single,Surah Al Layl,2024,Worldwide,https://music.apple.com/my/album/surah-al-layl/1739711579?i=1739711588&uo=4
Bazli Unic,In-Teen,Setanggi Syurga,2026,Indonesian Religious,https://music.apple.com/my/album/setanggi-syurga/1872959211?i=1872959653&uo=4
Bazli Unic,Senyum,Assalamualaikum,2025,Pop,https://music.apple.com/my/album/assalamualaikum/1791491325?i=1791491590&uo=4
Bazli Unic,Senyum,Demi Masa,2025,Pop,https://music.apple.com/my/album/demi-masa/1791491325?i=1791491984&uo=4
Bazli Unic,Senyum,10 Malaikat,2025,Pop,https://music.apple.com/my/album/10-malaikat/1791491325?i=1791491569&uo=4
Bazli Unic,In-Teen,Siti Khadijah,2026,Indonesian Religious,https://music.apple.com/my/album/siti-khadijah/1872959211?i=1872959657&uo=4
Bazli Unic,DOA MEMOHON CINTA & KASIH ALLAH - EP,DOA MEMOHON CINTA KASIH ALLAH (Sad Version),2022,Worldwide,https://music.apple.com/my/album/doa-memohon-cinta-kasih-allah-sad-version/1658762037?i=1658762695&uo=4
Bazli Unic,Senyum,Khabar Iman,2025,Pop,https://music.apple.com/my/album/khabar-iman/1791491325?i=1791492847&uo=4
Bazli Unic,Senyum,Assolatuwassalam,2025,Pop,https://music.apple.com/my/album/assolatuwassalam/1791491325?i=1791491597&uo=4
Bazli Unic,Doa Tahajud - Single,Doa Tahajud,2024,Worldbeat,https://music.apple.com/my/album/doa-tahajud/1734375215?i=1734375223&uo=4
Bazli Unic,Surah Al-Ma'un - Single,Surah Al-Ma'un,2024,Worldwide,https://music.apple.com/my/album/surah-al-maun/1743205598?i=1743205827&uo=4
Bazli Unic,In-Teen,Segenggam Tabah,2026,Indonesian Religious,https://music.apple.com/my/album/segenggam-tabah/1872959211?i=1872959645&uo=4
Bazli Unic,ALLAH ALLAH AGHISNA - EP,ALLAH ALLAH AGHISNA (Piano Instrumental),2023,Worldwide,https://music.apple.com/my/album/allah-allah-aghisna-piano-instrumental/1665448188?i=1665448308&uo=4
Bazli Unic,In-Teen,Rabiatul Adawiyah,2026,Indonesian Religious,https://music.apple.com/my/album/rabiatul-adawiyah/1872959211?i=1872959568&uo=4
Bazli Unic,Nuur,Bila Nur Melimpah Di Hati,2025,Worldbeat,https://music.apple.com/my/album/bila-nur-melimpah-di-hati/1808375340?i=1808376026&uo=4
Bazli Unic,In-Teen,Nur Kasih,2026,Indonesian Religious,https://music.apple.com/my/album/nur-kasih/1872959211?i=1872959552&uo=4
Bazli Unic,Senyum,Ababil,2025,Pop,https://music.apple.com/my/album/ababil/1791491325?i=1791491580&uo=4
Bazli Unic,Penciptaan Manusia - Single,Penciptaan Manusia,2024,Arabic Pop,https://music.apple.com/my/album/penciptaan-manusia/1780590910?i=1780590914&uo=4
Bazli Unic,Nuur,Nun Di Sana,2025,Worldbeat,https://music.apple.com/my/album/nun-di-sana/1808375340?i=1808377019&uo=4
Bazli Unic,Rukun Islam - Single,Rukun Islam,2024,Worldwide,https://music.apple.com/my/album/rukun-islam/1761833613?i=1761833815&uo=4
Bazli Unic,In-Teen,Pemergianmu,2026,Indonesian Religious,https://music.apple.com/my/album/pemergianmu/1872959211?i=1872959563&uo=4
Bazli Unic,Nuur,Adab Pesan,2025,Worldbeat,https://music.apple.com/my/album/adab-pesan/1808375340?i=1808375354&uo=4
Bazli Unic,Senyum,Bersatu,2025,Pop,https://music.apple.com/my/album/bersatu/1791491325?i=1791491961&uo=4
Bazli Unic,Senyum,Odei Anak,2025,Pop,https://music.apple.com/my/album/odei-anak/1791491325?i=1791493273&uo=4
Bazli Unic,Senyum,Bismillah,2025,Pop,https://music.apple.com/my/album/bismillah/1791491325?i=1791491965&uo=4
Bazli Unic,In-Teen,Ratu Syahadah,2026,Indonesian Religious,https://music.apple.com/my/album/ratu-syahadah/1872959211?i=1872959635&uo=4
Bazli Unic,Senyum,Balada Selawat,2025,Pop,https://music.apple.com/my/album/balada-selawat/1791491325?i=1791494702&uo=4
Bazli Unic,Nuur,Berkorban Apa Saja,2025,Worldbeat,https://music.apple.com/my/album/berkorban-apa-saja/1808375340?i=1808376025&uo=4
Bazli Unic,Senyum,Anak Permata,2025,Pop,https://music.apple.com/my/album/anak-permata/1791491325?i=1791491586&uo=4
Bazli Unic,Ramadhan Syawal,Lailatul Qadar,2025,Pop,https://music.apple.com/my/album/lailatul-qadar/1801660834?i=1801660837&uo=4
Bazli Unic,Senyum,Cinta Hakiki,2025,Pop,https://music.apple.com/my/album/cinta-hakiki/1791491325?i=1791491976&uo=4
Bazli Unic,Nuur,Mana Milik Kita,2025,Worldbeat,https://music.apple.com/my/album/mana-milik-kita/1808375340?i=1808376695&uo=4
Bazli Unic,Senyum,Mengemis Kasih,2025,Pop,https://music.apple.com/my/album/mengemis-kasih/1791491325?i=1791493038&uo=4
Bazli Unic,Nuur,Kisah Kaabah,2025,Worldbeat,https://music.apple.com/my/album/kisah-kaabah/1808375340?i=1808376349&uo=4
Bazli Unic,Senyum,Nabi Anak Yatim,2025,Pop,https://music.apple.com/my/album/nabi-anak-yatim/1791491325?i=1791493253&uo=4
Bazli Unic,Senyum,Damba Cintamu,2025,Pop,https://music.apple.com/my/album/damba-cintamu/1791491325?i=1791491980&uo=4
Bazli Unic,Nuur,Jasa Petani,2025,Worldbeat,https://music.apple.com/my/album/jasa-petani/1808375340?i=1808376345&uo=4
Bazli Unic,Senyum,Carilah Cinta,2025,Pop,https://music.apple.com/my/album/carilah-cinta/1791491325?i=1791491973&uo=4
Bazli Unic,Senyum,Syukur,2025,Pop,https://music.apple.com/my/album/syukur/1791491325?i=1791494108&uo=4
Bazli Unic,Ramadhan Syawal,Lebaran Ini,2025,Pop,https://music.apple.com/my/album/lebaran-ini/1801660834?i=1801661103&uo=4
Bazli Unic,Ramadhan Sepenuh Hati - EP,Doa Keberkatan Ramadhan,2022,Worldwide,https://music.apple.com/my/album/doa-keberkatan-ramadhan/1619007442?i=1619007692&uo=4
Bazli Unic,Nuur,Tuhan Memanggil,2025,Worldbeat,https://music.apple.com/my/album/tuhan-memanggil/1808375340?i=1808375937&uo=4
Bazli Unic,DOA MEMOHON CINTA & KASIH ALLAH - EP,DOA MEMOHON CINTA KASIH ALLAH (Music Instrumental),2022,Worldwide,https://music.apple.com/my/album/doa-memohon-cinta-kasih-allah-music-instrumental/1658762037?i=1658762456&uo=4
Bazli Unic,Senyum,Kita Hamba,2025,Pop,https://music.apple.com/my/album/kita-hamba/1791491325?i=1791493017&uo=4
Bazli Unic,Surah Al-Alaq - Single,Surah Al-Alaq,2024,Worldwide,https://music.apple.com/my/album/surah-al-alaq/1739711665?i=1739711811&uo=4
Bazli Unic,Senyum,Mari Berhibur,2025,Pop,https://music.apple.com/my/album/mari-berhibur/1791491325?i=1791493025&uo=4
Bazli Unic,Senyum,Kembali,2025,Pop,https://music.apple.com/my/album/kembali/1791491325?i=1791492831&uo=4
Bazli Unic,Senyum,Untukmu Palestine,2025,Pop,https://music.apple.com/my/album/untukmu-palestine/1791491325?i=1791493610&uo=4
Bazli Unic,Islam Iman Ihsan - Single,Islam Iman Ihsan,2024,Worldbeat,https://music.apple.com/my/album/islam-iman-ihsan/1756457331?i=1756457337&uo=4
Bazli Unic,Senyum,Rakan Selawat,2025,Pop,https://music.apple.com/my/album/rakan-selawat/1791491325?i=1791494708&uo=4
Bazli Unic,Nuur,Munajat,2025,Worldbeat,https://music.apple.com/my/album/munajat/1808375340?i=1808376704&uo=4
Darwish,Safiyyah (Feat. Fareast) [Single],Safiyyah (Feat. Fareast) [Single],2019,Malaysian Pop,https://music.apple.com/my/album/safiyyah-feat-fareast-single/1463726361?i=1463726362&uo=4
Darwish,Linangan Laduni - Single,Linangan Laduni,2021,Malaysian Pop,https://music.apple.com/my/album/linangan-laduni/1561351842?i=1561351852&uo=4
Darwish,Abu Ubaidah - Single,Abu Ubaidah,2024,Malaysian Pop,https://music.apple.com/my/album/abu-ubaidah/1761941890?i=1761941892&uo=4
Darwish,Hati Merindu - Single,Hati Merindu,2017,Indonesian Religious,https://music.apple.com/my/album/hati-merindu/1679725380?i=1679725387&uo=4
Darwish,Reclamation,No Intention to Fail,2018,Contemporary Jazz,https://music.apple.com/my/album/no-intention-to-fail/1345271996?i=1345272697&uo=4
Darwish,Reclamation,Electric Crimson,2018,Contemporary Jazz,https://music.apple.com/my/album/electric-crimson/1345271996?i=1345272683&uo=4
Darwish,Reclamation,The TV Says,2018,Contemporary Jazz,https://music.apple.com/my/album/the-tv-says/1345271996?i=1345273252&uo=4
UNIC & Darwish,JOM BERDOA - Single,JOM BERDOA,2025,Worldwide,https://music.apple.com/my/album/jom-berdoa/1831300445?i=1831300457&uo=4
Darwish,Do the Mantra - Single,Do the Mantra,2014,Trance,https://music.apple.com/my/album/do-the-mantra/6783509850?i=6783509853&uo=4
Darwish & Heidi,Aduhai Raya (Darwish X Heidi) - Single,Aduhai Raya (Darwish X Heidi),2025,Malaysian Pop,https://music.apple.com/my/album/aduhai-raya-darwish-x-heidi/1800379097?i=1800379098&uo=4
darwish.mp3,trees - Single,trees,2025,Alternative,https://music.apple.com/my/album/trees/1836608950?i=1836608951&uo=4
darwish.mp3,LOVE CREATION - Single,I NEED SOME LOVIN',2025,Pop,https://music.apple.com/my/album/i-need-some-lovin/1865663620?i=1865663621&uo=4
"Daqmie, Mestica, Fine, Zaidie Wildan, Darwish, SHIDEE KHAYRAN & Cahaya Hati",Hulurkan - Single,Hulurkan,2025,Malaysian Pop,https://music.apple.com/my/album/hulurkan/1797809327?i=1797809421&uo=4
Darwish,Purple Valley - Single,Purple Valley,2019,Trance,https://music.apple.com/my/album/purple-valley/1729638323?i=1729638326&uo=4
Darwish,Purple Valley - Single,Tribal Sensore,2019,Trance,https://music.apple.com/my/album/tribal-sensore/1729638323?i=1729638325&uo=4
Darwish,Syahadah Yang Tertangguh - Single,Syahadah Yang Tertangguh,2026,Indonesian Religious,https://music.apple.com/my/album/syahadah-yang-tertangguh/6775492590?i=6775492724&uo=4
darwish.mp3,"seek intel, get intel - Single","seek intel, get intel",2025,Alternative,https://music.apple.com/my/album/seek-intel-get-intel/1832168744?i=1832168745&uo=4
Darwish,Reclamation,Al'Ahad,2018,Contemporary Jazz,https://music.apple.com/my/album/alahad/1345271996?i=1345272689&uo=4
Darwish Hanis,Malamni - EP,Malamni (feat. Myra Azwan),2021,R&B/Soul,https://music.apple.com/my/album/malamni-feat-myra-azwan/1581779733?i=1581779828&uo=4
Darwish Guitar,Darwish - Single,Darwish,2024,Worldwide,https://music.apple.com/my/album/darwish/1742451519?i=1742451525&uo=4
Darwish,Jangan Putus Asa - Single,Jangan Putus Asa,2026,Indonesian Religious,https://music.apple.com/my/album/jangan-putus-asa/6775494499?i=6775494523&uo=4
"Darwish, Sub6 & ON3","Who's Afraid of 138?!, Vol. 2",Sun Stormer (Mix Cut),2015,Trance,https://music.apple.com/my/album/sun-stormer-mix-cut/1060539591?i=1060541054&uo=4
Darwish,Reclamation,Alghusq,2018,Contemporary Jazz,https://music.apple.com/my/album/alghusq/1345271996?i=1345272470&uo=4
darwish.mp3,breathe,sold your soul to the devil,2025,Alternative,https://music.apple.com/my/album/sold-your-soul-to-the-devil/1855664475?i=1855664481&uo=4
darwish.mp3,LOVE CREATION - Single,LOVE DELUXE,2025,Pop,https://music.apple.com/my/album/love-deluxe/1865663620?i=1865663623&uo=4
darwish.mp3,boat - Single,infinite loop operator,2025,Alternative,https://music.apple.com/my/album/infinite-loop-operator/1834617746?i=1834617748&uo=4
darwish.mp3,breathe,loved you in a day,2025,Alternative,https://music.apple.com/my/album/loved-you-in-a-day/1855664475?i=1855664483&uo=4
darwish.mp3,LOVE CREATION - Single,LOVE CREATION,2025,Pop,https://music.apple.com/my/album/love-creation/1865663620?i=1865663626&uo=4
darwish.mp3,breathe,breathe,2025,Alternative,https://music.apple.com/my/album/breathe/1855664475?i=1855664476&uo=4
Darwish,Exposed,The Shepherd,2021,Trance,https://music.apple.com/my/album/the-shepherd/1729681814?i=1729681971&uo=4
darwish.mp3,EUPHOBIA - EP,DATE INVITATION,2026,Alternative,https://music.apple.com/my/album/date-invitation/1876886026?i=1876886028&uo=4
darwish.mp3,thats life - Single,thats life,2025,Alternative,https://music.apple.com/my/album/thats-life/1831982592?i=1831982594&uo=4
darwish.mp3,breathe,hutan,2025,Alternative,https://music.apple.com/my/album/hutan/1855664475?i=1855664477&uo=4
Darwish,Reclamation,All in My Head,2018,Contemporary Jazz,https://music.apple.com/my/album/all-in-my-head/1345271996?i=1345272003&uo=4
Darwish,Power To the People - Single,Power To the People,2019,Dance,https://music.apple.com/my/album/power-to-the-people/1486615187?i=1486615188&uo=4
"Darwish, Sub6 & ON3","Who's Afraid of 138?!, Vol. 2 (Mixed by Coming Soon!!! & Ben Nicky)",Sun Stormer (Radio Edit),2015,Trance,https://music.apple.com/my/album/sun-stormer-radio-edit/1051353826?i=1051354363&uo=4
darwish.mp3,breathe,earth,2025,Alternative,https://music.apple.com/my/album/earth/1855664475?i=1855664479&uo=4
darwish.mp3,eggs - Single,eggs,2025,Alternative,https://music.apple.com/my/album/eggs/1836655840?i=1836655841&uo=4
Darwish,Reclamation,Nothing Matters,2018,Contemporary Jazz,https://music.apple.com/my/album/nothing-matters/1345271996?i=1345273117&uo=4
darwish.mp3,breathe,heaven (if it exists),2025,Alternative,https://music.apple.com/my/album/heaven-if-it-exists/1855664475?i=1855664480&uo=4
Darwish & Migel,Dropping Drops - Single,Dropping Drops,2019,Dance,https://music.apple.com/my/album/dropping-drops/1449711360?i=1449711361&uo=4
darwish.mp3,boat - Single,vast empyrean undertow,2025,Alternative,https://music.apple.com/my/album/vast-empyrean-undertow/1834617746?i=1834617749&uo=4
darwish.mp3,twist n' spin. - Single,twist n' spin.,2025,Alternative,https://music.apple.com/my/album/twist-n-spin/1841324755?i=1841324756&uo=4
Darwish,Exposed,Bond & Connect,2021,Trance,https://music.apple.com/my/album/bond-connect/1729681814?i=1729681969&uo=4
darwish.mp3,EUPHOBIA - EP,PURPLE RAIN,2026,Alternative,https://music.apple.com/my/album/purple-rain/1876886026?i=1876886033&uo=4
Darwish,Reclamation,Landscape,2018,Contemporary Jazz,https://music.apple.com/my/album/landscape/1345271996?i=1345272009&uo=4
"Darwish, ON3 & Sub6",Do the Mantra - Single,Sun Stormer,2014,Trance,https://music.apple.com/my/album/sun-stormer/6783509850?i=6783509852&uo=4
darwish.mp3,crease - Single,crease,2026,Alternative,https://music.apple.com/my/album/crease/6776882699?i=6776882700&uo=4
Darwish & Migel,Quite Staggering - Single,In To Space,2018,Dance,https://music.apple.com/my/album/in-to-space/1437262547?i=1437262736&uo=4
darwish.mp3,EUPHOBIA - EP,EUPHOBIA,2026,Alternative,https://music.apple.com/my/album/euphobia/1876886026?i=1876886030&uo=4
darwish.mp3,EUPHOBIA - EP,THE TOUCH,2026,Alternative,https://music.apple.com/my/album/the-touch/1876886026?i=1876886031&uo=4
Darwish & Migel,Quite Staggering - Single,Quite Staggering,2018,Dance,https://music.apple.com/my/album/quite-staggering/1437262547?i=1437262734&uo=4
Vini Vici & Darwish,Be Light (feat. התקווה 6) - Single,Be Light (feat. התקווה 6),2026,Trance,https://music.apple.com/my/album/be-light-feat-%D7%94%D7%AA%D7%A7%D7%95%D7%95%D7%94-6/6776581179?i=6776581456&uo=4
darwish.mp3,EUPHOBIA - EP,MOTHER,2026,Alternative,https://music.apple.com/my/album/mother/1876886026?i=1876886035&uo=4
Bassel Darwish,2019 Ibiza Sampler,Every Day,2019,House,https://music.apple.com/my/album/every-day/1466648825?i=1466648827&uo=4
Darwish,Do the Mantra - Single,Psybrero,2014,Trance,https://music.apple.com/my/album/psybrero/6783509850?i=6783509851&uo=4
Darwish,Do the Mantra - Single (Painkiller Remix) [feat. Meditative Mind] - Single,Do the Mantra (Painkiller Remix),2014,Dance,https://music.apple.com/my/album/do-the-mantra-painkiller-remix/1384638433?i=1384638451&uo=4
Darwish,Exposed,Cliff Hanger,2022,Trance,https://music.apple.com/my/album/cliff-hanger/1729681814?i=1729681970&uo=4
MEKDAD DARWISH,ذكريات قديمة بالية - EP,دفء المنزل,2023,Traditional Folk,https://music.apple.com/my/album/%D8%AF%D9%81%D8%A1-%D8%A7%D9%84%D9%85%D9%86%D8%B2%D9%84/1698841772?i=1698841843&uo=4
darwish.mp3,cranky muzic - Single,cranky muzic,2026,Dance,https://music.apple.com/my/album/cranky-muzic/6775161865?i=6775161866&uo=4
Sayed Darwish,Best of Sayed Darwish,Zourouni Kouli Sanah Marah,2010,Arabic,https://music.apple.com/my/album/zourouni-kouli-sanah-marah/909128266?i=909128335&uo=4
Darwish & No Spoon,Trance From Scratch - Single,Trance From Scratch,2022,Dance,https://music.apple.com/my/album/trance-from-scratch/1622083422?i=1622083424&uo=4
"Greg Foat, Jihad Darwish & Moses Boyd",Opening Time,Her Love Is All I Need,2025,Jazz,https://music.apple.com/my/album/her-love-is-all-i-need/1824827677?i=1824827678&uo=4
Bassel Darwish,Feel Like - Single,Not My Truth,2017,House,https://music.apple.com/my/album/not-my-truth/1247351237?i=1247351240&uo=4
"Saff One, Zaidie Wildan, Faiz Darwish & Izwan NICE",Maaf Di Aidilfitri - Single,Maaf Di Aidilfitri,2026,Asia,https://music.apple.com/my/album/maaf-di-aidilfitri/1884111606?i=1884111607&uo=4
Darwish,Exposed,Karma 21,2022,Trance,https://music.apple.com/my/album/karma-21/1729681814?i=1729681972&uo=4
Darwish Hanis & ONEY,No Lies - Single,No Lies,2021,R&B/Soul,https://music.apple.com/my/album/no-lies/1550666206?i=1550666208&uo=4
Bassel Darwish,Gwan - EP,Gwan,2019,Dance,https://music.apple.com/my/album/gwan/1527337280?i=1527337282&uo=4
"Darwish, Jacopo Gabutto & Josh Hogan",Sea Gate,Jerusalem Wind,2006,Alternative,https://music.apple.com/my/album/jerusalem-wind/1474418472?i=1474418546&uo=4
Pettra & Darwish,Asfur - Single,Asfur,2024,Trance,https://music.apple.com/my/album/asfur/1773770501?i=1773770505&uo=4
Darwish,Exposed,Stories of Powerful Shamans,2022,Trance,https://music.apple.com/my/album/stories-of-powerful-shamans/1729681814?i=1729681816&uo=4
"Greg Foat, Jihad Darwish & Moses Boyd",Opening Time,Transcendence,2025,Jazz,https://music.apple.com/my/album/transcendence/1824827677?i=1824827686&uo=4
Darwish,Exposed,Party Accelerator,2022,Trance,https://music.apple.com/my/album/party-accelerator/1729681814?i=1729681967&uo=4
Darwish & Rising Dust,Starting to Feel - Single,Ammen,2016,Trance,https://music.apple.com/my/album/ammen/1730766476?i=1730766477&uo=4
Bassel Darwish,Paradise EP,Paradise,2024,Dance,https://music.apple.com/my/album/paradise/1743439973?i=1743439974&uo=4
Bassel Darwish,Collins EP,Collins,2017,Dance,https://music.apple.com/my/album/collins/1214658775?i=1214658916&uo=4
Marcel Khalife & Mahmoud Darwish,Andalusia of Love,"Overture (feat. Rami Khalife, Gilbert Yammine & Bachar Khalife)",2016,Worldwide,https://music.apple.com/my/album/overture-feat-rami-khalife-gilbert-yammine-bachar-khalife/1171997487?i=1171997621&uo=4
"Greg Foat, Jihad Darwish & Moses Boyd",Opening Time,Skipping Tones,2025,Jazz,https://music.apple.com/my/album/skipping-tones/1824827677?i=1824827679&uo=4
Animato & Darwish,Yahe - Single,Yahe,2023,Trance,https://music.apple.com/my/album/yahe/1673444173?i=1673444174&uo=4
Darwish,Exposed,Rise & Shine,2022,Trance,https://music.apple.com/my/album/rise-shine/1729681814?i=1729681815&uo=4
"Greg Foat, Jihad Darwish & Moses Boyd",Opening Time,Opening Time,2025,Jazz,https://music.apple.com/my/album/opening-time/1824827677?i=1824827680&uo=4
Marcel Khalife & Mahmoud Darwish,Ahmad Al Arabi,My Song,1984,Worldwide,https://music.apple.com/my/album/my-song/526577746?i=526577956&uo=4
Sayed Darwish,"Anthology, Vol. 1",Zourouni kooli sanah marah,2010,Arabic Pop,https://music.apple.com/my/album/zourouni-kooli-sanah-marah/1083482126?i=1083483020&uo=4
Bassel Darwish,Dr. Beat - Single,Dr. Beat,2024,Dance,https://music.apple.com/my/album/dr-beat/1761908016?i=1761908017&uo=4
Sayed Darwish,Sayed Darwish - Mémoire originale,Zouroni Kouli Sana Marah,1972,Worldwide,https://music.apple.com/my/album/zouroni-kouli-sana-marah/1784241221?i=1784241357&uo=4
Sayed Darwish,Sayed Darwish / History of Arabic Song: Recordings 1920 - 1923,Salma Ya Salama (1920),2003,Worldwide,https://music.apple.com/my/album/salma-ya-salama-1920/287385824?i=287385867&uo=4
Rising Dust & Darwish,Arba,Noyla Menoyla,2017,Dance,https://music.apple.com/my/album/noyla-menoyla/1387850909?i=1387851588&uo=4
Pettra & Darwish,Savta - Single,Savta,2022,Trance,https://music.apple.com/my/album/savta/1729545356?i=1729545357&uo=4
Brightlight & Darwish,Belief,I Need a Miracle,2018,Trance,https://music.apple.com/my/album/i-need-a-miracle/1729660390?i=1729660394&uo=4
Darwish,Exposed,Tripping Warlock,2022,Trance,https://music.apple.com/my/album/tripping-warlock/1729681814?i=1729681968&uo=4
Radwa Tarek & Sayed Darwish,Zikrayat Sayed Darwish,El Helwa Di,2023,Arabic Pop,https://music.apple.com/my/album/el-helwa-di/1699734119?i=1699734622&uo=4
Sayed Darwish,Sayed Darwish / History of Arabic Song: Recordings 1920 - 1923,Didn't I Tell You That Plenty (Song for the Workers) [1920],2003,Worldwide,https://music.apple.com/my/album/didnt-i-tell-you-that-plenty-song-for-the-workers-1920/287385824?i=287385903&uo=4
"Greg Foat, Jihad Darwish & Moses Boyd",Opening Time,Awareness,2025,Jazz,https://music.apple.com/my/album/awareness/1824827677?i=1824827685&uo=4
Ihab Darwish,Hekayat Symphonic Tales,Ya Bahr (feat. 鼓童),2021,Pop,https://music.apple.com/my/album/ya-bahr-feat-%E9%BC%93%E7%AB%A5/1563804271?i=1563804623&uo=4
Darwish Hanis,Malamni - EP,Night Away,2021,R&B/Soul,https://music.apple.com/my/album/night-away/1581779733?i=1581779837&uo=4
Mahmoud Darwish,هي في المساء وحيدة - Single,هي في المساء وحيدة,1998,Arabic,https://music.apple.com/my/album/%D9%87%D9%8A-%D9%81%D9%8A-%D8%A7%D9%84%D9%85%D8%B3%D8%A7%D8%A1-%D9%88%D8%AD%D9%8A%D8%AF%D8%A9/1654910006?i=1654910158&uo=4
Marcel Khalife & Mahmoud Darwish,Ahmad Al Arabi,Hands of Thyme and Stone,1984,Worldwide,https://music.apple.com/my/album/hands-of-thyme-and-stone/526577746?i=526577950&uo=4
Marcel Khalife & Mahmoud Darwish,Ahmad Al Arabi,The Wedding,1984,Worldwide,https://music.apple.com/my/album/the-wedding/526577746?i=526577952&uo=4
Ihab Darwish,Hekayat Symphonic Tales,Across The Skies (feat. Iva Georgieva & Aslam Safla),2021,Pop,https://music.apple.com/my/album/across-the-skies-feat-iva-georgieva-aslam-safla/1563804271?i=1563804616&uo=4
Marcel Khalife & Mahmoud Darwish,Ahmad Al Arabi,I am Arab Ahmad,1984,Worldwide,https://music.apple.com/my/album/i-am-arab-ahmad/526577746?i=526577955&uo=4
Darwish,Reclamation,Over Now,2018,Contemporary Jazz,https://music.apple.com/my/album/over-now/1345271996?i=1345272831&uo=4
Darwish,Reclamation,"Fire, Water, Matter",2018,Contemporary Jazz,https://music.apple.com/my/album/fire-water-matter/1345271996?i=1345273255&uo=4
Sayed Darwish,"Anthology, Vol. 1",Chidi el hizam,2010,Arabic Pop,https://music.apple.com/my/album/chidi-el-hizam/1083482126?i=1083483024&uo=4
Ihab Darwish,Waves of My Life,Desert Knight,2018,Worldwide,https://music.apple.com/my/album/desert-knight/1442890853?i=1442891073&uo=4
Ihab Darwish,Hekayat Symphonic Tales,New Moon (feat. Steven Lin),2021,Instrumental,https://music.apple.com/my/album/new-moon-feat-steven-lin/1563804271?i=1563804620&uo=4
Ihab Darwish,Hekayat Symphonic Tales,Nova Duetto (feat. John Beasley & MONK'estra),2021,Instrumental,https://music.apple.com/my/album/nova-duetto-feat-john-beasley-monkestra/1563804271?i=1563804632&uo=4
Bassel Darwish,Talk - Single,Talk,2022,House,https://music.apple.com/my/album/talk/1625745951?i=1625745952&uo=4
Eman El Bahr Darwish,Al Warseen,Al Arwam,2013,Arabic,https://music.apple.com/my/album/al-arwam/769378893?i=769378906&uo=4
Darwish,Pa Char Nan Sabo Di Har Kam Umar Zanki Ta - Single,Pa Char Nan Sabo Di Har Kam Umar Zanki Ta,2023,Worldwide,https://music.apple.com/my/album/pa-char-nan-sabo-di-har-kam-umar-zanki-ta/1695792491?i=1695792800&uo=4
Marcel Khalife & Mahmoud Darwish,Ahmad Al Arabi,Ahmad emerges from the Ancient Wounds,1984,Worldwide,https://music.apple.com/my/album/ahmad-emerges-from-the-ancient-wounds/526577746?i=526577953&uo=4
Ihab Darwish,Waves of My Life,Lawlaki (feat. Sammy Clark),1974,Worldwide,https://music.apple.com/my/album/lawlaki-feat-sammy-clark/1442890853?i=1442891291&uo=4
Ihab Darwish,Hekayat Symphonic Tales,The Wanderer,2021,Instrumental,https://music.apple.com/my/album/the-wanderer/1563804271?i=1563804628&uo=4
Ihab Darwish,Hekayat Symphonic Tales,Zahra (feat. Sara Andon),2021,Instrumental,https://music.apple.com/my/album/zahra-feat-sara-andon/1563804271?i=1563804848&uo=4
Marcel Khalife & Mahmoud Darwish,Ahmad Al Arabi,Ahmad Counts his Limbs,1984,Worldwide,https://music.apple.com/my/album/ahmad-counts-his-limbs/526577746?i=526577957&uo=4
Marcel Khalife & Mahmoud Darwish,Ahmad Al Arabi,Ahmad the Refugee Camp,1984,Worldwide,https://music.apple.com/my/album/ahmad-the-refugee-camp/526577746?i=526577965&uo=4
Sayed Darwish,"Anthology, Vol. 2",Quom ya masri,2010,Arabic Pop,https://music.apple.com/my/album/quom-ya-masri/1083488588?i=1083489083&uo=4
Bassel Darwish,6 Years Anniversary,Mosaic,2016,House,https://music.apple.com/my/album/mosaic/1464609149?i=1464609215&uo=4
Ihab Darwish,Hekayat Symphonic Tales,Hekayat (feat. Kinan Azmeh),2021,Instrumental,https://music.apple.com/my/album/hekayat-feat-kinan-azmeh/1563804271?i=1563804606&uo=4
Ihab Darwish,Hekayat Symphonic Tales,Danza Del Sol,2021,Instrumental,https://music.apple.com/my/album/danza-del-sol/1563804271?i=1563804612&uo=4
"Greg Foat, Jihad Darwish & Moses Boyd",Opening Time,Dreams of Peace,2025,Jazz,https://music.apple.com/my/album/dreams-of-peace/1824827677?i=1824827682&uo=4
Darwish,Reclamation,The Sign,2018,Contemporary Jazz,https://music.apple.com/my/album/the-sign/1345271996?i=1345272825&uo=4
Darwish,"Indira Paganotto at Club Space, Miami, Feb 17, 2023 (DJ Mix)",Power To the People (Mixed),2023,Techno,https://music.apple.com/my/album/power-to-the-people-mixed/1681930182?i=1681930524&uo=4
Darwish & Adirøs,The Medicine - Single,The Medicine,2025,Trance,https://music.apple.com/my/album/the-medicine/1805883530?i=1805883533&uo=4
Darwish,Chant of Freedom - Single,Chant of Freedom,2025,Trance,https://music.apple.com/my/album/chant-of-freedom/1853387733?i=1853387734&uo=4
Marcel Khalife & Mahmoud Darwish,Andalusia of Love,Ana Li Habibi (feat. Rami Khalife & Gilbert Yammine),2016,Worldwide,https://music.apple.com/my/album/ana-li-habibi-feat-rami-khalife-gilbert-yammine/1171997487?i=1171997625&uo=4
Ihab Darwish,Waves of My Life,Chords of Reverie,2018,Worldwide,https://music.apple.com/my/album/chords-of-reverie/1442890853?i=1442891065&uo=4
Reda Darwish,Masters of Arabian Percussion,Sultan's Delight,2007,Worldwide,https://music.apple.com/my/album/sultans-delight/256904367?i=256905276&uo=4
Sayed Darwish,Sayed Darwish / History of Arabic Song: Recordings 1920 - 1923,I Was In Love (1922),2003,Worldwide,https://music.apple.com/my/album/i-was-in-love-1922/287385824?i=287385900&uo=4
Marcel Khalife & Mahmoud Darwish,Andalusia of Love,"Ouhibouki (feat. Rami Khalife, Gilbert Yammine & Bachar Khalife)",2016,Worldwide,https://music.apple.com/my/album/ouhibouki-feat-rami-khalife-gilbert-yammine-bachar/1171997487?i=1171997624&uo=4
Ihab Darwish,Waves of My Life,Arabesco,2018,Worldwide,https://music.apple.com/my/album/arabesco/1442890853?i=1442891303&uo=4
Ihab Darwish,Waves of My Life,She,2018,Worldwide,https://music.apple.com/my/album/she/1442890853?i=1442891308&uo=4
Ihab Darwish,Hekayat Symphonic Tales,Gazelle Eyes (feat. José Cura),2021,Pop,https://music.apple.com/my/album/gazelle-eyes-feat-jos%C3%A9-cura/1563804271?i=1563804634&uo=4
Ihab Darwish,Hekayat Symphonic Tales,Galactic Hope (feat. 鼓童 & Edyta Krzemien),2021,Pop,https://music.apple.com/my/album/galactic-hope-feat-%E9%BC%93%E7%AB%A5-edyta-krzemien/1563804271?i=1563804857&uo=4
Ihab Darwish,Hekayat Symphonic Tales,Serenade of My Heart (feat. Carlos Piñana),2021,Instrumental,https://music.apple.com/my/album/serenade-of-my-heart-feat-carlos-pi%C3%B1ana/1563804271?i=1563804861&uo=4
Ihab Darwish,Hekayat Symphonic Tales,New Dawn (feat. Dharni & Arqam),2021,Pop,https://music.apple.com/my/album/new-dawn-feat-dharni-arqam/1563804271?i=1563804865&uo=4
Bassel Darwish,Close - Single,Close,2021,Electronic,https://music.apple.com/my/album/close/1575774981?i=1575774982&uo=4
"Ihab Darwish, John Cardon Debney & David Shire",Symphony Of Three,"Symphony Of Three: Tolerance (feat. Beethoven Academy Orchestra, Mohmoud El-Tohamy, Wayne Bergeron, Santiago Cañón-Valencia, Aytaç Doğan, Sadiq Jaafar, Sumi Jo, Melissa White, Simone Pedroni, Pedro Eustache, Ibrahim Fathi, Lavinia Meijer, Carlos Piñana, Royal Scottish National Orchestra Chorus, Antonine University Choir, Tohamy’s Elite School Chores, Diego Navarro, Elham Al Marzooqi, Jerusalem Knights Choir & Sara Andon)",2022,Classical,https://music.apple.com/my/album/symphony-of-three-tolerance-feat-beethoven-academy/1646996277?i=1646996291&uo=4
Ali Darwish,Masters of Arabian Percussion,Drum On,2007,Worldwide,https://music.apple.com/my/album/drum-on/256904367?i=256905181&uo=4
Marcel Khalife & Mahmoud Darwish,Ahmad Al Arabi,Let the Seige Come,1984,Worldwide,https://music.apple.com/my/album/let-the-seige-come/526577746?i=526577951&uo=4
Marcel Khalife & Mahmoud Darwish,Ahmad Al Arabi,Ahmad Awaits,1984,Worldwide,https://music.apple.com/my/album/ahmad-awaits/526577746?i=526577958&uo=4
Marcel Khalife & Mahmoud Darwish,Ahmad Al Arabi,Haifa Started Here,1984,Worldwide,https://music.apple.com/my/album/haifa-started-here/526577746?i=526577961&uo=4
Ihab Darwish,Waves of My Life,The Euphony,2018,Worldwide,https://music.apple.com/my/album/the-euphony/1442890853?i=1442891300&uo=4
Ihab Darwish,Hekayat Symphonic Tales,Ensemble of Peace,2021,Instrumental,https://music.apple.com/my/album/ensemble-of-peace/1563804271?i=1563804872&uo=4
Bassel Darwish,"Josh Butler at Floyd, Miami Jul 15, 2022 (DJ Mix)",Talk (Mixed),2022,House,https://music.apple.com/my/album/talk-mixed/1638822316?i=1638822322&uo=4
Marcel Khalife & Mahmoud Darwish,Ahmad Al Arabi,Let the Siege come,1984,Worldwide,https://music.apple.com/my/album/let-the-siege-come/526577746?i=526577954&uo=4
Marcel Khalife & Mahmoud Darwish,Ahmad Al Arabi,Ahmad My Brother,1984,Worldwide,https://music.apple.com/my/album/ahmad-my-brother/526577746?i=526577971&uo=4
Darwish & Rising Dust,Noyla Menoyla (Darwish Remix) - Single,Noyla Menoyla (Darwish Remix),2026,Trance,https://music.apple.com/my/album/noyla-menoyla-darwish-remix/6775808349?i=6775808351&uo=4
Bassel Darwish,Wild Horse - Single,Pantera,2016,Electronic,https://music.apple.com/my/album/pantera/1120745707?i=1120745910&uo=4
"Greg Foat, Jihad Darwish & Moses Boyd",Opening Time,Redemption,2025,Jazz,https://music.apple.com/my/album/redemption/1824827677?i=1824827681&uo=4
Sayed Darwish,Sayed Darwish / History of Arabic Song: Recordings 1920 - 1923,Be Careful to Your Right (A Song for Coachmen) [1920],2003,Worldwide,https://music.apple.com/my/album/be-careful-to-your-right-a-song-for-coachmen-1920/287385824?i=287385902&uo=4
Sayed Darwish,Sayed Darwish / History of Arabic Song: Recordings 1920 - 1923,Hella Halla (expression of the Workers’ Happiness) [1920],2003,Worldwide,https://music.apple.com/my/album/hella-halla-expression-of-the-workers-happiness-1920/287385824?i=287385912&uo=4
Marcel Khalife & Mahmoud Darwish,Ahmad Al Arabi,Curves of Autumn,1984,Worldwide,https://music.apple.com/my/album/curves-of-autumn/526577746?i=526577970&uo=4
Devotees,Devotees,Sahabatku,2005,Islamic,https://music.apple.com/my/album/sahabatku/1784500470?i=1784500488&uo=4
Devotees,Devotees,Kekasih,2005,Islamic,https://music.apple.com/my/album/kekasih/1784500470?i=1784500740&uo=4
Devotees,Devotees,Tika Dinihari,2005,Islamic,https://music.apple.com/my/album/tika-dinihari/1784500470?i=1784500479&uo=4
Devotees,Setiaku Di Sini,Mahar Cinta,2005,Pop,https://music.apple.com/my/album/mahar-cinta/1442461454?i=1442461672&uo=4
Devotees,Berjalan Tanpa Henti,Berjalan Tanpa Henti,2005,Islamic,https://music.apple.com/my/album/berjalan-tanpa-henti/1776806359?i=1776806367&uo=4
Devotees,Berjalan Tanpa Henti,Bersama,2005,Islamic,https://music.apple.com/my/album/bersama/1776806359?i=1776806370&uo=4
Devotees,Aku PerlukanMu - Single,Aku PerlukanMu,2005,Pop,https://music.apple.com/my/album/aku-perlukanmu/1778018921?i=1778019420&uo=4
Devotees,Devotees,Luahan Rindu,2005,Islamic,https://music.apple.com/my/album/luahan-rindu/1784500470?i=1784500752&uo=4
Devotees,Devotees,Lament,2005,Islamic,https://music.apple.com/my/album/lament/1784500470?i=1784500951&uo=4
Devotees,Ramadhan & Syawal - EP,Rindu Ramadhan,2019,Worldwide,https://music.apple.com/my/album/rindu-ramadhan/1461088448?i=1461088449&uo=4
Devotees,Devotees,Mencari Cinta,2005,Islamic,https://music.apple.com/my/album/mencari-cinta/1784500470?i=1784500485&uo=4
Devotees,Erti Bahagia - Single,Erti Bahagia,2019,Worldwide,https://music.apple.com/my/album/erti-bahagia/1452318324?i=1452318530&uo=4
Devotees,Berjalan Tanpa Henti,Harapan (feat. Salleh Brothers),2005,Islamic,https://music.apple.com/my/album/harapan-feat-salleh-brothers/1776806359?i=1776806573&uo=4
Devotees,Devotees,Alpha (feat. Akbar),2005,Islamic,https://music.apple.com/my/album/alpha-feat-akbar/1784500470?i=1784500733&uo=4
Devotees,Mahar Cinta reimagined - Single,Mahar Cinta reimagined,2024,Malaysian Pop,https://music.apple.com/my/album/mahar-cinta-reimagined/1777773244?i=1777773248&uo=4
Devotees,Devotees,Hijrah Menuju Allah,2005,Islamic,https://music.apple.com/my/album/hijrah-menuju-allah/1784500470?i=1784500756&uo=4
Devotees,Devotees,Tragedi Diana,2005,Islamic,https://music.apple.com/my/album/tragedi-diana/1784500470?i=1784500960&uo=4
Devotees,Berjalan Tanpa Henti,Hadirnya Cahaya,2005,Islamic,https://music.apple.com/my/album/hadirnya-cahaya/1776806359?i=1776806378&uo=4
Devotees,Ramadhan & Syawal - EP,Nikmat Aidilfitri,2019,Worldwide,https://music.apple.com/my/album/nikmat-aidilfitri/1461088448?i=1461088454&uo=4
Devotees,Berjalan Tanpa Henti,Rindu Kedamaian,2005,Islamic,https://music.apple.com/my/album/rindu-kedamaian/1776806359?i=1776806578&uo=4
Devotees,Ramadhan & Syawal - EP,Selawat Ramadhan,2019,Worldwide,https://music.apple.com/my/album/selawat-ramadhan/1461088448?i=1461088453&uo=4
Devotees,Berjalan Tanpa Henti,Selagi Hayatmu Di Sini,2005,Islamic,https://music.apple.com/my/album/selagi-hayatmu-di-sini/1776806359?i=1776806382&uo=4
Devotees,Berjalan Tanpa Henti,Don't Walk Away,2005,Islamic,https://music.apple.com/my/album/dont-walk-away/1776806359?i=1776806569&uo=4
Devotees,Ramadhan & Syawal - EP,Azam Ramadhan,2005,Worldwide,https://music.apple.com/my/album/azam-ramadhan/1461088448?i=1461088451&uo=4
Devotees,Berjalan Tanpa Henti,Bersama (Akustik),2005,Islamic,https://music.apple.com/my/album/bersama-akustik/1776806359?i=1776806582&uo=4
Sadguru SriSatUpasi & Devotees,Namo Namo Guru,Illilla Yaradu Patra,2006,Inspirational,https://music.apple.com/my/album/illilla-yaradu-patra/1663135548?i=1663135816&uo=4
Devotees of Sri Sai Kaleshwar,At Baba's Feet,Om Nama Shivaya,2008,New Age,https://music.apple.com/my/album/om-nama-shivaya/275057160?i=275057287&uo=4
Sadguru SriSatUpasi & Devotees,Antaryami,Namashivaya Namashivaya,2004,Inspirational,https://music.apple.com/my/album/namashivaya-namashivaya/1645860665?i=1645860669&uo=4
Sai Devotees,Sai Bhajans,Jai Ganesha,2015,Devotional & Spiritual,https://music.apple.com/my/album/jai-ganesha/1024993682?i=1024994498&uo=4
Devotees of Sri Sai Kaleshwar,At Baba's Feet,Shirdi Sai,2008,New Age,https://music.apple.com/my/album/shirdi-sai/275057160?i=275057249&uo=4
Devotees of Sri Sai Kaleshwar,At Baba's Feet,Antara Jyoti Namo,2008,New Age,https://music.apple.com/my/album/antara-jyoti-namo/275057160?i=275057283&uo=4
Devotees of Sri Sai Kaleshwar,At Baba's Feet,Guru Mantra,2008,New Age,https://music.apple.com/my/album/guru-mantra/275057160?i=275057173&uo=4
Sadguru SriSatUpasi & Devotees,Namisuve Charanake,Hoguva Banni,2005,Inspirational,https://music.apple.com/my/album/hoguva-banni/1646411936?i=1646411944&uo=4
Sai Devotees,Sai Bhajans,Parthipuriswara,2015,Devotional & Spiritual,https://music.apple.com/my/album/parthipuriswara/1024993682?i=1024994892&uo=4
Sai Devotees,Sai Bhajans,Jaya Guru,2015,Devotional & Spiritual,https://music.apple.com/my/album/jaya-guru/1024993682?i=1024994524&uo=4
Sadguru SriSatUpasi & Devotees,Dattanugraha,Datta Digambarane,2016,Inspirational,https://music.apple.com/my/album/datta-digambarane/1647787389?i=1647787772&uo=4
Sadguru SriSatUpasi & Devotees,Namisuve Charanake,Thumbi Tulukadutaitamma,2005,Inspirational,https://music.apple.com/my/album/thumbi-tulukadutaitamma/1646411936?i=1646411940&uo=4
Sai Devotees,Sai Bhajans,Bhajo Sitaram,2015,Devotional & Spiritual,https://music.apple.com/my/album/bhajo-sitaram/1024993682?i=1024994885&uo=4
Sai Devotees,Sai Bhajans,Sriram Jayaram,2015,Devotional & Spiritual,https://music.apple.com/my/album/sriram-jayaram/1024993682?i=1024994888&uo=4
Sai Devotees,Sai Bhajans,Jayamma,2015,Devotional & Spiritual,https://music.apple.com/my/album/jayamma/1024993682?i=1024994887&uo=4
Amma's Devotees,"Echoes of the Infinite, Vol. 1",Arati,1996,Devotional & Spiritual,https://music.apple.com/my/album/arati/302064956?i=302065189&uo=4
Bhagawan Yogi Ramsuratkumar & Devotees,Various Chantings of Yogi Ramsuratkumar,Yogi Ramsuratkumar Chanting by Bhagawan,2021,Tamil,https://music.apple.com/my/album/yogi-ramsuratkumar-chanting-by-bhagawan/1589773440?i=1589773601&uo=4
Bhagawan Yogi Ramsuratkumar & Devotees,Various Chantings of Yogi Ramsuratkumar,Yogi Ramsuratkumar Divine Chanting by Bhagawan,2021,Tamil,https://music.apple.com/my/album/yogi-ramsuratkumar-divine-chanting-by-bhagawan/1589773440?i=1589773602&uo=4
Sadguru SriSatUpasi & Devotees,Etta Nodidaratta Shivanamma - EP,Etta Nodidaratta,2004,Inspirational,https://music.apple.com/my/album/etta-nodidaratta/1646390432?i=1646390433&uo=4
Devotees of Sri Sai Kaleshwar,At Baba's Feet,Gajanana,2008,New Age,https://music.apple.com/my/album/gajanana/275057160?i=275057202&uo=4
Sai Devotees,Sai Bhajans,Hare Hare,2015,Devotional & Spiritual,https://music.apple.com/my/album/hare-hare/1024993682?i=1024994886&uo=4
Sai Devotees,Sai Bhajans,Govinda Krishna Jai,2015,Devotional & Spiritual,https://music.apple.com/my/album/govinda-krishna-jai/1024993682?i=1024994889&uo=4
Devotees of Sri Sai Kaleshwar,At Baba's Feet,Jaya Ma,2008,New Age,https://music.apple.com/my/album/jaya-ma/275057160?i=275057206&uo=4
Bhagawan Yogi Ramsuratkumar & Devotees,Various Chantings of Yogi Ramsuratkumar,Pallandu Pallandu Vazhiye Vazhiye,2021,Tamil,https://music.apple.com/my/album/pallandu-pallandu-vazhiye-vazhiye/1589773440?i=1589773597&uo=4
Devotees of Sri Sai Kaleshwar,At Baba's Feet,Swagatam Krishna,2008,New Age,https://music.apple.com/my/album/swagatam-krishna/275057160?i=275057231&uo=4
Amma's Devotees,Echoes of the Infinite Volume 2,Arikulil,1998,Devotional & Spiritual,https://music.apple.com/my/album/arikulil/285004037?i=285004060&uo=4
Sadguru SriSatUpasi & Devotees,Etta Nodidaratta Shivanamma - EP,Om Nama Shivaya,2004,Inspirational,https://music.apple.com/my/album/om-nama-shivaya/1646390432?i=1646390436&uo=4
Devotees of Sri Sai Kaleshwar,At Baba's Feet,Ganga Jatadhara,2008,New Age,https://music.apple.com/my/album/ganga-jatadhara/275057160?i=275057245&uo=4
Devotees of Sri Sai Kaleshwar,At Baba's Feet,Om Mama,2008,New Age,https://music.apple.com/my/album/om-mama/275057160?i=275057251&uo=4
Bhagawan Yogi Ramsuratkumar & Devotees,Various Chantings of Yogi Ramsuratkumar,Ramdass Nama,2021,Tamil,https://music.apple.com/my/album/ramdass-nama/1589773440?i=1589773598&uo=4
Bhagawan Yogi Ramsuratkumar & Devotees,Various Chantings of Yogi Ramsuratkumar,Sita Ram Sita Ram,2021,Tamil,https://music.apple.com/my/album/sita-ram-sita-ram/1589773440?i=1589773599&uo=4
Sadguru SriSatUpasi & Devotees,Sri Guru Charana,Ellarantalla Nanna Mallayyanu,2006,Inspirational,https://music.apple.com/my/album/ellarantalla-nanna-mallayyanu/1646200493?i=1646200497&uo=4
Sadguru SriSatUpasi & Devotees,Etta Nodidaratta Shivanamma - EP,Shiva Shiva,2004,Inspirational,https://music.apple.com/my/album/shiva-shiva/1646390432?i=1646390435&uo=4
Sadguru SriSatUpasi & Devotees,Namisuve Charanake,Kooguvenayya,2005,Inspirational,https://music.apple.com/my/album/kooguvenayya/1646411936?i=1646411939&uo=4
Amma's Devotees,Echoes of the Infinite Volume 2,Jai Radha Madhava,1998,Devotional & Spiritual,https://music.apple.com/my/album/jai-radha-madhava/285004037?i=285004141&uo=4
Bhagawan Yogi Ramsuratkumar & Devotees,Various Chantings of Yogi Ramsuratkumar,Arunachala Siva Arunachala Jada,2021,Tamil,https://music.apple.com/my/album/arunachala-siva-arunachala-jada/1589773440?i=1589773441&uo=4
Bhagawan Yogi Ramsuratkumar & Devotees,Various Chantings of Yogi Ramsuratkumar,Bhagawans Various Chantings,2021,Tamil,https://music.apple.com/my/album/bhagawans-various-chantings/1589773440?i=1589773444&uo=4
Sadguru SriSatUpasi & Devotees,Antaryami,Kanneshwara Kanneshwara,2004,Inspirational,https://music.apple.com/my/album/kanneshwara-kanneshwara/1645860665?i=1645860667&uo=4
Sadguru SriSatUpasi & Devotees,Dattanugraha,Peetam Vishwa Dharitri,2016,Inspirational,https://music.apple.com/my/album/peetam-vishwa-dharitri/1647787389?i=1647787762&uo=4
Women-devotees dancing at the shrine of the Lai Harouba,Ritual Music of Manipur (India),Laipou Jagoi Ritual Music,1960,Worldwide,https://music.apple.com/my/album/laipou-jagoi-ritual-music/219362504?i=219362975&uo=4
Amma's Devotees,"Echoes of the Infinite, Vol. 1",Paurnami Ravil,1996,Devotional & Spiritual,https://music.apple.com/my/album/paurnami-ravil/302064956?i=302065187&uo=4
Bhagawan Yogi Ramsuratkumar & Devotees,Various Chantings of Yogi Ramsuratkumar,Bhagawans Various Divine Nama Chanting,2021,Tamil,https://music.apple.com/my/album/bhagawans-various-divine-nama-chanting/1589773440?i=1589773445&uo=4
Bhagawan Yogi Ramsuratkumar & Devotees,Various Chantings of Yogi Ramsuratkumar,Bhagawans Various Nama Chantings,2021,Tamil,https://music.apple.com/my/album/bhagawans-various-nama-chantings/1589773440?i=1589773596&uo=4
Bhagawan Yogi Ramsuratkumar & Devotees,Various Chantings of Yogi Ramsuratkumar,Yada Yada ki Dharma,2021,Tamil,https://music.apple.com/my/album/yada-yada-ki-dharma/1589773440?i=1589773600&uo=4
Sadguru SriSatUpasi & Devotees,Antaryami,Jagadishwara Sarveshwara,2004,Inspirational,https://music.apple.com/my/album/jagadishwara-sarveshwara/1645860665?i=1645860668&uo=4
Sadguru SriSatUpasi & Devotees,Antaryami,Hara Hara Shiva Shambho,2004,Inspirational,https://music.apple.com/my/album/hara-hara-shiva-shambho/1645860665?i=1645860670&uo=4
Sadguru SriSatUpasi & Devotees,Sri Guru Charana,"Sri Guru Charana, Pt.2",2006,Inspirational,https://music.apple.com/my/album/sri-guru-charana-pt-2/1646200493?i=1646200495&uo=4
Sadguru SriSatUpasi & Devotees,Dhanyana Mado SriHariye,Govinda Hara Govinda,2006,Devotional & Spiritual,https://music.apple.com/my/album/govinda-hara-govinda/1646954058?i=1646954061&uo=4
Sadguru SriSatUpasi & Devotees,Dhanyana Mado SriHariye,Entha Modiya Madida,2006,Devotional & Spiritual,https://music.apple.com/my/album/entha-modiya-madida/1646954058?i=1646954063&uo=4
Sadguru SriSatUpasi & Devotees,Dhanyana Mado SriHariye,Yenttha Ananda,2006,Devotional & Spiritual,https://music.apple.com/my/album/yenttha-ananda/1646954058?i=1646954066&uo=4
Sadguru SriSatUpasi & Devotees,Sadguru SriSatUpasi Divya Sahasranama Stotra (1.0) - EP,Sadguru SriSatUpasi Divya Sahasranama Stotra (1.0),2025,Inspirational,https://music.apple.com/my/album/sadguru-srisatupasi-divya-sahasranama-stotra-1-0/1790811124?i=1790811126&uo=4
Amma's Devotees,Echoes of the Infinite Volume 2,Kaha Ho Kahna,1998,Devotional & Spiritual,https://music.apple.com/my/album/kaha-ho-kahna/285004037?i=285004238&uo=4
The Devotees,The Tall Man At The Back,The Big House,2010,Rock,https://music.apple.com/my/album/the-big-house/358940911?i=358941629&uo=4
Amma's Devotees,Echoes of the Infinite Volume 2,Sankari Sambavi,1998,Devotional & Spiritual,https://music.apple.com/my/album/sankari-sambavi/285004037?i=285004149&uo=4
Amma's Devotees,Echoes of the Infinite Volume 2,Sirme Mayura,1998,Devotional & Spiritual,https://music.apple.com/my/album/sirme-mayura/285004037?i=285004161&uo=4
Amma's Devotees,"Echoes of the Infinite, Vol. 1",Hey Bhagavan,1996,Devotional & Spiritual,https://music.apple.com/my/album/hey-bhagavan/302064956?i=302065080&uo=4
Amma's Devotees,"Echoes of the Infinite, Vol. 1",Pachabel's Canon Improve,1996,Devotional & Spiritual,https://music.apple.com/my/album/pachabels-canon-improve/302064956?i=302065188&uo=4
Amma's Devotees,"Echoes of the Infinite, Vol. 1",Anandamayi,1996,Devotional & Spiritual,https://music.apple.com/my/album/anandamayi/302064956?i=302065087&uo=4
Devotees,Raduno Devoti Italia - Enjoy the Tribute,Freelove,2018,Pop,https://music.apple.com/my/album/freelove/1374562935?i=1374563207&uo=4
Sadguru SriSatUpasi & Devotees,Manasu Mahadeva Enutide,"Manasu Mahadeva Enutide, Pt.1",2007,Inspirational,https://music.apple.com/my/album/manasu-mahadeva-enutide-pt-1/1646198588?i=1646198590&uo=4
Sadguru SriSatUpasi & Devotees,Manasu Mahadeva Enutide,"Manasu Mahadeva Enutide, Pt.2",2007,Inspirational,https://music.apple.com/my/album/manasu-mahadeva-enutide-pt-2/1646198588?i=1646198591&uo=4
Sadguru SriSatUpasi & Devotees,Manasu Mahadeva Enutide,"Manasu Mahadeva Enutide, Pt.3",2007,Inspirational,https://music.apple.com/my/album/manasu-mahadeva-enutide-pt-3/1646198588?i=1646198592&uo=4
Sadguru SriSatUpasi & Devotees,Sri Guru Charana,"Sri Guru Charana, Pt.1",2006,Inspirational,https://music.apple.com/my/album/sri-guru-charana-pt-1/1646200493?i=1646200494&uo=4
Sadguru SriSatUpasi & Devotees,Sri Guru Charana,"Sri Guru Charana, Pt.3",2006,Inspirational,https://music.apple.com/my/album/sri-guru-charana-pt-3/1646200493?i=1646200496&uo=4
Sadguru SriSatUpasi & Devotees,Etta Nodidaratta Shivanamma - EP,Agi Bide Sharanagi bide,2004,Inspirational,https://music.apple.com/my/album/agi-bide-sharanagi-bide/1646390432?i=1646390434&uo=4
Sadguru SriSatUpasi & Devotees,Namisuve Charanake,Introduction,2005,Inspirational,https://music.apple.com/my/album/introduction/1646411936?i=1646411937&uo=4
Sadguru SriSatUpasi & Devotees,Namisuve Charanake,Namisuve Charanake,2005,Inspirational,https://music.apple.com/my/album/namisuve-charanake/1646411936?i=1646411938&uo=4
Sadguru SriSatUpasi & Devotees,Namisuve Charanake,Devabandanamma,2005,Inspirational,https://music.apple.com/my/album/devabandanamma/1646411936?i=1646411941&uo=4
Sadguru SriSatUpasi & Devotees,Namisuve Charanake,Madoyappa Bhajane,2005,Inspirational,https://music.apple.com/my/album/madoyappa-bhajane/1646411936?i=1646411942&uo=4
Sadguru SriSatUpasi & Devotees,Namisuve Charanake,Dayamado Guruve,2005,Inspirational,https://music.apple.com/my/album/dayamado-guruve/1646411936?i=1646411943&uo=4
Sadguru SriSatUpasi & Devotees,Namisuve Charanake,Om Asotama,2005,Inspirational,https://music.apple.com/my/album/om-asotama/1646411936?i=1646411945&uo=4
Sadguru SriSatUpasi & Devotees,Dhanyana Mado SriHariye,Dhanyana Mado Sri Hariye,2006,Devotional & Spiritual,https://music.apple.com/my/album/dhanyana-mado-sri-hariye/1646954058?i=1646954059&uo=4
Sadguru SriSatUpasi & Devotees,Dhanyana Mado SriHariye,Naan Enu Madali,2006,Devotional & Spiritual,https://music.apple.com/my/album/naan-enu-madali/1646954058?i=1646954060&uo=4
Sadguru SriSatUpasi & Devotees,Dhanyana Mado SriHariye,Omkara Tanumadida,2006,Devotional & Spiritual,https://music.apple.com/my/album/omkara-tanumadida/1646954058?i=1646954062&uo=4
Sadguru SriSatUpasi & Devotees,Dhanyana Mado SriHariye,Ittana Bara baaradagitta,2006,Devotional & Spiritual,https://music.apple.com/my/album/ittana-bara-baaradagitta/1646954058?i=1646954064&uo=4
Sadguru SriSatUpasi & Devotees,Dhanyana Mado SriHariye,Govinda Govinda,2006,Devotional & Spiritual,https://music.apple.com/my/album/govinda-govinda/1646954058?i=1646954065&uo=4
Sadguru SriSatUpasi & Devotees,Dattanugraha,Jayacharachara Roopachinmaya,2016,Inspirational,https://music.apple.com/my/album/jayacharachara-roopachinmaya/1647787389?i=1647787761&uo=4
Sadguru SriSatUpasi & Devotees,Dattanugraha,Anugrahisayya,2016,Inspirational,https://music.apple.com/my/album/anugrahisayya/1647787389?i=1647787763&uo=4
Sadguru SriSatUpasi & Devotees,Dattanugraha,Kaleyyaya Moha,2016,Inspirational,https://music.apple.com/my/album/kaleyyaya-moha/1647787389?i=1647787764&uo=4
Sadguru SriSatUpasi & Devotees,Dattanugraha,Daya Paaliso Daya Gana,2016,Inspirational,https://music.apple.com/my/album/daya-paaliso-daya-gana/1647787389?i=1647787765&uo=4
Sadguru SriSatUpasi & Devotees,Dattanugraha,Hrudaya Mandiradolage,2016,Inspirational,https://music.apple.com/my/album/hrudaya-mandiradolage/1647787389?i=1647787766&uo=4
Sadguru SriSatUpasi & Devotees,Dattanugraha,Yaradaru Illi Uliyuvare,2016,Inspirational,https://music.apple.com/my/album/yaradaru-illi-uliyuvare/1647787389?i=1647787767&uo=4
Sadguru SriSatUpasi & Devotees,Dattanugraha,Mullu Hokkithavva,2016,Inspirational,https://music.apple.com/my/album/mullu-hokkithavva/1647787389?i=1647787768&uo=4
Sadguru SriSatUpasi & Devotees,Dattanugraha,Bhakthara Astikane,2016,Inspirational,https://music.apple.com/my/album/bhakthara-astikane/1647787389?i=1647787769&uo=4
Sadguru SriSatUpasi & Devotees,Dattanugraha,Ninna Bittinyaru,2016,Inspirational,https://music.apple.com/my/album/ninna-bittinyaru/1647787389?i=1647787770&uo=4
Sadguru SriSatUpasi & Devotees,Dattanugraha,Munde Nadeyutha,2016,Inspirational,https://music.apple.com/my/album/munde-nadeyutha/1647787389?i=1647787771&uo=4
Sadguru SriSatUpasi & Devotees,Dattanugraha,Nandenillappa,2016,Inspirational,https://music.apple.com/my/album/nandenillappa/1647787389?i=1647787773&uo=4
Sadguru SriSatUpasi & Devotees,Dattanugraha,Arati Yettire Guruvarage,2016,Inspirational,https://music.apple.com/my/album/arati-yettire-guruvarage/1647787389?i=1647787775&uo=4
Sadguru SriSatUpasi & Devotees,Dattanugraha,Namagaagi Guruvallave,2016,Inspirational,https://music.apple.com/my/album/namagaagi-guruvallave/1647787389?i=1647787778&uo=4
Sadguru SriSatUpasi & Devotees,Dattanugraha,Hoova Chellado Baale,2016,Inspirational,https://music.apple.com/my/album/hoova-chellado-baale/1647787389?i=1647787779&uo=4
Sadguru SriSatUpasi & Devotees,Dattanugraha,Sharanaguvudanu Neenu Kali,2016,Inspirational,https://music.apple.com/my/album/sharanaguvudanu-neenu-kali/1647787389?i=1647787780&uo=4
Sadguru SriSatUpasi & Devotees,Dattanugraha,Iddarenu Illa Diddarenu,2016,Inspirational,https://music.apple.com/my/album/iddarenu-illa-diddarenu/1647787389?i=1647787782&uo=4
Sadguru SriSatUpasi & Devotees,Dattanugraha,Prabho Dattatreya,2016,Inspirational,https://music.apple.com/my/album/prabho-dattatreya/1647787389?i=1647787783&uo=4
Sadguru SriSatUpasi & Devotees,Dattanugraha,Sharanu Sharanu Ninage,2016,Inspirational,https://music.apple.com/my/album/sharanu-sharanu-ninage/1647787389?i=1647787784&uo=4
Sadguru SriSatUpasi & Devotees,Dattanugraha,Bhakti Onde Saaku,2016,Inspirational,https://music.apple.com/my/album/bhakti-onde-saaku/1647787389?i=1647787785&uo=4
Sadguru SriSatUpasi & Devotees,Dattanugraha,Neenalladinyaru Chirabandu,2016,Inspirational,https://music.apple.com/my/album/neenalladinyaru-chirabandu/1647787389?i=1647787876&uo=4
Sadguru SriSatUpasi & Devotees,Dattanugraha,Banda Nammayya,2016,Inspirational,https://music.apple.com/my/album/banda-nammayya/1647787389?i=1647787877&uo=4
Sadguru SriSatUpasi & Devotees,Dattanugraha,Guruvanu Kandira,2016,Inspirational,https://music.apple.com/my/album/guruvanu-kandira/1647787389?i=1647787878&uo=4
Sadguru SriSatUpasi & Devotees,Dattanugraha,Sahivadattanaagi Bandanamma,2016,Inspirational,https://music.apple.com/my/album/sahivadattanaagi-bandanamma/1647787389?i=1647787879&uo=4
Sadguru SriSatUpasi & Devotees,Dattanugraha,Needayya Gurudeva Ninnaya Paada,2016,Inspirational,https://music.apple.com/my/album/needayya-gurudeva-ninnaya-paada/1647787389?i=1647787880&uo=4
Sadguru SriSatUpasi & Devotees,Dattanugraha,Baaro Baa Baaro Dattatreya,2016,Inspirational,https://music.apple.com/my/album/baaro-baa-baaro-dattatreya/1647787389?i=1647787881&uo=4
Sadguru SriSatUpasi & Devotees,Dattanugraha,Shivaratri Banthamma,2016,Inspirational,https://music.apple.com/my/album/shivaratri-banthamma/1647787389?i=1647787882&uo=4
Sadguru SriSatUpasi & Devotees,Dattanugraha,Kannesha Shivane kannesha,2016,Inspirational,https://music.apple.com/my/album/kannesha-shivane-kannesha/1647787389?i=1647787883&uo=4
Sadguru SriSatUpasi & Devotees,Dattanugraha,Ellelu Neene Tumbiruve Deva,2016,Inspirational,https://music.apple.com/my/album/ellelu-neene-tumbiruve-deva/1647787389?i=1647787884&uo=4
Sadguru SriSatUpasi & Devotees,Dattanugraha,Naanembudu Naanalla,2016,Inspirational,https://music.apple.com/my/album/naanembudu-naanalla/1647787389?i=1647787885&uo=4
Sadguru SriSatUpasi & Devotees,Dattanugraha,Dattatreyane Guru Dattatreyane,2016,Inspirational,https://music.apple.com/my/album/dattatreyane-guru-dattatreyane/1647787389?i=1647787886&uo=4
Sadguru SriSatUpasi & Devotees,Dattanugraha,Bhakthavathsalane,2016,Inspirational,https://music.apple.com/my/album/bhakthavathsalane/1647787389?i=1647787887&uo=4
Sadguru SriSatUpasi & Devotees,Dattanugraha,Shivanaagi Bandanamma Guruvu,2016,Inspirational,https://music.apple.com/my/album/shivanaagi-bandanamma-guruvu/1647787389?i=1647787888&uo=4
Sadguru SriSatUpasi & Devotees,Dattanugraha,Neeniththa E Deha,2016,Inspirational,https://music.apple.com/my/album/neeniththa-e-deha/1647787389?i=1647787889&uo=4
Sadguru SriSatUpasi & Devotees,Dattanugraha,Mangala Jaya Mangala,2016,Inspirational,https://music.apple.com/my/album/mangala-jaya-mangala/1647787389?i=1647787890&uo=4
Sadguru SriSatUpasi & Devotees,Dattanubhava,Namaste Bhagavan Deva,2017,Inspirational,https://music.apple.com/my/album/namaste-bhagavan-deva/1647799671?i=1647799672&uo=4
Sadguru SriSatUpasi & Devotees,Dattanubhava,Jayajaya Nama Parvati Pati,2017,Inspirational,https://music.apple.com/my/album/jayajaya-nama-parvati-pati/1647799671?i=1647799676&uo=4
Sadguru SriSatUpasi & Devotees,Dattanubhava,Bahu Punyadinda,2017,Inspirational,https://music.apple.com/my/album/bahu-punyadinda/1647799671?i=1647799679&uo=4
Sadguru SriSatUpasi & Devotees,Dattanubhava,Kshamiso Tandeye,2017,Inspirational,https://music.apple.com/my/album/kshamiso-tandeye/1647799671?i=1647799681&uo=4
Sadguru SriSatUpasi & Devotees,Dattanubhava,Sharanara Odanado,2017,Inspirational,https://music.apple.com/my/album/sharanara-odanado/1647799671?i=1647799682&uo=4
Sadguru SriSatUpasi & Devotees,Dattanubhava,Needenage Shivane,2017,Inspirational,https://music.apple.com/my/album/needenage-shivane/1647799671?i=1647799683&uo=4
Sadguru SriSatUpasi & Devotees,Dattanubhava,Gurukrupegaagi Bande,2017,Inspirational,https://music.apple.com/my/album/gurukrupegaagi-bande/1647799671?i=1647799686&uo=4
Sadguru SriSatUpasi & Devotees,Dattanubhava,Nudi Manuja,2017,Inspirational,https://music.apple.com/my/album/nudi-manuja/1647799671?i=1647799687&uo=4
Sadguru SriSatUpasi & Devotees,Dattanubhava,Hadiya Neenidiyo,2017,Inspirational,https://music.apple.com/my/album/hadiya-neenidiyo/1647799671?i=1647799688&uo=4
Sadguru SriSatUpasi & Devotees,Dattanubhava,Deeranaagu Veeranaagu,2017,Inspirational,https://music.apple.com/my/album/deeranaagu-veeranaagu/1647799671?i=1647799689&uo=4
Sadguru SriSatUpasi & Devotees,Dattanubhava,Dayapaaliso Dayagana,2017,Inspirational,https://music.apple.com/my/album/dayapaaliso-dayagana/1647799671?i=1647799691&uo=4
Sadguru SriSatUpasi & Devotees,Dattanubhava,Thiliyanna Thiliyanna,2017,Inspirational,https://music.apple.com/my/album/thiliyanna-thiliyanna/1647799671?i=1647799692&uo=4
Sadguru SriSatUpasi & Devotees,Dattanubhava,Sahisuvarunte Guru Nee,2017,Inspirational,https://music.apple.com/my/album/sahisuvarunte-guru-nee/1647799671?i=1647799693&uo=4
Sadguru SriSatUpasi & Devotees,Dattanubhava,Bhakti Ellade Shivana Bhajane,2017,Inspirational,https://music.apple.com/my/album/bhakti-ellade-shivana-bhajane/1647799671?i=1647799695&uo=4
Sadguru SriSatUpasi & Devotees,Dattanubhava,Hegadaru Maadu Guruve,2017,Inspirational,https://music.apple.com/my/album/hegadaru-maadu-guruve/1647799671?i=1647799697&uo=4
Sadguru SriSatUpasi & Devotees,Dattanubhava,Bhajane Maaduva Banni,2017,Inspirational,https://music.apple.com/my/album/bhajane-maaduva-banni/1647799671?i=1647799698&uo=4
Sadguru SriSatUpasi & Devotees,Dattanubhava,Summasummane Baaradu,2017,Inspirational,https://music.apple.com/my/album/summasummane-baaradu/1647799671?i=1647799699&uo=4
Sadguru SriSatUpasi & Devotees,Dattanubhava,Hutchu Hididaito,2017,Inspirational,https://music.apple.com/my/album/hutchu-hididaito/1647799671?i=1647799700&uo=4
Sadguru SriSatUpasi & Devotees,Dattanubhava,Neene Nanna Guruvu,2017,Inspirational,https://music.apple.com/my/album/neene-nanna-guruvu/1647799671?i=1647799701&uo=4
Sadguru SriSatUpasi & Devotees,Dattanubhava,koogi Karedenalla Shiva,2017,Inspirational,https://music.apple.com/my/album/koogi-karedenalla-shiva/1647799671?i=1647799702&uo=4
Sadguru SriSatUpasi & Devotees,Dattanubhava,Arati Belaguvevu,2017,Inspirational,https://music.apple.com/my/album/arati-belaguvevu/1647799671?i=1647799703&uo=4
Sadguru SriSatUpasi & Devotees,Namo Namo Guru,Namo Namo Guru,2006,Inspirational,https://music.apple.com/my/album/namo-namo-guru/1663135548?i=1663135549&uo=4
Sadguru SriSatUpasi & Devotees,Namo Namo Guru,Etha Noditharatha Shivanamma,2006,Inspirational,https://music.apple.com/my/album/etha-noditharatha-shivanamma/1663135548?i=1663135550&uo=4
Sadguru SriSatUpasi & Devotees,Namo Namo Guru,Sivabhandanamma Thangi,2006,Inspirational,https://music.apple.com/my/album/sivabhandanamma-thangi/1663135548?i=1663135726&uo=4
Sadguru SriSatUpasi & Devotees,Namo Namo Guru,Jala Taranga,2006,Inspirational,https://music.apple.com/my/album/jala-taranga/1663135548?i=1663135818&uo=4
Sadguru SriSatUpasi & Devotees,Namo Namo Guru,Agibide Sharanagibide,2006,Inspirational,https://music.apple.com/my/album/agibide-sharanagibide/1663135548?i=1663135819&uo=4
Sadguru SriSatUpasi & Devotees,Namo Namo Guru,Shiva Shiva Enutha Nudiyo,2006,Inspirational,https://music.apple.com/my/album/shiva-shiva-enutha-nudiyo/1663135548?i=1663135820&uo=4
Sadguru SriSatUpasi & Devotees,SriPada Rajam Sharanam Prapadhye,Siddha Mangala Stotra,2007,Inspirational,https://music.apple.com/my/album/siddha-mangala-stotra/1667462250?i=1667462251&uo=4
Sadguru SriSatUpasi & Devotees,SriPada Rajam Sharanam Prapadhye,Apara Mahima,2007,Inspirational,https://music.apple.com/my/album/apara-mahima/1667462250?i=1667462253&uo=4
Sadguru SriSatUpasi & Devotees,SriPada Rajam Sharanam Prapadhye,Sri Pada Sharanam,2007,Inspirational,https://music.apple.com/my/album/sri-pada-sharanam/1667462250?i=1667462254&uo=4
Sadguru SriSatUpasi & Devotees,SriPada Rajam Sharanam Prapadhye,Sri Pada Vallabha Banda Nodu,2007,Inspirational,https://music.apple.com/my/album/sri-pada-vallabha-banda-nodu/1667462250?i=1667462255&uo=4
Sadguru SriSatUpasi & Devotees,SriPada Rajam Sharanam Prapadhye,Sadguru Natha Neenena,2007,Inspirational,https://music.apple.com/my/album/sadguru-natha-neenena/1667462250?i=1667462256&uo=4
Sadguru SriSatUpasi & Devotees,SriPada Rajam Sharanam Prapadhye,Dhanyaradhevo,2007,Inspirational,https://music.apple.com/my/album/dhanyaradhevo/1667462250?i=1667462257&uo=4
Devotees,Folksongs & Sacred Music from Nepal - Field Recordings by Deben Bhattacharya,Morning Praise for Govinda (in Temple),1999,Asia,https://music.apple.com/my/album/morning-praise-for-govinda-in-temple/324191130?i=324192123&uo=4
Sadguru SriSatUpasi & Devotees,Dattanubhava,Summaniruvira,2017,Inspirational,https://music.apple.com/my/album/summaniruvira/1647799671?i=1647799685&uo=4
Devotees,Folksongs & Sacred Music from Nepal - Field Recordings by Deben Bhattacharya,Morning Praise for Bhairava (in Temple),1999,Asia,https://music.apple.com/my/album/morning-praise-for-bhairava-in-temple/324191130?i=324191928&uo=4
Amma's Devotees,Echoes of the Infinite Volume 2,Hare Rama,1998,Devotional & Spiritual,https://music.apple.com/my/album/hare-rama/285004037?i=285004259&uo=4
Diwani,The Best of Diwani,Subhanallah,2015,Worldwide,https://music.apple.com/my/album/subhanallah/1046746319?i=1046747051&uo=4
Diwani,The Best of Diwani,Di Hening Malam,2015,Worldwide,https://music.apple.com/my/album/di-hening-malam/1046746319?i=1046747058&uo=4
Diwani,The Best of Diwani,Ya Rasulallah,2015,Worldwide,https://music.apple.com/my/album/ya-rasulallah/1046746319?i=1046747062&uo=4
Diwani,The Best of Diwani,Jalan Yang Satu,2015,Worldwide,https://music.apple.com/my/album/jalan-yang-satu/1046746319?i=1046747064&uo=4
Diwani,The Best of Diwani,Marhaban,2015,Worldwide,https://music.apple.com/my/album/marhaban/1046746319?i=1046747069&uo=4
Diwani,Satu Seruan,Kasih Sayang (feat. Mel Wings),2013,Pop,https://music.apple.com/my/album/kasih-sayang-feat-mel-wings/671191216?i=671191554&uo=4
Diwani,The Best of Diwani,Kasih Kerana Tuhan,2015,Worldwide,https://music.apple.com/my/album/kasih-kerana-tuhan/1046746319?i=1046747063&uo=4
Diwani,The Best of Diwani,Satu Peringatan,2015,Worldwide,https://music.apple.com/my/album/satu-peringatan/1046746319?i=1046747065&uo=4
Diwani,The Best of Diwani,Satu Cinta,2015,Worldwide,https://music.apple.com/my/album/satu-cinta/1046746319?i=1046747057&uo=4
Diwani,The Best of Diwani,Hati Mukmin,2015,Worldwide,https://music.apple.com/my/album/hati-mukmin/1046746319?i=1046747052&uo=4
Diwani,The Best of Diwani,Pesanan,2015,Worldwide,https://music.apple.com/my/album/pesanan/1046746319?i=1046747056&uo=4
Diwani,The Best of Diwani,Mukmin Sejati,2015,Worldwide,https://music.apple.com/my/album/mukmin-sejati/1046746319?i=1046747061&uo=4
Diwani,The Best of Diwani,Cahaya Mata,2015,Worldwide,https://music.apple.com/my/album/cahaya-mata/1046746319?i=1046747071&uo=4
Diwani,Satu Seruan,Al Hijrah,2013,Pop,https://music.apple.com/my/album/al-hijrah/671191216?i=671191582&uo=4
Diwani,The Best of Diwani,Cari Jodoh,2015,Worldwide,https://music.apple.com/my/album/cari-jodoh/1046746319?i=1046747070&uo=4
Diwani,Satu Seruan,Islam Kini Yatim Piatu,2013,Pop,https://music.apple.com/my/album/islam-kini-yatim-piatu/671191216?i=671191575&uo=4
Diwani,The Best of Diwani,Kasih Sayang (feat. Mel Ex Wings),2013,Worldwide,https://music.apple.com/my/album/kasih-sayang-feat-mel-ex-wings/1046746319?i=1046747072&uo=4
Diwani,Satu Seruan,"Hanya Satu Yang Terpilih feat. Mel Wings, Afad Raihan & Sham Kamikaze",2013,Pop,https://music.apple.com/my/album/hanya-satu-yang-terpilih-feat-mel-wings-afad-raihan/671191216?i=671191566&uo=4
Diwani,Satu Seruan,Hayyul Hadi,2013,Pop,https://music.apple.com/my/album/hayyul-hadi/671191216?i=671191585&uo=4
Diwani,Satu Seruan,Seruan Jihad (Satu Seruan) feat. Dr. Azizan Othman,2013,Pop,https://music.apple.com/my/album/seruan-jihad-satu-seruan-feat-dr-azizan-othman/671191216?i=671191578&uo=4
Diwani,Mood - Single,Mood,2024,Afro-Beat,https://music.apple.com/my/album/mood/1732517020?i=1732517228&uo=4
Mai Diwani Group,Diwani (Allah Allah Hasbuna) - EP,Diwani (Allah Allah Hasbuna),2024,Worldwide,https://music.apple.com/my/album/diwani-allah-allah-hasbuna/1732864597?i=1732864598&uo=4
"Intisor, Hasnul Diwani & Danial Othman",M.D.H - Single,M.D.H,2021,Malaysian Pop,https://music.apple.com/my/album/m-d-h/1566156963?i=1566156965&uo=4
Diwani,Crying Angels Riddim,The Message,2010,Reggae,https://music.apple.com/my/album/the-message/410221339?i=410221678&uo=4
Mai Diwani Group,Ashwaq,Assheikhu Ibrahim,2024,Singer/Songwriter,https://music.apple.com/my/album/assheikhu-ibrahim/1777025471?i=1777025475&uo=4
Rast,Rast- Mini Album - EP,Setelah Aku Dipaling,2005,Islamic,https://music.apple.com/my/album/setelah-aku-dipaling/1593379442?i=1593379482&uo=4
Rast,Rast- Mini Album - EP,Masih Ada Waktu,2005,Islamic,https://music.apple.com/my/album/masih-ada-waktu/1593379442?i=1593379481&uo=4
Semicenk & Rast,Canın Sağ Olsun - Single,Canın Sağ Olsun,2023,Turkish Pop,https://music.apple.com/my/album/can%C4%B1n-sa%C4%9F-olsun/1682122192?i=1682122200&uo=4
Rast,Inspirasi - EP,Titian Kejayaan,2004,Islamic,https://music.apple.com/my/album/titian-kejayaan/1593158980?i=1593158999&uo=4
Rast,Rast- Mini Album - EP,Hujan Gerimis,2005,Islamic,https://music.apple.com/my/album/hujan-gerimis/1593379442?i=1593379477&uo=4
Doğu Swag & Rast,Yolcu - Single,Yolcu,2023,Turkish Pop,https://music.apple.com/my/album/yolcu/1697752203?i=1697752410&uo=4
Rast,Rast- Mini Album - EP,Maafkan Diriku,2005,Islamic,https://music.apple.com/my/album/maafkan-diriku/1593379442?i=1593379483&uo=4
"Rast, Funda Arar & Büken",Mevzu Derin - Single,Mevzu Derin,2023,Turkish Pop,https://music.apple.com/my/album/mevzu-derin/1713512013?i=1713512240&uo=4
Rast,Rast- Mini Album - EP,Mencari Cinta,2005,Islamic,https://music.apple.com/my/album/mencari-cinta/1593379442?i=1593379486&uo=4
Rast,Inspirasi - EP,Inspirasi,2004,Islamic,https://music.apple.com/my/album/inspirasi/1593158980?i=1593158991&uo=4
Rast,Inspirasi - EP,Pulau Harapan,2004,Islamic,https://music.apple.com/my/album/pulau-harapan/1593158980?i=1593159306&uo=4
Ardani,Perjalanan - Single,Perjalanan,2026,Indonesian Religious,https://music.apple.com/my/album/perjalanan/1894140088?i=1894140363&uo=4
Ardani,Tulus Tak Terbatas - Single,Tulus Tak Terbatas,2011,Pop,https://music.apple.com/my/album/tulus-tak-terbatas/1449845568?i=1449845667&uo=4
Demetrio Izzudin Ardani,Sisa Luka - Single,Sisa Luka,2025,Pop,https://music.apple.com/my/album/sisa-luka/1842515336?i=1842515337&uo=4
Wulan Ardani,Nonstop Senam Disco,Surat Terakhir,1999,Pop,https://music.apple.com/my/album/surat-terakhir/1548749596?i=1548751331&uo=4
Wulan Ardani,Nonstop Senam Disco,Duri Terlindung,1999,Pop,https://music.apple.com/my/album/duri-terlindung/1548749596?i=1548749614&uo=4
Wulan Ardani,Nonstop Senam Disco,Suara Hatiku,1999,Pop,https://music.apple.com/my/album/suara-hatiku/1548749596?i=1548749959&uo=4
Wulan Ardani,Nonstop Senam Disco,Bintang Kehidupan,1999,Pop,https://music.apple.com/my/album/bintang-kehidupan/1548749596?i=1548749952&uo=4
Demetrio Izzudin Ardani,Energetic and Inspirational - Single,Energetic and Inspirational,2024,Alternative,https://music.apple.com/my/album/energetic-and-inspirational/1742570108?i=1742570329&uo=4
Wulan Ardani,Nonstop Senam Disco,Sandiwara Cinta,1999,Pop,https://music.apple.com/my/album/sandiwara-cinta/1548749596?i=1548749948&uo=4
Wulan Ardani,Nonstop Senam Disco,Ingin Kulupakan,1999,Pop,https://music.apple.com/my/album/ingin-kulupakan/1548749596?i=1548749968&uo=4
Wulan Ardani,Nonstop Senam Disco,Seberkas Sinar,1999,Pop,https://music.apple.com/my/album/seberkas-sinar/1548749596?i=1548750529&uo=4
Demetrio Izzudin Ardani,Jeritan Hati - Single,Jeritan Hati,2023,Rock,https://music.apple.com/my/album/jeritan-hati/1712841024?i=1712841030&uo=4
Wulan Ardani,Nonstop Senam Disco,Bila Cinta Mulai Bersemi,1999,Pop,https://music.apple.com/my/album/bila-cinta-mulai-bersemi/1548749596?i=1548750516&uo=4
Wulan Ardani,Nonstop Senam Disco,Tinggallah Aku Sendiri,1999,Pop,https://music.apple.com/my/album/tinggallah-aku-sendiri/1548749596?i=1548750527&uo=4
Wulan Ardani,Nonstop Senam Disco,Kuterima Cintamu,1999,Pop,https://music.apple.com/my/album/kuterima-cintamu/1548749596?i=1548751120&uo=4
Wulan Ardani,Nonstop Senam Disco,Biarkan Cintamu Berlalu,1999,Pop,https://music.apple.com/my/album/biarkan-cintamu-berlalu/1548749596?i=1548750523&uo=4
Wulan Ardani,Nonstop Senam Disco,Hati Kecil,1999,Pop,https://music.apple.com/my/album/hati-kecil/1548749596?i=1548750532&uo=4
Wulan Ardani,Nonstop Senam Disco,Cinta Diantara Kita,1999,Pop,https://music.apple.com/my/album/cinta-diantara-kita/1548749596?i=1548750539&uo=4
Wulan Ardani,Nonstop Senam Disco,Matahariku,1999,Pop,https://music.apple.com/my/album/matahariku/1548749596?i=1548750820&uo=4
Wulan Ardani,Nonstop Senam Disco,Mama Aku Ingin Pulang,1999,Pop,https://music.apple.com/my/album/mama-aku-ingin-pulang/1548749596?i=1548750826&uo=4
Wulan Ardani,Nonstop Senam Disco,Cinta Kita,1999,Pop,https://music.apple.com/my/album/cinta-kita/1548749596?i=1548750833&uo=4
Wulan Ardani,Nonstop Senam Disco,Nyalakan Api,1999,Pop,https://music.apple.com/my/album/nyalakan-api/1548749596?i=1548750838&uo=4
Wulan Ardani,Nonstop Senam Disco,Biarlah Aku Mengalah,1999,Pop,https://music.apple.com/my/album/biarlah-aku-mengalah/1548749596?i=1548751116&uo=4
Wulan Ardani,Nonstop Senam Disco,Cinta Putih,1999,Pop,https://music.apple.com/my/album/cinta-putih/1548749596?i=1548751131&uo=4
Wulan Ardani,Nonstop Senam Disco,Duka Pasti Berlalu,1999,Pop,https://music.apple.com/my/album/duka-pasti-berlalu/1548749596?i=1548751326&uo=4
Demetrio Izzudin Ardani,Star in Heaven - Single,Star in Heaven,2024,Alternative,https://music.apple.com/my/album/star-in-heaven/1739795581?i=1739795582&uo=4
yani ardani,PERJALANAN CINTA,hancur cintaku,2023,Pop,https://music.apple.com/my/album/hancur-cintaku/1686489011?i=1686489540&uo=4
Ardani,Make Your Life Spectacular - Single,Make Your Life Spectacular,2024,Downtempo,https://music.apple.com/my/album/make-your-life-spectacular/1777783429?i=1777783430&uo=4
Demetrio Izzudin Ardani,Bright Spot - Single,Bright Spot,2023,Electronic,https://music.apple.com/my/album/bright-spot/1713122401?i=1713122402&uo=4
Demetrio Izzudin Ardani,I Will Pursue Your Love - Single,I Will Pursue Your Love,2023,Rock,https://music.apple.com/my/album/i-will-pursue-your-love/1715040505?i=1715040517&uo=4
Demetrio Izzudin Ardani,Berharap Kembali - Single,Berharap Kembali,2024,Reggae,https://music.apple.com/my/album/berharap-kembali/1732120570?i=1732120863&uo=4
Demetrio Izzudin Ardani,Tinggalkanlah Aku - Single,Tinggalkanlah Aku,2025,Alternative,https://music.apple.com/my/album/tinggalkanlah-aku/1840446419?i=1840446424&uo=4
Marco Ardani,The Great Search,The Great Search,2017,Hip-Hop/Rap,https://music.apple.com/my/album/the-great-search/1503645778?i=1503645784&uo=4
Marco Ardani,The Great Search,The Essence,2017,Hip-Hop/Rap,https://music.apple.com/my/album/the-essence/1503645778?i=1503645881&uo=4
Marco Ardani,The Great Search,Tree of Life,2017,Hip-Hop/Rap,https://music.apple.com/my/album/tree-of-life/1503645778?i=1503645887&uo=4
Marco Ardani,The Great Search,New Dawn,2017,Hip-Hop/Rap,https://music.apple.com/my/album/new-dawn/1503645778?i=1503645892&uo=4
Marco Ardani,The Great Search,Heaven's Nominee,2017,Hip-Hop/Rap,https://music.apple.com/my/album/heavens-nominee/1503645778?i=1503645893&uo=4
Marco Ardani,The Great Search,Falling Down,2017,Hip-Hop/Rap,https://music.apple.com/my/album/falling-down/1503645778?i=1503645902&uo=4
Marco Ardani,The Great Search,Ancient Ones,2017,Hip-Hop/Rap,https://music.apple.com/my/album/ancient-ones/1503645778?i=1503646187&uo=4
Marco Ardani,The Great Search,Leaving This World,2017,Hip-Hop/Rap,https://music.apple.com/my/album/leaving-this-world/1503645778?i=1503646191&uo=4
Marco Ardani,The Great Search,Interconnection,2017,Hip-Hop/Rap,https://music.apple.com/my/album/interconnection/1503645778?i=1503646195&uo=4
Marco Ardani,Dealin' With Life - Single,Dealin' With Life,2020,Hip-Hop/Rap,https://music.apple.com/my/album/dealin-with-life/1504357644?i=1504357649&uo=4
Agus Sulistyo Wisnu Ardani,Sing Lungo (feat. Chionia Mizerofa Gaby Anjani Aryudi) - Single,Sing Lungo (feat. Chionia Mizerofa Gaby Anjani Aryudi),2021,Pop,https://music.apple.com/my/album/sing-lungo-feat-chionia-mizerofa-gaby-anjani-aryudi/1562324325?i=1562324328&uo=4
yani ardani,PERJALANAN CINTA,aku benar rindu,2023,Pop,https://music.apple.com/my/album/aku-benar-rindu/1686489011?i=1686489014&uo=4
yani ardani,PERJALANAN CINTA,berharap bersama selamanya,2023,Pop,https://music.apple.com/my/album/berharap-bersama-selamanya/1686489011?i=1686489529&uo=4
yani ardani,PERJALANAN CINTA,hatiku kau ambil ahli,2023,Pop,https://music.apple.com/my/album/hatiku-kau-ambil-ahli/1686489011?i=1686489545&uo=4
yani ardani,PERJALANAN CINTA,muda melepas cinta,2023,Pop,https://music.apple.com/my/album/muda-melepas-cinta/1686489011?i=1686489548&uo=4
yani ardani,PERJALANAN CINTA,percayalah aku,2023,Pop,https://music.apple.com/my/album/percayalah-aku/1686489011?i=1686489554&uo=4
yani ardani,PERJALANAN CINTA,senyuman sandiwara,2023,Pop,https://music.apple.com/my/album/senyuman-sandiwara/1686489011?i=1686489736&uo=4
yani ardani,PERJALANAN CINTA,sikap ego,2023,Pop,https://music.apple.com/my/album/sikap-ego/1686489011?i=1686489739&uo=4
yani ardani,PERJALANAN CINTA,titik terendah,2023,Pop,https://music.apple.com/my/album/titik-terendah/1686489011?i=1686489746&uo=4
Demetrio Izzudin Ardani,Percayakan Padaku - Single,Percayakan Padaku,2023,Pop,https://music.apple.com/my/album/percayakan-padaku/1710457416?i=1710457420&uo=4
Demetrio Izzudin Ardani,Keputusan Hati - Single,Keputusan Hati,2023,Pop,https://music.apple.com/my/album/keputusan-hati/1710555295?i=1710555315&uo=4
Demetrio Izzudin Ardani,Ku Tinggalkan Kisah Kita - Single,Ku Tinggalkan Kisah Kita,2023,Pop,https://music.apple.com/my/album/ku-tinggalkan-kisah-kita/1710739497?i=1710739506&uo=4
Demetrio Izzudin Ardani,Mega Angel - Single,Mega Angel,2023,Alternative,https://music.apple.com/my/album/mega-angel/1712350728?i=1712350742&uo=4
Demetrio Izzudin Ardani,Kegelisahan Di Hati - Single,Kegelisahan Di Hati,2023,Alternative,https://music.apple.com/my/album/kegelisahan-di-hati/1712422527?i=1712422531&uo=4
Demetrio Izzudin Ardani,Aku Ingin Memiliki Mu - Single,Aku Ingin Memiliki Mu,2023,Rock,https://music.apple.com/my/album/aku-ingin-memiliki-mu/1712519126?i=1712519181&uo=4
Demetrio Izzudin Ardani,Awan Hitam - Single,Awan Hitam,2023,Hip-Hop/Rap,https://music.apple.com/my/album/awan-hitam/1712882876?i=1712882882&uo=4
Demetrio Izzudin Ardani,Street Virus - Single,Street Virus,2023,Pop,https://music.apple.com/my/album/street-virus/1713001004?i=1713001005&uo=4
Demetrio Izzudin Ardani,I Have Forever - Single,I Have Forever,2023,Rock,https://music.apple.com/my/album/i-have-forever/1713059530?i=1713059531&uo=4
Demetrio Izzudin Ardani,Let It Be_reggae - Single,Let It Be_reggae,2023,Reggae,https://music.apple.com/my/album/let-it-be-reggae/1713122805?i=1713123138&uo=4
Demetrio Izzudin Ardani,Aku Mulai Takut_dj - Single,Aku Mulai Takut_dj,2023,Vocal,https://music.apple.com/my/album/aku-mulai-takut-dj/1713124391?i=1713124550&uo=4
Demetrio Izzudin Ardani,Light in Your Darkness - Single,Light in Your Darkness,2023,Rock,https://music.apple.com/my/album/light-in-your-darkness/1713505754?i=1713505896&uo=4
Demetrio Izzudin Ardani,My Little Hero - Single,My Little Hero,2023,Rock,https://music.apple.com/my/album/my-little-hero/1713788443?i=1713788922&uo=4
Demetrio Izzudin Ardani,Remember You - Single,Remember You,2023,Hip-Hop/Rap,https://music.apple.com/my/album/remember-you/1713818165?i=1713818170&uo=4
Demetrio Izzudin Ardani,Just for You - Single,Just for You,2023,Rock,https://music.apple.com/my/album/just-for-you/1714207620?i=1714207625&uo=4
Demetrio Izzudin Ardani,Heim Heim - Single,Heim Heim,2023,Pop,https://music.apple.com/my/album/heim-heim/1714388452?i=1714388456&uo=4
Demetrio Izzudin Ardani,Ended Already_rock - Single,Ended Already_rock,2023,Rock,https://music.apple.com/my/album/ended-already-rock/1714884792?i=1714885401&uo=4
Demetrio Izzudin Ardani,Dung Dung Tax - Single,Dung Dung Tax,2023,Rock,https://music.apple.com/my/album/dung-dung-tax/1714917333?i=1714917343&uo=4
Demetrio Izzudin Ardani,Net Not Neng_rock - Single,Net Not Neng_rock,2023,Rock,https://music.apple.com/my/album/net-not-neng-rock/1714918460?i=1714918463&uo=4
Demetrio Izzudin Ardani,Stand Tall - Single,Stand Tall,2023,Alternative,https://music.apple.com/my/album/stand-tall/1714951914?i=1714951921&uo=4
Demetrio Izzudin Ardani,So Be It - Single,So Be It,2023,Rock,https://music.apple.com/my/album/so-be-it/1715035155?i=1715035353&uo=4
Demetrio Izzudin Ardani,Modern Cinematic - Single,Modern Cinematic,2023,Alternative,https://music.apple.com/my/album/modern-cinematic/1715040175?i=1715040180&uo=4
Demetrio Izzudin Ardani,You Are My Heaven - Single,You Are My Heaven,2023,Hip-Hop/Rap,https://music.apple.com/my/album/you-are-my-heaven/1715265251?i=1715265378&uo=4
Demetrio Izzudin Ardani,Try Saying It - Single,Try Saying It,2023,Rock,https://music.apple.com/my/album/try-saying-it/1716240415?i=1716240416&uo=4
Demetrio Izzudin Ardani,Help Me - Single,Help Me,2023,Alternative,https://music.apple.com/my/album/help-me/1720530934?i=1720530941&uo=4
Demetrio Izzudin Ardani,Pursuing a Dream - Single,Pursuing a Dream,2024,Alternative,https://music.apple.com/my/album/pursuing-a-dream/1725429932?i=1725429941&uo=4
Demetrio Izzudin Ardani,It Won't Disappear - Single,It Won't Disappear,2024,Alternative,https://music.apple.com/my/album/it-wont-disappear/1727129458?i=1727129615&uo=4
Demetrio Izzudin Ardani,Trap DJ Gamelan - Single,Trap DJ Gamelan,2024,Alternative,https://music.apple.com/my/album/trap-dj-gamelan/1730917284?i=1730917286&uo=4
Demetrio Izzudin Ardani,Merry Christmas - Single,Merry Christmas,2024,Alternative,https://music.apple.com/my/album/merry-christmas/1730934987?i=1730935285&uo=4
Demetrio Izzudin Ardani,Summer Story - Single,Summer Story,2024,Alternative,https://music.apple.com/my/album/summer-story/1734100126?i=1734100371&uo=4
Revi Ardani,Untuk Apa Aku Dilahirkan - Single,Untuk Apa Aku Dilahirkan,2024,Pop,https://music.apple.com/my/album/untuk-apa-aku-dilahirkan/1734368494?i=1734368495&uo=4
Demetrio Izzudin Ardani,Executive Boss - Single,Executive Boss,2024,Alternative,https://music.apple.com/my/album/executive-boss/1735199583?i=1735199590&uo=4
Demetrio Izzudin Ardani,Leave Me Here - Single,Leave Me Here,2024,Alternative,https://music.apple.com/my/album/leave-me-here/1736062743?i=1736062756&uo=4
Demetrio Izzudin Ardani,Red Sky Shepherds Delight - Single,Red Sky Shepherds Delight,2024,Alternative,https://music.apple.com/my/album/red-sky-shepherds-delight/1738115489?i=1738115494&uo=4
Demetrio Izzudin Ardani,Fresh People - Single,Fresh People,2024,Alternative,https://music.apple.com/my/album/fresh-people/1742570791?i=1742570796&uo=4
Rivan Ardani,Gemati Dilarani - Single,Gemati Dilarani,2024,Dangdut,https://music.apple.com/my/album/gemati-dilarani/1755689826?i=1755689833&uo=4
Demetrio Izzudin Ardani,The Song of Longing - Single,The Song of Longing,2024,Alternative,https://music.apple.com/my/album/the-song-of-longing/1774198631?i=1774198635&uo=4
Demetrio Izzudin Ardani,About You and You - Single,About You and You,2024,Alternative,https://music.apple.com/my/album/about-you-and-you/1775898168?i=1775898442&uo=4
Demetrio Izzudin Ardani,Love Must Choose - Single,Love Must Choose,2024,Alternative,https://music.apple.com/my/album/love-must-choose/1775900759?i=1775900776&uo=4
Demetrio Izzudin Ardani,Your Love Tempts Me - Single,Your Love Tempts Me,2024,Alternative,https://music.apple.com/my/album/your-love-tempts-me/1775901434?i=1775901436&uo=4
Demetrio Izzudin Ardani,Unblessed Love - Single,Unblessed Love,2024,Alternative,https://music.apple.com/my/album/unblessed-love/1775902030?i=1775902311&uo=4
Demetrio Izzudin Ardani,Hidden Feelings - Single,Hidden Feelings,2024,Alternative,https://music.apple.com/my/album/hidden-feelings/1775903064?i=1775903069&uo=4
Marco Ardani,Gazing Aimlessly - Single,Gazing Aimlessly,2025,Hip-Hop/Rap,https://music.apple.com/my/album/gazing-aimlessly/1790220641?i=1790220647&uo=4
Demetrio Izzudin Ardani,Triumph Trailer Sinematik Piano Inspiratif - Single,Triumph Trailer Sinematik Piano Inspiratif,2025,Alternative,https://music.apple.com/my/album/triumph-trailer-sinematik-piano-inspiratif/1793959719?i=1793959721&uo=4
Demetrio Izzudin Ardani,I Can't Meet You Anymore - Single,I Can't Meet You Anymore,2025,Alternative,https://music.apple.com/my/album/i-cant-meet-you-anymore/1839846132?i=1839846133&uo=4
Demetrio Izzudin Ardani,While You're Away - Single,While You're Away,2024,Alternative,https://music.apple.com/my/album/while-youre-away/1840450671?i=1840450674&uo=4
Demetrio Izzudin Ardani,Gelisah Ini Menantimu - Single,Gelisah Ini Menantimu,2025,Alternative,https://music.apple.com/my/album/gelisah-ini-menantimu/1840450714?i=1840450723&uo=4
Demetrio Izzudin Ardani,The Most Beautiful News from You - Single,The Most Beautiful News from You,2025,Alternative,https://music.apple.com/my/album/the-most-beautiful-news-from-you/1840834016?i=1840834021&uo=4
Demetrio Izzudin Ardani,Tetap Disini - Single,Tetap Disini,2025,Pop,https://music.apple.com/my/album/tetap-disini/1842515444?i=1842515445&uo=4
Marco Ardani,Called Out - Single,Called Out,2020,Hip-Hop/Rap,https://music.apple.com/my/album/called-out/1853752755?i=1853753077&uo=4
Marco Ardani,Free to Speak - Single,Free to Speak,2025,Hip-Hop/Rap,https://music.apple.com/my/album/free-to-speak/1863049110?i=1863049113&uo=4
Bima Ardani,Untuk Jiwa Yang Sepi,Untuk Jiwa Yang Sepi,2025,Pop,https://music.apple.com/my/album/untuk-jiwa-yang-sepi/6769852288?i=6769852290&uo=4
Bima Ardani,Untuk Jiwa Yang Sepi,Andai Kau Bisa Membenciku,2025,Pop,https://music.apple.com/my/album/andai-kau-bisa-membenciku/6769852288?i=6769852292&uo=4
Bima Ardani,Untuk Jiwa Yang Sepi,Beri Sedikit Waktu Lagi,2025,Pop,https://music.apple.com/my/album/beri-sedikit-waktu-lagi/6769852288?i=6769852297&uo=4
Bima Ardani,Untuk Jiwa Yang Sepi,Isyarat Hati,2025,Pop,https://music.apple.com/my/album/isyarat-hati/6769852288?i=6769852300&uo=4
Bima Ardani,Untuk Jiwa Yang Sepi,Jika Rindu Datang,2025,Pop,https://music.apple.com/my/album/jika-rindu-datang/6769852288?i=6769852301&uo=4
Bima Ardani,Untuk Jiwa Yang Sepi,Kau Tak Untuk Di Miliki,2025,Pop,https://music.apple.com/my/album/kau-tak-untuk-di-miliki/6769852288?i=6769852303&uo=4
Bima Ardani,Untuk Jiwa Yang Sepi,Perasaan Laksana Hujan,2025,Pop,https://music.apple.com/my/album/perasaan-laksana-hujan/6769852288?i=6769852307&uo=4
Bima Ardani,Untuk Jiwa Yang Sepi,Sudah Tak Searah,2025,Pop,https://music.apple.com/my/album/sudah-tak-searah/6769852288?i=6769852311&uo=4
Bima Ardani,Untuk Jiwa Yang Sepi,Terlalu Sadis,2025,Pop,https://music.apple.com/my/album/terlalu-sadis/6769852288?i=6769852616&uo=4
Bima Ardani,KELANA - Single,KELANA,2025,Pop,https://music.apple.com/my/album/kelana/6769869590?i=6769869835&uo=4
yani ardani,PERJALANAN CINTA,bukan bahagia bersamaku,2023,Pop,https://music.apple.com/my/album/bukan-bahagia-bersamaku/1686489011?i=1686489531&uo=4
ArdaniG,Reflexion - EP,Geografia Nueva,2026,Regional Mexican,https://music.apple.com/my/album/geografia-nueva/1883126194?i=1883126195&uo=4
ArdaniG,Reflexion - EP,Carta a mi Hijo,2026,Regional Mexican,https://music.apple.com/my/album/carta-a-mi-hijo/1883126194?i=1883126197&uo=4
ArdaniG,Reflexion - EP,Mamá Perdóname,2026,Regional Mexican,https://music.apple.com/my/album/mam%C3%A1-perd%C3%B3name/1883126194?i=1883126198&uo=4
ArdaniG,LA LUZ COMIENZA,Contigo todo,2026,Regional Mexican,https://music.apple.com/my/album/contigo-todo/1884721476?i=1884721478&uo=4
ArdaniG,LA LUZ COMIENZA,EL NIÑO SOÑADOR,2026,Regional Mexican,https://music.apple.com/my/album/el-ni%C3%B1o-so%C3%B1ador/1884721476?i=1884721484&uo=4
ArdaniG,LA LUZ COMIENZA,NADIE ME QUITA LO MIO,2026,Regional Mexican,https://music.apple.com/my/album/nadie-me-quita-lo-mio/1884721476?i=1884721487&uo=4
ArdaniG,LA LUZ COMIENZA,No es POSIBLE,2026,Regional Mexican,https://music.apple.com/my/album/no-es-posible/1884721476?i=1884721488&uo=4
ArdaniG,LA LUZ COMIENZA,Cicatrices Que no Sanan,2026,Regional Mexican,https://music.apple.com/my/album/cicatrices-que-no-sanan/1884721476?i=1884721490&uo=4
ArdaniG,LA LUZ COMIENZA,Te busco en Otras,2026,Regional Mexican,https://music.apple.com/my/album/te-busco-en-otras/1884721476?i=1884721494&uo=4
ArdaniG,LA LUZ COMIENZA,PROMESA CUMPLIDA,2026,Regional Mexican,https://music.apple.com/my/album/promesa-cumplida/1884721476?i=1884721495&uo=4
ArdaniG,Ya No Me Llames - Single,Ya No Me Llames,2026,Latin Urban,https://music.apple.com/my/album/ya-no-me-llames/1893403523?i=1893403524&uo=4
ArdaniG,La Playa No Cambia mi Amor - Single,La Playa No Cambia mi Amor,2026,Pop in Spanish,https://music.apple.com/my/album/la-playa-no-cambia-mi-amor/1894311630?i=1894311631&uo=4
ArdaniG,Punta Cana - Single,Punta Cana,2026,Latin Urban,https://music.apple.com/my/album/punta-cana/1895873060?i=6764672443&uo=4
ArdaniG,Vibes - Single,Vibes,2026,Hip-Hop,https://music.apple.com/my/album/vibes/6771939754?i=6771939758&uo=4
ArdaniG,Orbit - Single,Orbit,2026,Pop,https://music.apple.com/my/album/orbit/6776824323?i=6776824324&uo=4
ArdaniG,Que Suene la Banda - Single,Que Suene la Banda,2026,Regional Mexican,https://music.apple.com/my/album/que-suene-la-banda/6776824916?i=6776824917&uo=4
ArdaniG,Guerreros de Fé - Single,Guerreros de Fé,2026,Christian Pop,https://music.apple.com/my/album/guerreros-de-f%C3%A9/6781703848?i=6781703856&uo=4
ArdaniG,THROUGH THE FIRE - Single,THROUGH THE FIRE,2026,K-Pop,https://music.apple.com/my/album/through-the-fire/6784274057?i=6784274058&uo=4
ArdaniG,Noches sin Luz - Single,TODAVÍA TE ESPERO,2026,Gangsta Rap,https://music.apple.com/my/album/todav%C3%ADa-te-espero/6784379704?i=6784379707&uo=4
ArdaniG,2 different lives,Wavelength,2026,Pop,https://music.apple.com/my/album/wavelength/6792076496?i=6792076497&uo=4
ArdaniG,2 different lives,Yoga Class,2026,Pop,https://music.apple.com/my/album/yoga-class/6792076496?i=6792076498&uo=4
ArdaniG,2 different lives,Dog Park Sunday,2026,Pop,https://music.apple.com/my/album/dog-park-sunday/6792076496?i=6792076499&uo=4
ArdaniG,2 different lives,Airport delay,2026,Pop,https://music.apple.com/my/album/airport-delay/6792076496?i=6792076500&uo=4
ArdaniG,2 different lives,Library Corner,2026,Pop,https://music.apple.com/my/album/library-corner/6792076496?i=6792076501&uo=4
ArdaniG,2 different lives,Victory,2026,Pop,https://music.apple.com/my/album/victory/6792076496?i=6792076502&uo=4
ArdaniG,2 different lives,Set Me Free,2026,Pop,https://music.apple.com/my/album/set-me-free/6792076496?i=6792076503&uo=4
ArdaniG,2 different lives,Ride or Die,2026,Pop,https://music.apple.com/my/album/ride-or-die/6792076496?i=6792076564&uo=4
ArdaniG,2 different lives,Higher,2026,Pop,https://music.apple.com/my/album/higher/6792076496?i=6792076565&uo=4
ArdaniG,2 different lives,MAGNETIC,2026,Pop,https://music.apple.com/my/album/magnetic/6792076496?i=6792076566&uo=4
ArdaniG,2 different lives,Worth the Wait,2026,Pop,https://music.apple.com/my/album/worth-the-wait/6792076496?i=6792076567&uo=4
ArdaniG,2 different lives,NO ONE LIKE YOU,2026,Pop,https://music.apple.com/my/album/no-one-like-you/6792076496?i=6792076568&uo=4
ArdaniG,2 different lives,ALL IN,2026,Pop,https://music.apple.com/my/album/all-in/6792076496?i=6792076569&uo=4
ArdaniG,2 different lives,Can't Get Enough,2026,Pop,https://music.apple.com/my/album/cant-get-enough/6792076496?i=6792076570&uo=4
ArdaniG,2 different lives,Lightning Strike,2026,Pop,https://music.apple.com/my/album/lightning-strike/6792076496?i=6792076571&uo=4
ArdaniG,2 different lives,The Dress You Never Wore,2026,Pop,https://music.apple.com/my/album/the-dress-you-never-wore/6792076496?i=6792076572&uo=4
ArdaniG,2 different lives,Postcards from Yesterday,2026,Pop,https://music.apple.com/my/album/postcards-from-yesterday/6792076496?i=6792076573&uo=4
ArdaniG,2 different lives,Fading Photograph,2026,Pop,https://music.apple.com/my/album/fading-photograph/6792076496?i=6792076574&uo=4
ArdaniG,2 different lives,MONACO NIGTHS,2026,Pop,https://music.apple.com/my/album/monaco-nigths/6792076496?i=6792076575&uo=4
ArdaniG,2 different lives,QUEDARTE,2026,Pop,https://music.apple.com/my/album/quedarte/6792076496?i=6792076576&uo=4
ArdaniG,2 different lives,KARMA,2026,Pop,https://music.apple.com/my/album/karma/6792076496?i=6792076577&uo=4
ArdaniG,Selva - Single,Selva,2026,Ambient,https://music.apple.com/my/album/selva/6796850425?i=6796850426&uo=4
ArdaniG,Feel the Ground - Single,Feel the Ground,2026,Afro House,https://music.apple.com/my/album/feel-the-ground/6796851355?i=6796851357&uo=4
ArdaniG,Monkey - Single,Monkey,2026,Afro House,https://music.apple.com/my/album/monkey/6796851504?i=6796851505&uo=4
Major 9,Iman Mutiara - Single,Iman Mutiara,2020,Alternative,https://music.apple.com/my/album/iman-mutiara/1500383897?i=1500383899&uo=4
Major 9,Astaghfirullah (Original TickTalk TV Soundtrack) - Single,Astaghfirullah (Original TickTalk TV Soundtrack),2020,Soundtrack,https://music.apple.com/my/album/astaghfirullah-original-ticktalk-tv-soundtrack/1536786245?i=1536786637&uo=4
Major 9,Cahaya Aidilfitri - Single,Cahaya Aidilfitri,2020,Rock,https://music.apple.com/my/album/cahaya-aidilfitri/1515475259?i=1515475262&uo=4
Major 9,Selamat Berhari Raya - Single,Selamat Berhari Raya,2021,Pop,https://music.apple.com/my/album/selamat-berhari-raya/1564703291?i=1564703293&uo=4
Soofi All Stars,Dari Ramadan Ke Syawal - Single,Dari Ramadan Ke Syawal,2026,Asia,https://music.apple.com/my/album/dari-ramadan-ke-syawal/1878015088?i=1878015102&uo=4
Soofi All Stars,Syukur Ramadan - Single,Syukur Ramadan,2025,Asia,https://music.apple.com/my/album/syukur-ramadan/1798482177?i=1798482185&uo=4
Daqmie,Budi,Yang Terindah,2016,Worldwide,https://music.apple.com/my/album/yang-terindah/6770417555?i=6770417941&uo=4
Daqmie,Maulaya,Tangis Sebatang Tamar,2013,Asia,https://music.apple.com/my/album/tangis-sebatang-tamar/1104191292?i=1104191684&uo=4
Daqmie,"Masa (From ""Bidaah"") - Single","Masa (From ""Bidaah"")",2025,Malaysian Pop,https://music.apple.com/my/album/masa-from-bidaah/1796082819?i=1796082827&uo=4
Daqmie,Maulaya,7 Petala Cinta (feat. Mohar),2013,Asia,https://music.apple.com/my/album/7-petala-cinta-feat-mohar/1104191292?i=1104191687&uo=4
DAQMIE,Munajat (feat. Alfa & Rumie) - Single,Munajat (feat. Alfa & Rumie),2020,Malaysian Pop,https://music.apple.com/my/album/munajat-feat-alfa-rumie/1519459624?i=1519459659&uo=4
Mestica & Daqmie,Layar Keinsafan - Single,Layar Keinsafan,2022,Worldwide,https://music.apple.com/my/album/layar-keinsafan/1655976585?i=1655976892&uo=4
Daqmie,Maulaya,Maulaya,2013,Asia,https://music.apple.com/my/album/maulaya/1104191292?i=1104191555&uo=4
Daqmie,Maulaya,Asma Ul Husna,2013,Asia,https://music.apple.com/my/album/asma-ul-husna/1104191292?i=1104191697&uo=4
Daqmie,Maulaya,Selawat Ke Atas Nabi Muhammad,2013,Asia,https://music.apple.com/my/album/selawat-ke-atas-nabi-muhammad/1104191292?i=1104191553&uo=4
Daqmie,Sabda Kekasih (Original Motion Picture Soundtrack) - Single,Sabda Kekasih (feat. Alfa & Rumie Booty),2020,Pop,https://music.apple.com/my/album/sabda-kekasih-feat-alfa-rumie-booty/1529237363?i=1529237375&uo=4
Daqmie,Maulaya,Kasih Abadi (feat. Aznan Alias),2013,Asia,https://music.apple.com/my/album/kasih-abadi-feat-aznan-alias/1104191292?i=1104191701&uo=4
In Team & Daqmie,Kasih KeKasih - Single,Kasih KeKasih,2022,Worldwide,https://music.apple.com/my/album/kasih-kekasih/1655631861?i=1655631865&uo=4
Daqmie,Maulaya,La Ilaha Illa Allah,2013,Asia,https://music.apple.com/my/album/la-ilaha-illa-allah/1104191292?i=1104191560&uo=4
Daqmie,Maulaya,Qasidah Maulaya,2013,Asia,https://music.apple.com/my/album/qasidah-maulaya/1104191292?i=1104191708&uo=4
Daqmie,Budi,Jalan Syahadah,2016,Worldwide,https://music.apple.com/my/album/jalan-syahadah/6770417555?i=6770417557&uo=4
Daqmie,Maulaya,Ilahi Lastu Lil Firdaus,2013,Asia,https://music.apple.com/my/album/ilahi-lastu-lil-firdaus/1104191292?i=1104191698&uo=4
Daqmie,Madinah (feat. Alfa & Rumie Booty) - Single,Madinah (feat. Alfa & Rumie Booty),2020,Pop,https://music.apple.com/my/album/madinah-feat-alfa-rumie-booty/1536942319?i=1536942325&uo=4
Daqmie,Budi,Sifat Mahmudah,2016,Worldwide,https://music.apple.com/my/album/sifat-mahmudah/6770417555?i=6770417558&uo=4
Daqmie,Budi,Ya Rasulallah,2016,Worldwide,https://music.apple.com/my/album/ya-rasulallah/6770417555?i=6770417820&uo=4
Daqmie,Budi,Menangislah Hati,2016,Worldwide,https://music.apple.com/my/album/menangislah-hati/6770417555?i=6770417808&uo=4
Daqmie,Budi,Tiada Yang Kekal,2016,Worldwide,https://music.apple.com/my/album/tiada-yang-kekal/6770417555?i=6770417818&uo=4
Daqmie,Doa & Selawat Terapi,Kasih Yang Dirindu,2023,Indonesian Religious,https://music.apple.com/my/album/kasih-yang-dirindu/1669386247?i=1669387550&uo=4
Daqmie,Budi,Iman Dan Taqwa,2016,Worldwide,https://music.apple.com/my/album/iman-dan-taqwa/6770417555?i=6770417564&uo=4
Daqmie,Masih Terlihat Senyummu - Single,Masih Terlihat Senyummu,2022,Worldwide,https://music.apple.com/my/album/masih-terlihat-senyummu/1656323100?i=1656323387&uo=4
Daqmie,Budi,Sesetiamu Disampingnya,2016,Worldwide,https://music.apple.com/my/album/sesetiamu-disampingnya/6770417555?i=6770417937&uo=4
Daqmie & Swara,Ramadan Ini - Single,Ramadan Ini,2021,Malaysian Pop,https://music.apple.com/my/album/ramadan-ini/1563024760?i=1563025028&uo=4
Daqmie,Budi,Tuhan Memanggil,2016,Worldwide,https://music.apple.com/my/album/tuhan-memanggil/6770417555?i=6770417819&uo=4
Daqmie,Budi,Nasuha,2016,Worldwide,https://music.apple.com/my/album/nasuha/6770417555?i=6770417807&uo=4
Daqmie,Budi,Penantian,2016,Worldwide,https://music.apple.com/my/album/penantian/6770417555?i=6770417817&uo=4
Daqmie,Budi,Bersyukur,2016,Worldwide,https://music.apple.com/my/album/bersyukur/6770417555?i=6770417559&uo=4
Daqmie,Senandung Ehsan,Puteriku Sayang,2023,Malaysian Pop,https://music.apple.com/my/album/puteriku-sayang/6770546919?i=6770547396&uo=4
Daqmie,Budi,Bersatu,2016,Worldwide,https://music.apple.com/my/album/bersatu/6770417555?i=6770417815&uo=4
Daqmie,Korbankanlah - Single,Korbankanlah,2025,Malaysian Pop,https://music.apple.com/my/album/korbankanlah/1817008852?i=1817008858&uo=4
Daqmie,Doa & Selawat Terapi,Doa Pagi & Petang,2023,Indonesian Religious,https://music.apple.com/my/album/doa-pagi-petang/1669386247?i=1669386589&uo=4
Daqmie,Senandung Ehsan,Ibu Mithali,2023,Malaysian Pop,https://music.apple.com/my/album/ibu-mithali/6770546919?i=6770547388&uo=4
Daqmie,Doa & Selawat Terapi,Doa Ibu & Bapa,2023,Indonesian Religious,https://music.apple.com/my/album/doa-ibu-bapa/1669386247?i=1669387157&uo=4
Daqmie,Doa & Selawat Terapi,Rahmatan Lil Alamin,2023,Indonesian Religious,https://music.apple.com/my/album/rahmatan-lil-alamin/1669386247?i=1669387272&uo=4
Daqmie,Doa & Selawat Terapi,Keluarga Aura Rezeki,2023,Indonesian Religious,https://music.apple.com/my/album/keluarga-aura-rezeki/1669386247?i=1669387558&uo=4
Daqmie,Doa & Selawat Terapi,Subhanallah,2023,Indonesian Religious,https://music.apple.com/my/album/subhanallah/1669386247?i=1669386594&uo=4
Daqmie,Doa & Selawat Terapi,Allahu Akbar,2023,Indonesian Religious,https://music.apple.com/my/album/allahu-akbar/1669386247?i=1669386614&uo=4
Daqmie,Doa & Selawat Terapi,Alhamdulillah,2023,Indonesian Religious,https://music.apple.com/my/album/alhamdulillah/1669386247?i=1669386604&uo=4
Daqmie,Doa & Selawat Terapi,La Ilaha Illallah,2023,Indonesian Religious,https://music.apple.com/my/album/la-ilaha-illallah/1669386247?i=1669387261&uo=4
Daqmie,Doa & Selawat Terapi,Selawat & Salam,2023,Indonesian Religious,https://music.apple.com/my/album/selawat-salam/1669386247?i=1669387248&uo=4
Daqmie,"Smart Tarannum, Vol. 2",Lagu Tema Smart Tarannum,2008,Worldwide,https://music.apple.com/my/album/lagu-tema-smart-tarannum/1149285096?i=1149285308&uo=4
Far East,Far East,Nur Syahadah (2005),2005,Indonesian Religious,https://music.apple.com/my/album/nur-syahadah-2005/1738870869?i=1738871043&uo=4
Far East,Far East,Cinta Pertama,2005,Indonesian Religious,https://music.apple.com/my/album/cinta-pertama/1738870869?i=1738871032&uo=4
Far East,"Halawatul Iman II, Saat Lafaz Sakinah",Saat Lafaz Sakinah,2010,Worldwide,https://music.apple.com/my/album/saat-lafaz-sakinah/1220477405?i=1220478231&uo=4
Far East,Aku Zikirkan Nama-Mu,Syahadah,2014,Asia,https://music.apple.com/my/album/syahadah/1104186691?i=1104187688&uo=4
Far East,Far East,Bingkisan Rindu,2005,Indonesian Religious,https://music.apple.com/my/album/bingkisan-rindu/1738870869?i=1738871397&uo=4
Nassier Wahab & Far East,Melakar Cinta Di Pintu Syurga with Nassier Wahab - Single,Melakar Cinta Di Pintu Syurga,2006,Pop,https://music.apple.com/my/album/melakar-cinta-di-pintu-syurga/724777563?i=724777648&uo=4
Far East,Al Hambra - Single,Al Hambra,2005,Pop,https://music.apple.com/my/album/al-hambra/724768843?i=724769100&uo=4
Far East,"Halawatul Iman II, Saat Lafaz Sakinah",Eksplorasi (feat. Inteam),2010,Worldwide,https://music.apple.com/my/album/eksplorasi-feat-inteam/1220477405?i=1220478460&uo=4
Far East,Far East,Kembali (2002),2002,Indonesian Religious,https://music.apple.com/my/album/kembali-2002/1734407494?i=1734408044&uo=4
Ryan Tedder & Far East Movement,Free Wired,Rocketeer (feat. Ryan Tedder),2010,Dance,https://music.apple.com/my/album/rocketeer-feat-ryan-tedder/1442981779?i=1442981793&uo=4
Far East,Aku Zikirkan Nama-Mu,Istighfar,2014,Asia,https://music.apple.com/my/album/istighfar/1104186691?i=1104187884&uo=4
"The Cataracs, Far East Movement & DEV",Free Wired,Like a G6 (feat. The Cataracs & Dev),2010,Dance,https://music.apple.com/my/album/like-a-g6-feat-the-cataracs-dev/1442981779?i=1442981789&uo=4
Far East,Aku Zikirkan Nama-Mu,Laukana Bainana (feat. Raqib Majib),2014,Asia,https://music.apple.com/my/album/laukana-bainana-feat-raqib-majib/1104186691?i=1104187675&uo=4
"Far East Movement, The Cataracs & DEV",Free Wired,Like a G6,2010,Pop,https://music.apple.com/my/album/like-a-g6/1442932822?i=1442933060&uo=4
Far East,Aku Zikirkan Nama-Mu,Asma Allah,2014,Asia,https://music.apple.com/my/album/asma-allah/1104186691?i=1104187326&uo=4
Far East,Aku Zikirkan Nama-Mu,Sollallahu Alannabi,2014,Asia,https://music.apple.com/my/album/sollallahu-alannabi/1104186691?i=1104187461&uo=4
Far East,Aku Zikirkan Nama-Mu,Doa Untuk Ibu,2014,Asia,https://music.apple.com/my/album/doa-untuk-ibu/1104186691?i=1104187530&uo=4
Far East,Gerimis - Single,Gerimis,2005,Pop,https://music.apple.com/my/album/gerimis/724768844?i=724769136&uo=4
Far East,"Halawatul Iman II, Saat Lafaz Sakinah",Ala Baladi,2010,Worldwide,https://music.apple.com/my/album/ala-baladi/1220477405?i=1220478085&uo=4
Far East,Warkah Munsyid - Single,Warkah Munsyid,2021,Malaysian Pop,https://music.apple.com/my/album/warkah-munsyid/1576302029?i=1576302030&uo=4
Far East Movement,Like a G6 (feat. Cataracs & Dev) - Single,Like a G6 (feat. Cataracs & Dev),2010,Pop,https://music.apple.com/my/album/like-a-g6-feat-cataracs-dev/1445286145?i=1445286150&uo=4
Far East Movement & Ryan Tedder,Free Wired,Rocketeer (feat. Ryan Tedder),2010,Pop,https://music.apple.com/my/album/rocketeer-feat-ryan-tedder/1442932822?i=1442933069&uo=4
Far East Movement,Weekend Getaway,Live My Life (feat. Justin Bieber),2012,Pop,https://music.apple.com/my/album/live-my-life-feat-justin-bieber/1576766245?i=1576766734&uo=4
Far East,Aku Zikirkan Nama-Mu,Ya Tawwab,2014,Asia,https://music.apple.com/my/album/ya-tawwab/1104186691?i=1104187679&uo=4
Far East Movement,Identity,"Freal Luv (feat. Marshmello, Chanyeol & Tinashe)",2016,Dance,https://music.apple.com/my/album/freal-luv-feat-marshmello-chanyeol-tinashe/1163922231?i=1163922293&uo=4
"Far East, Fadzli Far East & Naim Mirwana",Pewaris - Single,Pewaris,2020,Worldwide,https://music.apple.com/my/album/pewaris/1498416181?i=1498416182&uo=4
Far East,Aku Zikirkan Nama-Mu,Ya Latif,2014,Asia,https://music.apple.com/my/album/ya-latif/1104186691?i=1104187459&uo=4
Far East Movement,Hottest Hits Ever 4,Turn Up The Love (feat. Cover Drive),2012,Dance,https://music.apple.com/my/album/turn-up-the-love-feat-cover-drive/1444127639?i=1444128511&uo=4
Far East,Aku Zikirkan Nama-Mu,Allah,2014,Asia,https://music.apple.com/my/album/allah/1104186691?i=1104187075&uo=4
Far East,Far East,Al-Hambra (2005),2005,Indonesian Religious,https://music.apple.com/my/album/al-hambra-2005/1738870869?i=1738871392&uo=4
Far East,Far East,Khalifah,2005,Indonesian Religious,https://music.apple.com/my/album/khalifah/1738870869?i=1738871053&uo=4
Far East,Aku Zikirkan Nama-Mu,Tazikirah 1 (feat. Ustaz Don Danial),2014,Asia,https://music.apple.com/my/album/tazikirah-1-feat-ustaz-don-danial/1104186691?i=1104187453&uo=4
Far East Movement,Step Up Revolution (Music from the Motion Picture),Live My Life (feat. Justin Bieber & Redfoo) [Party Rock Remix],2012,Soundtrack,https://music.apple.com/my/album/live-my-life-feat-justin-bieber-redfoo-party-rock-remix/1440808995?i=1440809002&uo=4
Far East,Aku Zikirkan Nama-Mu,Tazikirah 2 (feat. Ustaz Rodzie & Ustaz Don Danial),2014,Asia,https://music.apple.com/my/album/tazikirah-2-feat-ustaz-rodzie-ustaz-don-danial/1104186691?i=1104187678&uo=4
Far East Movement & Snoop Dogg,Free Wired,If I Was You (OMG) [feat. Snoop Dogg],2010,Dance,https://music.apple.com/my/album/if-i-was-you-omg-feat-snoop-dogg/1442981779?i=1442981798&uo=4
Far East,Aku Zikirkan Nama-Mu,Ya Ilahi Rabbi,2014,Asia,https://music.apple.com/my/album/ya-ilahi-rabbi/1104186691?i=1104187574&uo=4
"Far East, Naim Mirwana & Fadzli Far East",Pelita - Single,Pelita,2020,Asia,https://music.apple.com/my/album/pelita/1546859962?i=1546859963&uo=4
Far East,Aku Zikirkan Nama-Mu,Doa Untuk Ayah,2014,Asia,https://music.apple.com/my/album/doa-untuk-ayah/1104186691?i=1104187690&uo=4
Far East,Aku Zikirkan Nama-Mu,Alhamdulillah,2014,Asia,https://music.apple.com/my/album/alhamdulillah/1104186691?i=1104187680&uo=4
Far East,"Halawatul Iman II, Saat Lafaz Sakinah",Aman,2010,Worldwide,https://music.apple.com/my/album/aman/1220477405?i=1220478239&uo=4
Far East,Aku Zikirkan Nama-Mu,Tazikirah 3 (feat. Ustaz Don Danial),2014,Asia,https://music.apple.com/my/album/tazikirah-3-feat-ustaz-don-danial/1104186691?i=1104187684&uo=4
Far East,Aku Zikirkan Nama-Mu,Tazikirah 4 (feat. Ustaz Rodzie),2014,Asia,https://music.apple.com/my/album/tazikirah-4-feat-ustaz-rodzie/1104186691?i=1104187888&uo=4
Far East Movement,Power Hits Summer 2011,Rocketeer (feat. Ryan Tedder),2010,Pop,https://music.apple.com/my/album/rocketeer-feat-ryan-tedder/1442407893?i=1442408120&uo=4
Far East,Aku Zikirkan Nama-Mu,Rahsia Allah,2014,Asia,https://music.apple.com/my/album/rahsia-allah/1104186691?i=1104187896&uo=4
Far East Movement,Lovebird (feat. Lay) - Single,Lovebird (feat. Lay),2019,Pop,https://music.apple.com/my/album/lovebird-feat-lay/1454668945?i=1454669222&uo=4
Far East,Far East,Nur Syahadah (Acapella Version),2005,Indonesian Religious,https://music.apple.com/my/album/nur-syahadah-acapella-version/1738870869?i=1738871411&uo=4
"In Team, Far East & Salleh Brotherz","Selamat Hari Raya Aidilfitri (Alunan Nasyid, Qasidah & Takbir Raya)",Gema Mubarak,2008,Worldwide,https://music.apple.com/my/album/gema-mubarak/1114687628?i=1114687833&uo=4
Far East,"Halawatul Iman II, Saat Lafaz Sakinah",Syahdu,2010,Worldwide,https://music.apple.com/my/album/syahdu/1220477405?i=1220478452&uo=4
Far East,Far East,Hanya Untukmu,2005,Indonesian Religious,https://music.apple.com/my/album/hanya-untukmu/1738870869?i=1738871394&uo=4
"Nazrey Johani, Far East & Azahari Nowseeheart","Selamat Hari Raya Aidilfitri (Alunan Nasyid, Qasidah & Takbir Raya)",Perantau,2008,Worldwide,https://music.apple.com/my/album/perantau/1114687628?i=1114687906&uo=4
Far East,"Halawatul Iman II, Saat Lafaz Sakinah",Maafkan Ibu Tidak Sempurna,2010,Worldwide,https://music.apple.com/my/album/maafkan-ibu-tidak-sempurna/1220477405?i=1220479007&uo=4
Far East,"Halawatul Iman II, Saat Lafaz Sakinah",Keunggulan Insan Berteraskan Al-Quran,2010,Worldwide,https://music.apple.com/my/album/keunggulan-insan-berteraskan-al-quran/1220477405?i=1220478429&uo=4
Far East,"Halawatul Iman II, Saat Lafaz Sakinah",Asmaul Husna,2010,Worldwide,https://music.apple.com/my/album/asmaul-husna/1220477405?i=1220479006&uo=4
Far East Movement & The Stereotypes,Free Wired,Girls On the Dance Floor (feat. Stereotypes),2010,Dance,https://music.apple.com/my/album/girls-on-the-dance-floor-feat-stereotypes/1442981779?i=1442981786&uo=4
Far East,Far East,Kasih Ibu,2002,Indonesian Religious,https://music.apple.com/my/album/kasih-ibu/1734407494?i=1734408558&uo=4
Far East,Far East,A'syura,2002,Indonesian Religious,https://music.apple.com/my/album/asyura/1734407494?i=1734408021&uo=4
Far East,"Halawatul Iman II, Saat Lafaz Sakinah",Mabrur,2010,Worldwide,https://music.apple.com/my/album/mabrur/1220477405?i=1220478459&uo=4
"In Team, Far East & Salleh Brotherz","Selamat Hari Raya Aidilfitri (Alunan Nasyid, Qasidah & Takbir Raya)",Aidilfitri,2008,Worldwide,https://music.apple.com/my/album/aidilfitri/1114687628?i=1114687920&uo=4
Far East,Far East,Gerimis (2005),2005,Indonesian Religious,https://music.apple.com/my/album/gerimis-2005/1738870869?i=1738871154&uo=4
Far East Movement,Identity,Don't Speak (feat. Tiffany & King Chain),2016,Dance,https://music.apple.com/my/album/dont-speak-feat-tiffany-king-chain/1163922231?i=1163922308&uo=4
Far East,"Halawatul Iman II, Saat Lafaz Sakinah",Safa Marwah,2010,Worldwide,https://music.apple.com/my/album/safa-marwah/1220477405?i=1220479001&uo=4
Far East Movement,Free Wired,So What?,2010,Dance,https://music.apple.com/my/album/so-what/1442981779?i=1442982045&uo=4
Munif Hijjaz & Far East,Asma’ Dzatun Nithaqain,Asma’ Dzatun Nithaqain,2025,Malaysian Pop,https://music.apple.com/my/album/asma-dzatun-nithaqain/1811116800?i=1811116802&uo=4
Far East,Far East,Bebabeka (2005) [feat. Al-Masaar] [Arabic Version],2005,Indonesian Religious,https://music.apple.com/my/album/bebabeka-2005-feat-al-masaar-arabic-version/1738870869?i=1738871747&uo=4
Far East,Far East,Bebabeka (Malay Version),2005,Indonesian Religious,https://music.apple.com/my/album/bebabeka-malay-version/1738870869?i=1738871174&uo=4
Far East,Far East,Muhammad Ya Rasulullah,2002,Indonesian Religious,https://music.apple.com/my/album/muhammad-ya-rasulullah/1734407494?i=1734407829&uo=4
Far East,Far East,Ma'assalam Ya Andalus (2002),2002,Indonesian Religious,https://music.apple.com/my/album/maassalam-ya-andalus-2002/1734407494?i=1734408301&uo=4
Far East Movement,Identity,Umbrella (feat. Hyolyn & Gill Chang),2016,Dance,https://music.apple.com/my/album/umbrella-feat-hyolyn-gill-chang/1163922231?i=1163922310&uo=4
Far East Movement,Middle School Hits,Like A G6 (feat. The Cataracs & Dev),2010,Pop,https://music.apple.com/my/album/like-a-g6-feat-the-cataracs-dev/1587772889?i=1587773283&uo=4
Far East,"Halawatul Iman II, Saat Lafaz Sakinah",Qasidah,2010,Worldwide,https://music.apple.com/my/album/qasidah/1220477405?i=1220477917&uo=4
Far East,Far East,Wahyu Pertama,2005,Indonesian Religious,https://music.apple.com/my/album/wahyu-pertama/1738870869?i=1738871404&uo=4
Far East Movement & Snoop Dogg,Free Wired,If I Was You (OMG),2010,Pop,https://music.apple.com/my/album/if-i-was-you-omg/1443121422?i=1443121699&uo=4
Far East,Far East,Antara Kita,2005,Indonesian Religious,https://music.apple.com/my/album/antara-kita/1738870869?i=1738871166&uo=4
Far East,Far East,Maafkan Teman,2002,Indonesian Religious,https://music.apple.com/my/album/maafkan-teman/1734407494?i=1734408950&uo=4
Keri Hilson & Far East Movement,Free Wired,Don't Look Now (feat. Keri Hilson),2010,Dance,https://music.apple.com/my/album/dont-look-now-feat-keri-hilson/1442981779?i=1442982051&uo=4
Far East,Far East,Zahra',2002,Indonesian Religious,https://music.apple.com/my/album/zahra/1734407494?i=1734408965&uo=4
Far East,Far East,Ukhuwah Sejati,2002,Indonesian Religious,https://music.apple.com/my/album/ukhuwah-sejati/1734407494?i=1734408578&uo=4
TIA RAY & Far East Movement,Wish Dragon (Original Motion Picture Soundtrack),Free Smiles,2021,Soundtrack,https://music.apple.com/my/album/free-smiles/1545910005?i=1545910008&uo=4
Far East Movement,Power Hits 2011,Like a G6 (feat. The Cataracs & Dev),2010,Pop,https://music.apple.com/my/album/like-a-g6-feat-the-cataracs-dev/1442409802?i=1442410124&uo=4
"Far East, Fadzli Far East, Naim Mirwana & Maliq Suhaimi",Gema Hijrah,Pelita,2020,Asia,https://music.apple.com/my/album/pelita/1637792927?i=1637794159&uo=4
Karen Mok & Far East Movement,Let the Future In - Single,Let the Future In,2020,Mandopop,https://music.apple.com/my/album/let-the-future-in/1865459901?i=1865459919&uo=4
Far East,Far East,Perantau,2002,Indonesian Religious,https://music.apple.com/my/album/perantau/1734407494?i=1734408571&uo=4
Far East Movement,The Illest (feat. ScHoolboy Q) - Single,The Illest (feat. ScHoolboy Q) [Version With Schoolboy Q],2014,Dance,https://music.apple.com/my/album/the-illest-feat-schoolboy-q-version-with-schoolboy-q/1445319885?i=1445319886&uo=4
Mohombi & Far East Movement,Free Wired,She Owns the Night (feat. Mohombi),2010,Dance,https://music.apple.com/my/album/she-owns-the-night-feat-mohombi/1442981779?i=1442982041&uo=4
Far East Movement,Jello (feat. Rye Rye) - Single,Jello (feat. Rye Rye),2011,Pop,https://music.apple.com/my/album/jello-feat-rye-rye/1445140859?i=1445140869&uo=4
Far East,Love - Single,Love,2024,Malaysian Pop,https://music.apple.com/my/album/love/1734573352?i=1734573354&uo=4
"Natalia Kills, Far East Movement & Ya Boy",Free Wired,2 Is Better (feat. Natalia Kills & Ya Boy),2010,Dance,https://music.apple.com/my/album/2-is-better-feat-natalia-kills-ya-boy/1442981779?i=1442982068&uo=4
Far East Movement,Bamboo (feat. Jason Zhang & Kina Grannis) - Single,Bamboo (feat. Jason Zhang & Kina Grannis),2018,Pop,https://music.apple.com/my/album/bamboo-feat-jason-zhang-kina-grannis/1439944011?i=1439944025&uo=4
Far East Movement,The Illest (feat. Riff Raff) - Single,The Illest (feat. Riff Raff),2013,Dance,https://music.apple.com/my/album/the-illest-feat-riff-raff/1445293867?i=1445293961&uo=4
Far East Movement,Howlin (feat. Liu Yu Ning) - Single,Howlin (feat. Liu Yu Ning),2020,Pop,https://music.apple.com/my/album/howlin-feat-liu-yu-ning/1493936722?i=1493936834&uo=4
Far East Movement,Glue (feat. Heize & Shawn Wasabi) - Single,Glue (feat. Heize & Shawn Wasabi),2019,Pop,https://music.apple.com/my/album/glue-feat-heize-shawn-wasabi/1473318330?i=1473318339&uo=4
"Far East Movement, HENRY & AlunaGeorge",Nice Things - Single,Nice Things,2020,Pop,https://music.apple.com/my/album/nice-things/1498038610?i=1498038625&uo=4
Far East Movement & Vincent Frank,Free Wired,Fighting for Air (feat. Vincent Frank),2010,Dance,https://music.apple.com/my/album/fighting-for-air-feat-vincent-frank/1442981779?i=1442982055&uo=4
Karen Mok & Far East Movement,Let the Future In - Single,Let the Future In (English Version),2020,Mandopop,https://music.apple.com/my/album/let-the-future-in-english-version/1865459901?i=1865459924&uo=4
Far East Movement,Identity,Fighter (feat. Yoonmirae & Autolaser),2016,Dance,https://music.apple.com/my/album/fighter-feat-yoonmirae-autolaser/1163922231?i=1163922236&uo=4
Far East Movement & Keri Hilson,Free Wired,Don't Look Now (feat. Keri Hilson),2010,Pop,https://music.apple.com/my/album/dont-look-now-feat-keri-hilson/1443121422?i=1443121717&uo=4
Saujana,Saujana,Keluarga Bahagia,1997,Islamic,https://music.apple.com/my/album/keluarga-bahagia/1592681321?i=1592681328&uo=4
Saujana,Kembara Cinta,Suci Sekeping Hati,2000,Islamic,https://music.apple.com/my/album/suci-sekeping-hati/1592681071?i=1592681075&uo=4
Saujana,Saujana II,Bulan Bintang,1999,Islamic,https://music.apple.com/my/album/bulan-bintang/1592688036?i=1592688041&uo=4
Saujana,Saujana,Sepohon Kayu,1997,Islamic,https://music.apple.com/my/album/sepohon-kayu/1592681321?i=1592682367&uo=4
Saujana,Satu Dalam Perjuangan - Single,Satu Dalam Perjuangan,2017,Worldwide,https://music.apple.com/my/album/satu-dalam-perjuangan/1220486118?i=1220486185&uo=4
6ixth Sense & Saujana,Senandung Da'i,Penerang Hati,2011,Pop,https://music.apple.com/my/album/penerang-hati/1442338727?i=1442339250&uo=4
Saujana,Nota Cinta,Nota Cinta,2015,Pop,https://music.apple.com/my/album/nota-cinta/1442511725?i=1442511726&uo=4
Saujana,Nota Cinta,Patah Hati,2015,Pop,https://music.apple.com/my/album/patah-hati/1442511725?i=1442511959&uo=4
Saujana,Nota Cinta,Hasbi Rabbi,2015,Pop,https://music.apple.com/my/album/hasbi-rabbi/1442511725?i=1442511953&uo=4
Siti Nordiana & Saujana,Keluarga Bahagia - Single,Keluarga Bahagia,2023,Pop,https://music.apple.com/my/album/keluarga-bahagia/1679099119?i=1679099120&uo=4
Saujana,Rahsia,Sendiri,2002,Islamic,https://music.apple.com/my/album/sendiri/1592679410?i=1592679526&uo=4
Saujana,Nota Cinta,Sepohon Kayu Daunnya Rimbun,2015,Pop,https://music.apple.com/my/album/sepohon-kayu-daunnya-rimbun/1442511725?i=1442512153&uo=4
Saujana,Nota Cinta,Jika Terakhir Buatku,2015,Pop,https://music.apple.com/my/album/jika-terakhir-buatku/1442511725?i=1442511955&uo=4
"Saujana, Amin Idris & Wany Hasrita",Suci Sekeping Hati 2025 - Single,Suci Sekeping Hati 2025,2025,Malaysian Pop,https://music.apple.com/my/album/suci-sekeping-hati-2025/6770026110?i=6770026115&uo=4
Saujana,Aku Cinta Allah,Istighfar,2013,Pop,https://music.apple.com/my/album/istighfar/6769170226?i=6769170241&uo=4
Saujana,Aku Cinta Allah,Istighfar - Instrumental,2013,Pop,https://music.apple.com/my/album/istighfar-instrumental/6769170226?i=6769170592&uo=4
Saujana,Nota Cinta,Sifatullah,2015,Pop,https://music.apple.com/my/album/sifatullah/1442511725?i=1442512151&uo=4
Saujana,Aku Cinta Allah,Ya Zaljalal Wal Ikram (2013),2013,Pop,https://music.apple.com/my/album/ya-zaljalal-wal-ikram-2013/6769170226?i=6769170587&uo=4
Saujana,Saujana,Nur Malam,1997,Islamic,https://music.apple.com/my/album/nur-malam/1592681321?i=1592681984&uo=4
Saujana,Aku Cinta Allah,Ya Allahu Ya Latif,2013,Pop,https://music.apple.com/my/album/ya-allahu-ya-latif/6769170226?i=6769170473&uo=4
Saujana,Aku Cinta Allah,Lailahaillallah (TTSA),2013,Pop,https://music.apple.com/my/album/lailahaillallah-ttsa/6769170226?i=6769170474&uo=4
Saujana,Jalan Sehala - EP,Jalan Sehala,2005,Islamic,https://music.apple.com/my/album/jalan-sehala/1592685578?i=1592685598&uo=4
Saujana,Kembara Cinta,Pada-Mu Selamanya,2000,Islamic,https://music.apple.com/my/album/pada-mu-selamanya/1592681071?i=1592681892&uo=4
Saujana,Saujana,Ya Zaljalal Wal Ikram,1997,Islamic,https://music.apple.com/my/album/ya-zaljalal-wal-ikram/1592681321?i=1592681978&uo=4
Saujana,Sepohon Kayu 25 Tahun - Single,Sepohon Kayu 25 Tahun,2023,Malaysian Pop,https://music.apple.com/my/album/sepohon-kayu-25-tahun/6770697850?i=6770697852&uo=4
Saujana,Nota Cinta,Kembara,2015,Pop,https://music.apple.com/my/album/kembara/1442511725?i=1442511967&uo=4
Saujana,Kembara Cinta,Usia Antara Masa,2000,Islamic,https://music.apple.com/my/album/usia-antara-masa/1592681071?i=1592681564&uo=4
Saujana,Saujana II,Keluarga Bahagia 2,1999,Islamic,https://music.apple.com/my/album/keluarga-bahagia-2/1592688036?i=1592688846&uo=4
Saujana,Kembara Cinta,Antara Dua Cinta,2000,Islamic,https://music.apple.com/my/album/antara-dua-cinta/1592681071?i=1592681572&uo=4
Saujana,5 Bintang - Single,Damai Yang Hilang (Versi 2003),2003,Islamic,https://music.apple.com/my/album/damai-yang-hilang-versi-2003/1592674069?i=1592674241&uo=4
Saujana,Kembara Cinta,Selawat Badariyah,2000,Islamic,https://music.apple.com/my/album/selawat-badariyah/1592681071?i=1592681899&uo=4
Saujana,Saujana II,Jendela Hati,1999,Islamic,https://music.apple.com/my/album/jendela-hati/1592688036?i=1592688529&uo=4
Saujana,Nota Cinta,Ya Muhaiminu Ya Salam,2015,Pop,https://music.apple.com/my/album/ya-muhaiminu-ya-salam/1442511725?i=1442511958&uo=4
Saujana,Kembara Cinta,Harapan Pada-Mu Subur Kembali,2000,Islamic,https://music.apple.com/my/album/harapan-pada-mu-subur-kembali/1592681071?i=1592681900&uo=4
Saujana,Kembara Cinta,Permaidani,2000,Islamic,https://music.apple.com/my/album/permaidani/1592681071?i=1592681561&uo=4
Saujana,Nota Cinta,Zikir Munajat,2015,Pop,https://music.apple.com/my/album/zikir-munajat/1442511725?i=1442511969&uo=4
Saujana,Nota Cinta,Titik Ajaib,2015,Pop,https://music.apple.com/my/album/titik-ajaib/1442511725?i=1442511942&uo=4
Saujana,Saujana,Kenangan,1997,Islamic,https://music.apple.com/my/album/kenangan/1592681321?i=1592681339&uo=4
Saujana,Nota Cinta,Inang Anak Perantau,2015,Pop,https://music.apple.com/my/album/inang-anak-perantau/1442511725?i=1442511956&uo=4
Saujana,Gema Palestin - EP,Pahlawan Gaza,2010,Worldwide,https://music.apple.com/my/album/pahlawan-gaza/1249258308?i=1249258316&uo=4
Saujana,Aku Cinta Allah,Zirullah,2013,Pop,https://music.apple.com/my/album/zirullah/6769170226?i=6769170242&uo=4
Saujana,Rahsia,Rahmat Kasih-Mu,2002,Islamic,https://music.apple.com/my/album/rahmat-kasih-mu/1592679410?i=1592679422&uo=4
Saujana,Rahsia,Mencari Cinta,2002,Islamic,https://music.apple.com/my/album/mencari-cinta/1592679410?i=1592679740&uo=4
Saujana,Saujana,Persahabatan,1997,Islamic,https://music.apple.com/my/album/persahabatan/1592681321?i=1592681745&uo=4
Saujana,Jalan Sehala - EP,Air Mata Keinsafan,2005,Islamic,https://music.apple.com/my/album/air-mata-keinsafan/1592685578?i=1592685839&uo=4
Saujana,Kembara Cinta,Kau Bagai Cahaya,2000,Islamic,https://music.apple.com/my/album/kau-bagai-cahaya/1592681071?i=1592681583&uo=4
Saujana,Aku Cinta Allah,Doa Iftirasy,2013,Pop,https://music.apple.com/my/album/doa-iftirasy/6769170226?i=6769170591&uo=4
Saujana,Rahsia,Rahsia,2002,Islamic,https://music.apple.com/my/album/rahsia/1592679410?i=1592679750&uo=4
Saujana,Saujana,Hayat,1997,Islamic,https://music.apple.com/my/album/hayat/1592681321?i=1592681345&uo=4
Saujana,Nota Cinta,Tausyeh Sika,2015,Pop,https://music.apple.com/my/album/tausyeh-sika/1442511725?i=1442511962&uo=4
Saujana,Aku Cinta Allah,Doa Hasbiyallah,2013,Pop,https://music.apple.com/my/album/doa-hasbiyallah/6769170226?i=6769170476&uo=4
Saujana,Nota Cinta,Khabar Dari Langit,2015,Pop,https://music.apple.com/my/album/khabar-dari-langit/1442511725?i=1442511961&uo=4
Saujana,Kembara Cinta,Inikah Ertinya Cinta,2000,Islamic,https://music.apple.com/my/album/inikah-ertinya-cinta/1592681071?i=1592681905&uo=4
Saujana,Jalan Sehala - EP,Saujana,2005,Islamic,https://music.apple.com/my/album/saujana/1592685578?i=1592685823&uo=4
Saujana,Kembara Cinta,Suci Sekeping Hati (Instrumental),2000,Islamic,https://music.apple.com/my/album/suci-sekeping-hati-instrumental/1592681071?i=1592681910&uo=4
Saujana,Aku Cinta Allah,Salam Atasmu,2013,Pop,https://music.apple.com/my/album/salam-atasmu/6769170226?i=6769170246&uo=4
Saujana,Saujana II,Selamat Hari Lahir,1999,Islamic,https://music.apple.com/my/album/selamat-hari-lahir/1592688036?i=1592688522&uo=4
Saujana,Aku Cinta Allah,Salam Atasmu- Instrumental,2013,Pop,https://music.apple.com/my/album/salam-atasmu-instrumental/6769170226?i=6769170595&uo=4
Saujana,Kembara Cinta,Lima Cinta (Interlude),2000,Islamic,https://music.apple.com/my/album/lima-cinta-interlude/1592681071?i=1592681556&uo=4
Saujana,Aku Cinta Allah,Subhanallah,2013,Pop,https://music.apple.com/my/album/subhanallah/6769170226?i=6769170479&uo=4
"Hijjaz, Saujana & Saff One",Koleksi Istimewa Telaga Biru - EP,Indahnya Hidup Ini,2001,Islamic,https://music.apple.com/my/album/indahnya-hidup-ini/1594607987?i=1594607991&uo=4
Saujana,Rahsia,Permata Keluarga,2002,Islamic,https://music.apple.com/my/album/permata-keluarga/1592679410?i=1592680180&uo=4
Saujana,5 Bintang - Single,Jendela Hati (Versi 2003),2003,Islamic,https://music.apple.com/my/album/jendela-hati-versi-2003/1592674069?i=1592674084&uo=4
Saujana,Rahsia,Kali Kedua,2002,Islamic,https://music.apple.com/my/album/kali-kedua/1592679410?i=1592679728&uo=4
Saujana,Saujana II,Akhlak Mulia,1999,Islamic,https://music.apple.com/my/album/akhlak-mulia/1592688036?i=1592688061&uo=4
Saujana,Saujana II,Selamat Tinggal Ibuku,1999,Islamic,https://music.apple.com/my/album/selamat-tinggal-ibuku/1592688036?i=1592688537&uo=4
Saujana,Kembara Cinta,Keluarga Bahagia (Instrumental),2000,Islamic,https://music.apple.com/my/album/keluarga-bahagia-instrumental/1592681071?i=1592681913&uo=4
Saujana,Nota Cinta,Ishtaqna,2015,Pop,https://music.apple.com/my/album/ishtaqna/1442511725?i=1442511965&uo=4
Saujana,Saujana,Impian,1997,Islamic,https://music.apple.com/my/album/impian/1592681321?i=1592681754&uo=4
Saujana,Saujana,Senyuman,1997,Islamic,https://music.apple.com/my/album/senyuman/1592681321?i=1592681993&uo=4
Saujana,Kembara Cinta,Cinta Abadi (Interlude),2000,Islamic,https://music.apple.com/my/album/cinta-abadi-interlude/1592681071?i=1592681569&uo=4
Saujana,Aku Cinta Allah,KebesaranMu,2013,Pop,https://music.apple.com/my/album/kebesaranmu/6769170226?i=6769170477&uo=4
Saujana,Aku Cinta Allah,KebesaranMu - Instrumental,2013,Pop,https://music.apple.com/my/album/kebesaranmu-instrumental/6769170226?i=6769170600&uo=4
Saujana,Saujana II,Ya Rasulallah,1999,Islamic,https://music.apple.com/my/album/ya-rasulallah/1592688036?i=1592688516&uo=4
Saujana,Kembara Cinta,Cinta dan Benci (Interlude),2000,Islamic,https://music.apple.com/my/album/cinta-dan-benci-interlude/1592681071?i=1592681891&uo=4
Saujana,Saujana,Semula - Selamanya,1997,Islamic,https://music.apple.com/my/album/semula-selamanya/1592681321?i=1592682000&uo=4
Saujana,Rahsia,Ayuh Teman,2002,Islamic,https://music.apple.com/my/album/ayuh-teman/1592679410?i=1592679642&uo=4
"Saff One, Saujana & AMAR (The Singing Magical Lawyer)",Fitrah Aidilfitri - EP,Bulan Ramadhan Bulan Mulia,2003,Islamic,https://music.apple.com/my/album/bulan-ramadhan-bulan-mulia/1593601731?i=1593602001&uo=4
Saujana,5 Bintang - Single,Lakaran Minda,2003,Islamic,https://music.apple.com/my/album/lakaran-minda/1592674069?i=1592674081&uo=4
Saujana,Aku Cinta Allah,Pujian BuatNya,2013,Pop,https://music.apple.com/my/album/pujian-buatnya/6769170226?i=6769170481&uo=4
Saujana,Rahsia,Takut Kau Tertipu,2002,Islamic,https://music.apple.com/my/album/takut-kau-tertipu/1592679410?i=1592679725&uo=4
"AMAR (The Singing Magical Lawyer), Saujana & Saff One",Koleksi Istimewa Telaga Biru - EP,Hadiah Buatmu Teman,2001,Islamic,https://music.apple.com/my/album/hadiah-buatmu-teman/1594607987?i=1594608005&uo=4
Saujana,Saujana II,Terima Kasih Guru,1999,Islamic,https://music.apple.com/my/album/terima-kasih-guru/1592688036?i=1592688292&uo=4
Saujana,Aku Cinta Allah,Lailahaillallah (TTSA) - Instrumental,2013,Pop,https://music.apple.com/my/album/lailahaillallah-ttsa-instrumental/6769170226?i=6769170598&uo=4
Saujana,Rahsia,Masa dan Waktu,2002,Islamic,https://music.apple.com/my/album/masa-dan-waktu/1592679410?i=1592679736&uo=4
Saujana,Muhammad Utusan Terakhir,Dugaan Memilih Iman,2003,Worldwide,https://music.apple.com/my/album/dugaan-memilih-iman/1197784239?i=1197784706&uo=4
Saujana,Aku Cinta Allah,Pujian BuatNya - Instrumental,2013,Pop,https://music.apple.com/my/album/pujian-buatnya-instrumental/6769170226?i=6769170604&uo=4
Saujana,Saujana II,Solat,1999,Islamic,https://music.apple.com/my/album/solat/1592688036?i=1592688381&uo=4
Saujana,Rahsia,Nilai Kegagalan,2002,Islamic,https://music.apple.com/my/album/nilai-kegagalan/1592679410?i=1592679731&uo=4
Saujana,Rahsia,Redha,2002,Islamic,https://music.apple.com/my/album/redha/1592679410?i=1592679744&uo=4
"Hijjaz, Saujana, Saff One & AMAR (The Singing Magical Lawyer)",Fitrah Aidilfitri - EP,Suasana Hari Raya,2003,Islamic,https://music.apple.com/my/album/suasana-hari-raya/1593601731?i=1593601988&uo=4
Saujana,Jalan Sehala - EP,Sabar,2005,Islamic,https://music.apple.com/my/album/sabar/1592685578?i=1592686097&uo=4
Saujana,Saujana II,Kita Saudara,1999,Islamic,https://music.apple.com/my/album/kita-saudara/1592688036?i=1592688287&uo=4
Saujana,Jalan Sehala - EP,Restu,2005,Islamic,https://music.apple.com/my/album/restu/1592685578?i=1592685845&uo=4
Saujana,Muhammad Utusan Terakhir,Utusan Allah,2003,Worldwide,https://music.apple.com/my/album/utusan-allah/1197784239?i=1197784869&uo=4
Saujana & Saff One,Fitrah Aidilfitri - EP,Senja Syaaban,2003,Islamic,https://music.apple.com/my/album/senja-syaaban/1593601731?i=1593602320&uo=4
SRI SAUJANA GHAZAL,SRI SAUJANA GHAZAL,Dia Datang,2000,Worldwide,https://music.apple.com/my/album/dia-datang/1817589256?i=1817589657&uo=4
Saujana & Saff One,Fitrah Aidilfitri - EP,Fitrah Hari Raya,2003,Islamic,https://music.apple.com/my/album/fitrah-hari-raya/1593601731?i=1593602012&uo=4
SRI SAUJANA GHAZAL,SRI SAUJANA GHAZAL,Zapin Yaladan,2000,Worldwide,https://music.apple.com/my/album/zapin-yaladan/1817589256?i=1817589262&uo=4
SRI SAUJANA GHAZAL,SRI SAUJANA GHAZAL,Sri Saujana Theme,2000,Worldwide,https://music.apple.com/my/album/sri-saujana-theme/1817589256?i=1817589257&uo=4
SRI SAUJANA GHAZAL,SRI SAUJANA GHAZAL,Penawar Rindu,2000,Worldwide,https://music.apple.com/my/album/penawar-rindu/1817589256?i=1817589266&uo=4
SRI SAUJANA GHAZAL,SRI SAUJANA GHAZAL,Dondang Sayang Ghazal,2000,Worldwide,https://music.apple.com/my/album/dondang-sayang-ghazal/1817589256?i=1817589658&uo=4
SRI SAUJANA GHAZAL,SRI SAUJANA GHAZAL,Mendung Petang,2000,Worldwide,https://music.apple.com/my/album/mendung-petang/1817589256?i=1817589259&uo=4
SRI SAUJANA GHAZAL,SRI SAUJANA GHAZAL,Sri Mahligai,2000,Worldwide,https://music.apple.com/my/album/sri-mahligai/1817589256?i=1817589258&uo=4
SRI SAUJANA GHAZAL,SRI SAUJANA GHAZAL,Pak Ngah Balik,2000,Worldwide,https://music.apple.com/my/album/pak-ngah-balik/1817589256?i=1817589260&uo=4
SRI SAUJANA GHAZAL,SRI SAUJANA GHAZAL,Joget Bercerai Kasih,2000,Worldwide,https://music.apple.com/my/album/joget-bercerai-kasih/1817589256?i=1817589263&uo=4
SRI SAUJANA GHAZAL,SRI SAUJANA GHAZAL,Mak Ngah Tersenyum,2000,Worldwide,https://music.apple.com/my/album/mak-ngah-tersenyum/1817589256?i=1817589264&uo=4
SRI SAUJANA GHAZAL,SRI SAUJANA GHAZAL,Malam Merindu,2000,Worldwide,https://music.apple.com/my/album/malam-merindu/1817589256?i=1817589265&uo=4
Nil Saujana,Maen Ujan - Single,Maen Ujan,2026,Traditional Folk,https://music.apple.com/my/album/maen-ujan/1887873950?i=1887873960&uo=4
Mirwana,Hikmah Kembara,Aku Tanpa Cintamu (feat. Jay Jay),2004,Pop,https://music.apple.com/my/album/aku-tanpa-cintamu-feat-jay-jay/1780590935?i=1780591225&uo=4
Faizal Tahir & Mirwana,QIBLA,Aku Tanpa CintaMu 2021,2021,Pop,https://music.apple.com/my/album/aku-tanpa-cintamu-2021/1560472672?i=1560472906&uo=4
Mirwana,Cinta Bukan Mainan - Single,Cinta Bukan Mainan,2017,Worldwide,https://music.apple.com/my/album/cinta-bukan-mainan/1357059300?i=1357059302&uo=4
Mirwana & Altimet,Itu Ini Begitu Begini - Single,Itu Ini Begitu Begini,2011,Pop,https://music.apple.com/my/album/itu-ini-begitu-begini/552836248?i=552836489&uo=4
Mirwana,Hikmah Kembara,Hikmah Kembara,2004,Pop,https://music.apple.com/my/album/hikmah-kembara/1780590935?i=1780590939&uo=4
Faizal Tahir & Mirwana,Biar Satu Dunia Tahu - Single,Biar Satu Dunia Tahu,2024,Pop,https://music.apple.com/my/album/biar-satu-dunia-tahu/1733580648?i=1733580656&uo=4
Mirwana,Suara - Single,Suara,2019,Malaysian Pop,https://music.apple.com/my/album/suara/1824671816?i=1824671818&uo=4
Mirwana,Bumi Akhir Usia,Andaiku Pergi,2010,Worldwide,https://music.apple.com/my/album/andaiku-pergi/1712474711?i=1712476591&uo=4
Mirwana,Hikmah Kembara,Permataku,2004,Pop,https://music.apple.com/my/album/permataku/1780590935?i=1780590946&uo=4
Mirwana,Bumi Akhir Usia,Tika Masanya (feat. Hujan),2010,Worldwide,https://music.apple.com/my/album/tika-masanya-feat-hujan/1712474711?i=1712475135&uo=4
Mirwana,Bumi Akhir Usia,Jauh,2010,Worldwide,https://music.apple.com/my/album/jauh/1712474711?i=1712476601&uo=4
Mirwana,Bumi Akhir Usia,Anugerah Istimewa,2010,Worldwide,https://music.apple.com/my/album/anugerah-istimewa/1712474711?i=1712476075&uo=4
Mirwana,Esok Menanti - Single,Esok Menanti,2014,Worldwide,https://music.apple.com/my/album/esok-menanti/958056377?i=958056380&uo=4
Mirwana,Bumi Akhir Usia,Kembali Padamu,2010,Worldwide,https://music.apple.com/my/album/kembali-padamu/1712474711?i=1712475812&uo=4
Mirwana,Hikmah Kembara,Khalifah #1,2004,Pop,https://music.apple.com/my/album/khalifah-1/1780590935?i=1780591108&uo=4
Mirwana,Hikmah Kembara,Terima Kasih Guru,2004,Pop,https://music.apple.com/my/album/terima-kasih-guru/1780590935?i=1780591232&uo=4
Mirwana,Bumi Akhir Usia,Muhammad S.A.W (The Arrival),2010,Worldwide,https://music.apple.com/my/album/muhammad-s-a-w-the-arrival/1712474711?i=1712475117&uo=4
Mirwana,Hikmah Kembara,Inni Akhafullah,2004,Pop,https://music.apple.com/my/album/inni-akhafullah/1780590935?i=1780591100&uo=4
Mirwana,Bumi Akhir Usia,Cahaya Kekasih,2010,Worldwide,https://music.apple.com/my/album/cahaya-kekasih/1712474711?i=1712476463&uo=4
Mirwana & Shidee,Munajat - Single,Munajat,2023,Malaysian Pop,https://music.apple.com/my/album/munajat/6770144770?i=6770144773&uo=4
Mirwana,Hikmah Kembara,Takdir Penentu,2004,Pop,https://music.apple.com/my/album/takdir-penentu/1780590935?i=1780591371&uo=4
Mirwana,Hikmah Kembara,Ku Hadir PadaMu,2004,Pop,https://music.apple.com/my/album/ku-hadir-padamu/1780590935?i=1780591219&uo=4
Mirwana,Hikmah Kembara,Janji Kita,2004,Pop,https://music.apple.com/my/album/janji-kita/1780590935?i=1780591117&uo=4
Mirwana,Bumi Akhir Usia,Andaiku Pergi (Retro),2010,Worldwide,https://music.apple.com/my/album/andaiku-pergi-retro/1712474711?i=1712475127&uo=4
Mirwana,Bumi Akhir Usia,Fana Pesona,2010,Worldwide,https://music.apple.com/my/album/fana-pesona/1712474711?i=1712475542&uo=4
Mirwana,Bumi Akhir Usia,Jauh (Radio Edit),2010,Worldwide,https://music.apple.com/my/album/jauh-radio-edit/1712474711?i=1712476080&uo=4
Mirwana,Bumi Akhir Usia,Bukti Cinta (feat. Edry Demascus),2010,Worldwide,https://music.apple.com/my/album/bukti-cinta-feat-edry-demascus/1712474711?i=1712475550&uo=4
Mirwana,Hikmah Kembara,Khabar Cinta,2004,Pop,https://music.apple.com/my/album/khabar-cinta/1780590935?i=1780591237&uo=4
Zawfan & Mirwana,Dunia Indah Bersama - Single,Dunia Indah Bersama,2024,Worldwide,https://music.apple.com/my/album/dunia-indah-bersama/1776823836?i=1776823843&uo=4
Mirwana,Bumi Akhir Usia,Bumi Akhir Usia (feat. DJ Erwan & Shazee),2010,Worldwide,https://music.apple.com/my/album/bumi-akhir-usia-feat-dj-erwan-shazee/1712474711?i=1712476295&uo=4
Mirwana,Hikmah Kembara,Mama Papa,2004,Pop,https://music.apple.com/my/album/mama-papa/1780590935?i=1780591230&uo=4
Mirwana,Bumi Akhir Usia,Andaiku Pergi (Instrumental),2010,Worldwide,https://music.apple.com/my/album/andaiku-pergi-instrumental/1712474711?i=1712476791&uo=4
Nowseeheart,Wahyu Pertama,Damai Yang Hilang,1998,Pop,https://music.apple.com/my/album/damai-yang-hilang/1235674329?i=1235675202&uo=4
Nowseeheart,"Berjalan,Melihat & Mentafsir",Damai,2002,Pop,https://music.apple.com/my/album/damai/215655472?i=215655567&uo=4
Nowseeheart,"Berjalan,Melihat & Mentafsir",Ku Harap Cinta,2002,Pop,https://music.apple.com/my/album/ku-harap-cinta/215655472?i=215655482&uo=4
Nowseeheart,Selawat 10 Hajat,Selawat Perlindungan Diri,2015,Worldwide,https://music.apple.com/my/album/selawat-perlindungan-diri/1164338648?i=1164338972&uo=4
Nowseeheart,"Berjalan,Melihat & Mentafsir",Selawat Atasmu,2002,Pop,https://music.apple.com/my/album/selawat-atasmu/215655472?i=215655506&uo=4
Nowseeheart,"Berjalan,Melihat & Mentafsir",Keluarga Bahagia,2002,Pop,https://music.apple.com/my/album/keluarga-bahagia/215655472?i=215655592&uo=4
Nowseeheart,Selawat 10 Hajat,Selawat Murah Rezeki,2015,Worldwide,https://music.apple.com/my/album/selawat-murah-rezeki/1164338648?i=1164338974&uo=4
Nowseeheart,"Berjalan,Melihat & Mentafsir",Hijrah,2002,Pop,https://music.apple.com/my/album/hijrah/215655472?i=215655491&uo=4
Nowseeheart,"Berjalan,Melihat & Mentafsir",Seorang Gadis,2002,Pop,https://music.apple.com/my/album/seorang-gadis/215655472?i=215655508&uo=4
Nowseeheart,Selawat 10 Hajat,Selawat Tenang Jiwa,2015,Worldwide,https://music.apple.com/my/album/selawat-tenang-jiwa/1164338648?i=1164338966&uo=4
Nowseeheart,Selawat 10 Hajat,Selawat Menghindari Masalah,2015,Worldwide,https://music.apple.com/my/album/selawat-menghindari-masalah/1164338648?i=1164339149&uo=4
Nowseeheart,"Berjalan,Melihat & Mentafsir",Kekasih,2002,Pop,https://music.apple.com/my/album/kekasih/215655472?i=215655476&uo=4
Nowseeheart,Wahyu Pertama,Duhai Bonda,1998,Pop,https://music.apple.com/my/album/duhai-bonda/1235674329?i=1235675198&uo=4
Nowseeheart,Katakan,Damai Yang Hilang (2014),2015,Pop,https://music.apple.com/my/album/damai-yang-hilang-2014/1104183712?i=1104184213&uo=4
Nowseeheart,Selawat 10 Hajat,Selawat Penerang Hati,2015,Worldwide,https://music.apple.com/my/album/selawat-penerang-hati/1164338648?i=1164339156&uo=4
Nowseeheart,Selawat 10 Hajat,Selawat Maulidurrasul,2015,Worldwide,https://music.apple.com/my/album/selawat-maulidurrasul/1164338648?i=1164339196&uo=4
Nowseeheart,"Berjalan,Melihat & Mentafsir","Berjalan, Melihat & Mentafsir",2002,Pop,https://music.apple.com/my/album/berjalan-melihat-mentafsir/215655472?i=215655578&uo=4
Nowseeheart,Wahyu Pertama,Wahyu Pertama,1998,Pop,https://music.apple.com/my/album/wahyu-pertama/1235674329?i=1235674330&uo=4
Nowseeheart,"Berjalan,Melihat & Mentafsir",Belum Kita Lupakan,2002,Pop,https://music.apple.com/my/album/belum-kita-lupakan/215655472?i=215655650&uo=4
Nowseeheart,Selawat 10 Hajat,Selawat Menanam Kasih Sayang,2015,Worldwide,https://music.apple.com/my/album/selawat-menanam-kasih-sayang/1164338648?i=1164339146&uo=4
Nowseeheart,Selawat 10 Hajat,Selawat Sembuh Sakit,2015,Worldwide,https://music.apple.com/my/album/selawat-sembuh-sakit/1164338648?i=1164339205&uo=4
Nowseeheart,Selawat 10 Hajat,Selawat Tenang Jiwa (Acapella),2015,Worldwide,https://music.apple.com/my/album/selawat-tenang-jiwa-acapella/1164338648?i=1164339226&uo=4
Nowseeheart,Selawat 10 Hajat,Interlude,2015,Worldwide,https://music.apple.com/my/album/interlude/1164338648?i=1164338875&uo=4
Nowseeheart,Selawat 10 Hajat,Selawat Majlis Perkahwinan,2015,Worldwide,https://music.apple.com/my/album/selawat-majlis-perkahwinan/1164338648?i=1164339202&uo=4
Nowseeheart,Selawat 10 Hajat,Selawat Perlindungan Diri (Acapella),2015,Worldwide,https://music.apple.com/my/album/selawat-perlindungan-diri-acapella/1164338648?i=1164339293&uo=4
Nowseeheart,"Berjalan,Melihat & Mentafsir",Selamat Tinggal Silamku,2002,Pop,https://music.apple.com/my/album/selamat-tinggal-silamku/215655472?i=215655653&uo=4
Nowseeheart,Katakan,Katakan,2015,Pop,https://music.apple.com/my/album/katakan/1104183712?i=1104183723&uo=4
Nowseeheart,Selawat 10 Hajat,Selawat Murah Rezeki (Acapella),2015,Worldwide,https://music.apple.com/my/album/selawat-murah-rezeki-acapella/1164338648?i=1164339303&uo=4
Nowseeheart,Selawat 10 Hajat,Selawat Menanam Semangat,2015,Worldwide,https://music.apple.com/my/album/selawat-menanam-semangat/1164338648?i=1164339193&uo=4
Nowseeheart,Wahyu Pertama,Merancang Kerja,1998,Pop,https://music.apple.com/my/album/merancang-kerja/1235674329?i=1235675177&uo=4
Nowseeheart,Katakan,Fatwa Hati (feat. Jay Jay),2015,Pop,https://music.apple.com/my/album/fatwa-hati-feat-jay-jay/1104183712?i=1104183725&uo=4
Nowseeheart,Selawat 10 Hajat,Selawat Menghindari Masalah (Acapella),2015,Worldwide,https://music.apple.com/my/album/selawat-menghindari-masalah-acapella/1164338648?i=1164339357&uo=4
Nowseeheart,Selawat 10 Hajat,Selawat Penerang Hati (Acapella),2015,Worldwide,https://music.apple.com/my/album/selawat-penerang-hati-acapella/1164338648?i=1164339425&uo=4
Nowseeheart,Selawat 10 Hajat,Selawat Sembuh Sakit (Acapella),2015,Worldwide,https://music.apple.com/my/album/selawat-sembuh-sakit-acapella/1164338648?i=1164339428&uo=4
Nowseeheart,Selawat 10 Hajat,Selawat Menanam Kasih Sayang (Acapella),2015,Worldwide,https://music.apple.com/my/album/selawat-menanam-kasih-sayang-acapella/1164338648?i=1164339308&uo=4
Nowseeheart,Selawat 10 Hajat,Selawat Menanam Semangat (Acapella),2015,Worldwide,https://music.apple.com/my/album/selawat-menanam-semangat-acapella/1164338648?i=1164339421&uo=4
Nowseeheart,Katakan,Selawat Untukmu,2015,Pop,https://music.apple.com/my/album/selawat-untukmu/1104183712?i=1104184004&uo=4
Nowseeheart,Wahyu Pertama,Ranjau Menawan,1998,Pop,https://music.apple.com/my/album/ranjau-menawan/1235674329?i=1235675187&uo=4
Nowseeheart,Wahyu Pertama,Dia,1998,Pop,https://music.apple.com/my/album/dia/1235674329?i=1235675183&uo=4
Nowseeheart,Wahyu Pertama,Keliru,1998,Pop,https://music.apple.com/my/album/keliru/1235674329?i=1235675189&uo=4
Nowseeheart,Wahyu Pertama,Keagungan Ilahi,1998,Pop,https://music.apple.com/my/album/keagungan-ilahi/1235674329?i=1235675197&uo=4
Nowseeheart,Wahyu Pertama,Persandaran,1998,Pop,https://music.apple.com/my/album/persandaran/1235674329?i=1235675193&uo=4
Nowseeheart,Maafkan,Ke Desa,1999,Pop,https://music.apple.com/my/album/ke-desa/1081942565?i=1081944165&uo=4
Nowseeheart,Wahyu Pertama,Holding On You,1998,Pop,https://music.apple.com/my/album/holding-on-you/1235674329?i=1235675188&uo=4
Nowseeheart,Katakan,Damai Di Sana,2015,Pop,https://music.apple.com/my/album/damai-di-sana/1104183712?i=1104184030&uo=4
Nowseeheart,Katakan,Aku Sayang Kamu,2015,Pop,https://music.apple.com/my/album/aku-sayang-kamu/1104183712?i=1104184023&uo=4
Nowseeheart,Katakan,Sudahlah,2015,Pop,https://music.apple.com/my/album/sudahlah/1104183712?i=1104184002&uo=4
Nowseeheart,Katakan,Saksi,2015,Pop,https://music.apple.com/my/album/saksi/1104183712?i=1104184024&uo=4
Nowseeheart,Anugerah Nasyid Ikim 2014,Maafkan Aku,2016,Pop,https://music.apple.com/my/album/maafkan-aku/1078651682?i=1078652222&uo=4
Nowseeheart,Katakan,Fatwa Hati (feat. Jay Jay) [Akustik],2015,Pop,https://music.apple.com/my/album/fatwa-hati-feat-jay-jay-akustik/1104183712?i=1104184221&uo=4
Nowseeheart,Muhammad Utusan Terakhir,Tahun Kedukaan,2003,Worldwide,https://music.apple.com/my/album/tahun-kedukaan/1197784239?i=1197784711&uo=4
Nowseeheart,Ahlan Ramadan - Single,Ahlan Ramadan,2025,Malaysian Pop,https://music.apple.com/my/album/ahlan-ramadan/6769802686?i=6769802687&uo=4
Azahari Nowseeheart,KITABA - Kit Asas Bahasa Arab - Single,Bentuk Madhi,2025,Malaysian Pop,https://music.apple.com/my/album/bentuk-madhi/6769803137?i=6769803140&uo=4
Azahari Nowseeheart,KITABA - Kit Asas Bahasa Arab - Single,Bentuk Mudhori',2025,Malaysian Pop,https://music.apple.com/my/album/bentuk-mudhori/6769803137?i=6769803141&uo=4
Azahari Nowseeheart,KITABA - Kit Asas Bahasa Arab - Single,Bentuk Amar,2025,Malaysian Pop,https://music.apple.com/my/album/bentuk-amar/6769803137?i=6769803142&uo=4
"Ajai, Nowseeheart, Raihan & REM",Maafkan,Lebaran Ini,1999,Worldwide,https://music.apple.com/my/album/lebaran-ini/214981008?i=214981047&uo=4
Fitri Haris,Wahai Kekasihku - Single,Wahai Kekasihku,2018,Pop,https://music.apple.com/my/album/wahai-kekasihku/1424986245?i=1424986571&uo=4
Fitri Haris,Hanya Tuhan Yang Tahu 2018 - Single,Hanya Tuhan Yang Tahu 2018,2018,Pop,https://music.apple.com/my/album/hanya-tuhan-yang-tahu-2018/1424985898?i=1424985908&uo=4
"In Team, Ikhwan Fatanna, Fitri Haris & Syamel",Kita Adalah Satu - Single,Kita Adalah Satu,2022,Indonesian Religious,https://music.apple.com/my/album/kita-adalah-satu/1603381146?i=1603381159&uo=4
Rabithah & Fitri Haris,Rahib & Singa - Single,Rahib & Singa,2024,Worldwide,https://music.apple.com/my/album/rahib-singa/1764094541?i=1764094793&uo=4
Fitri Haris,Aya Sofea - Single,Aya Sofea,2021,Asia,https://music.apple.com/my/album/aya-sofea/1550056211?i=1550056212&uo=4
"UNIC, Hafiz Hamidun & Fitri Haris",Bertemu Semula - Single,Bertemu Semula,2017,R&B/Soul,https://music.apple.com/my/album/bertemu-semula/1566509299?i=1566509306&uo=4
Fitri Haris & Zarul Umbrella,Syuhud Qalbu - Single,Syuhud Qalbu,2022,Indonesian Religious,https://music.apple.com/my/album/syuhud-qalbu/1617902132?i=1617902469&uo=4
Fitri Haris,Hanya Kamu (Single),Hanya Kamu (Single),2018,Malaysian Pop,https://music.apple.com/my/album/hanya-kamu-single/1469168068?i=1469168069&uo=4
Fitri Haris & Ikhwan Fatanna,Senandung Ehsan,Mari Bersyukur,2023,Malaysian Pop,https://music.apple.com/my/album/mari-bersyukur/6770546919?i=6770547500&uo=4
Fitri Haris & Ikhwan Fatanna,Senandung Ehsan,Wahai Insan,2023,Malaysian Pop,https://music.apple.com/my/album/wahai-insan/6770546919?i=6770547656&uo=4
Zarul Umbrella & Fitri Haris,Gema Hijrah,Syuhud Qalbu,2022,Indonesian Religious,https://music.apple.com/my/album/syuhud-qalbu/1637792927?i=1637792934&uo=4
Fadzli Far East,Temukan Kita Dua Kali - Single,Temukan Kita Dua Kali,2022,Asia,https://music.apple.com/my/album/temukan-kita-dua-kali/1658193181?i=1658193186&uo=4
Fadzli Far East,Walid - Single,Walid,2017,Pop,https://music.apple.com/my/album/walid/1222459679?i=1222459681&uo=4
Fadzli Far East & Maliq Suhaimi,Hiba Namun Bahagia - Single,Hiba Namun Bahagia,2024,Indonesian Religious,https://music.apple.com/my/album/hiba-namun-bahagia/1737956843?i=1737956850&uo=4
Fadzli Far East,Lahad - Single,Lahad,2016,Worldwide,https://music.apple.com/my/album/lahad/1162949813?i=1162950050&uo=4
Fadzli Far East,Pulang Tidak Dinanti Lagi (feat. Airys Khadeeja) - Single,Pulang Tidak Dinanti Lagi (feat. Airys Khadeeja),2026,Malaysian Pop,https://music.apple.com/my/album/pulang-tidak-dinanti-lagi-feat-airys-khadeeja/1884880294?i=1884880300&uo=4
SHIDEE KHAYRAN & Fadzli Far East,Sunyi - Single,Sunyi,2023,Indonesian Religious,https://music.apple.com/my/album/sunyi/1715268631?i=1715268632&uo=4
SHIDEE KHAYRAN & Fadzli Far East,Sunyi - Single,Sunyi (Instrumental),2023,Indonesian Religious,https://music.apple.com/my/album/sunyi-instrumental/1715268631?i=1715268637&uo=4
Zayne,Wanita Syurgawi - Single,Wanita Syurgawi,2026,Indonesian Religious,https://music.apple.com/my/album/wanita-syurgawi/1871213524?i=1871213525&uo=4
Zayne,Zayne,Sabil Ad-Dumu',2022,Islamic,https://music.apple.com/my/album/sabil-ad-dumu/1628984300?i=1628984554&uo=4
Zayne,Rahman Ya Rahman (feat. Farhatul Fairuzah) - Single,Rahman Ya Rahman (feat. Farhatul Fairuzah),2021,Islamic,https://music.apple.com/my/album/rahman-ya-rahman-feat-farhatul-fairuzah/1563239321?i=1563239329&uo=4
Zayne,Zayne,Man Ana (feat. Rahim Inteam),2022,Islamic,https://music.apple.com/my/album/man-ana-feat-rahim-inteam/1628984300?i=1628984529&uo=4
Zayne,Ya Badratim - Single,Ya Badratim,2020,Islamic,https://music.apple.com/my/album/ya-badratim/1535633188?i=1535633408&uo=4
Zayne,#Iktiraf (feat. Lah Ahmad) - Single,#Iktiraf (feat. Lah Ahmad),2019,Worldwide,https://music.apple.com/my/album/iktiraf-feat-lah-ahmad/1484837777?i=1484837782&uo=4
"In Team, Zayne & Isman Isam",Ramadan Kembali - Single,Ramadan Kembali,2021,Asia,https://music.apple.com/my/album/ramadan-kembali/1562257317?i=1562257324&uo=4
Zayne,KAULAH CINTA - Single,KAULAH CINTA,2021,Pop,https://music.apple.com/my/album/kaulah-cinta/1592305855?i=1592305862&uo=4
Zayne,Zayne,Sollu 'Ala Khairil Anam,2022,Islamic,https://music.apple.com/my/album/sollu-ala-khairil-anam/1628984300?i=1628984547&uo=4
Zayne,Rindu - Single,Rindu,2020,Worldwide,https://music.apple.com/my/album/rindu/1501287993?i=1501288088&uo=4
Zayne,Zayne,Doa Khatam Al-Quran,2022,Islamic,https://music.apple.com/my/album/doa-khatam-al-quran/1628984300?i=1628984540&uo=4
In Team & Zayne,Citra Kasih,Madrasah Ramadan,2026,Indonesian Religious,https://music.apple.com/my/album/madrasah-ramadan/1873358794?i=1873358812&uo=4
Zayne,Ya Badratim - Single,Ya Badratim (Instrumental),2020,Islamic,https://music.apple.com/my/album/ya-badratim-instrumental/1535633188?i=1535633468&uo=4
Zayne,Rahman Ya Rahman (feat. Farhatul Fairuzah) - Single,Rahman Ya Rahman (feat. Farhatul Fairuzah) [Instrumental],2021,Islamic,https://music.apple.com/my/album/rahman-ya-rahman-feat-farhatul-fairuzah-instrumental/1563239321?i=1563239337&uo=4
Zayne,Mentari Syawal - Single,Mentari Syawal,2026,Indonesian Religious,https://music.apple.com/my/album/mentari-syawal/1883558443?i=1883558444&uo=4
Eric Zayne,Exile - Single,Exile,2022,Rock,https://music.apple.com/my/album/exile/1649942068?i=1649942070&uo=4
Jeremy Renner & Eric Zayne,Sign - Single,Sign,2019,Rock,https://music.apple.com/my/album/sign/1471664456?i=1471664462&uo=4
Adam Zayne,Dalilah - Single,Dalilah,2024,Pop,https://music.apple.com/my/album/dalilah/1752840719?i=1752840727&uo=4
Eric Zayne,Coming Undone - Single,Coming Undone,2020,Alternative,https://music.apple.com/my/album/coming-undone/1531608454?i=1531608455&uo=4
Jeremy Renner & Eric Zayne,Live for Now,She's a Fire,2020,Rock,https://music.apple.com/my/album/shes-a-fire/1530851441?i=1530851446&uo=4
Preet Zayne,Ik Sant Sipahi (feat. Urban Singh) - Single,Ik Sant Sipahi (feat. Urban Singh),2020,Worldwide,https://music.apple.com/my/album/ik-sant-sipahi-feat-urban-singh/1493525727?i=1493525961&uo=4
Preet Zayne & Dharam Seva,Tu Thakur - Single,Tu Thakur,2022,Worldwide,https://music.apple.com/my/album/tu-thakur/1771623477?i=1771623478&uo=4
Preet Zayne & Dharam Seva,Zindagi Teri - Single,Zindagi Teri,2020,Worldwide,https://music.apple.com/my/album/zindagi-teri/1771623388?i=1771623389&uo=4
Preet Zayne,Tere Jahi - Single,Tere Jahi,2025,Afro-Pop,https://music.apple.com/my/album/tere-jahi/1852329504?i=1852329514&uo=4
Jeremy Renner & Eric Zayne,Arctic Dogs (Original Motion Picture Soundtrack),Have You Seen the Light?,2019,Soundtrack,https://music.apple.com/my/album/have-you-seen-the-light/1490140700?i=1490140706&uo=4
Urban Singh & PREET ZAYNE,Behave - Single,Behave,2022,Hip-Hop/Rap,https://music.apple.com/my/album/behave/1611625617?i=1611625619&uo=4
Urban Singh & PREET ZAYNE,Forever Gold (medley) - Single,Forever Gold (medley),2021,R&B/Soul,https://music.apple.com/my/album/forever-gold-medley/1586191862?i=1586191863&uo=4
DJ Antoine & Eric Zayne,Echo - Single,Echo,2021,Dance,https://music.apple.com/my/album/echo/1547981870?i=1547981871&uo=4
Zayne Zemoroz,Sky Blue Day Dream - Single,Sky Blue Day Dream,2024,Country,https://music.apple.com/my/album/sky-blue-day-dream/1745966146?i=1745966148&uo=4
"Preet Zayne, Sabby Airy & Deep Money",Ten Wings,No Ways,2025,Indian Pop,https://music.apple.com/my/album/no-ways/1824677902?i=1824677907&uo=4
Eric Zayne,Can't Help Myself - Single,Can't Help Myself,2022,R&B/Soul,https://music.apple.com/my/album/cant-help-myself/1615067804?i=1615067805&uo=4
"Preet Zayne, Sabby Airy & Deep Money",Ten Wings,Putt Jameya C,2025,Indian Pop,https://music.apple.com/my/album/putt-jameya-c/1824677902?i=1824677911&uo=4
Zayne,RUGUOWANGJI - Single,RUGUOWANGJI,2023,Mandopop,https://music.apple.com/my/album/ruguowangji/1714580686?i=1714580933&uo=4
PREET ZAYNE & Urban Singh,MAHABIR GAJJEY - Single,MAHABIR GAJJEY,2025,Hip-Hop/Rap,https://music.apple.com/my/album/mahabir-gajjey/1862462976?i=1862462978&uo=4
Deep Money & Preet Zayne,Nur-E-Ilaahii - Single,Nur-E-Ilaahii,2022,Pop,https://music.apple.com/my/album/nur-e-ilaahii/1604321649?i=1604321654&uo=4
"Simar Kaur, Dharam Seva & Preet Zayne",IK SANT SIPAHI 2 (feat. Urban Singh) - Single,IK SANT SIPAHI 2 (feat. Urban Singh),2022,Worldwide,https://music.apple.com/my/album/ik-sant-sipahi-2-feat-urban-singh/1771622921?i=1771622922&uo=4
"Gurmehar Singh Zayne, Dharam Seva & Rick Music",Mool Mantar for Kids - Single,Mool Mantar for Kids,2020,Worldwide,https://music.apple.com/my/album/mool-mantar-for-kids/1773727164?i=1773727165&uo=4
Urban Singh & PREET ZAYNE,See you everywhere (Preet Zayne) - Single,See you everywhere (Preet Zayne),2021,R&B/Soul,https://music.apple.com/my/album/see-you-everywhere-preet-zayne/1549422088?i=1549422090&uo=4
"Kevin Brown, Preet Zayne & Deep Money",Ten Wings,Safar,2025,Indian Pop,https://music.apple.com/my/album/safar/1824677902?i=1824677905&uo=4
Eric Zayne,Sunset & La Brea,Gods Don't Pray,2025,R&B/Soul,https://music.apple.com/my/album/gods-dont-pray/1833930928?i=1833930929&uo=4
Eric Zayne,Blue - Single,Blue,2022,R&B/Soul,https://music.apple.com/my/album/blue/1602355647?i=1602355648&uo=4
Rabithah,The Album,Jalan Keluar,2017,Pop,https://music.apple.com/my/album/jalan-keluar/1211459890?i=1211459940&uo=4
Rabithah,Cinta Luar Biasa - Single,Cinta Luar Biasa,2023,Malaysian Pop,https://music.apple.com/my/album/cinta-luar-biasa/1665437405?i=1665437408&uo=4
Rabithah,The Album,Semangat Yang Hilang,2017,Pop,https://music.apple.com/my/album/semangat-yang-hilang/1211459890?i=1211459928&uo=4
Rabithah,The Album,Hilang,2017,Pop,https://music.apple.com/my/album/hilang/1211459890?i=1211459932&uo=4
Rabithah,Air Mata - Single,Air Mata,2019,Pop,https://music.apple.com/my/album/air-mata/1456855932?i=1456855935&uo=4
"Rabithah, Aniq Muhai, Syed Salahuddin & The Truth",Mazhab Cinta - Single,Mazhab Cinta,2020,Pop,https://music.apple.com/my/album/mazhab-cinta/1537827804?i=1537827807&uo=4
Rabithah,DOACAPELLA,Doa Lailatul Qadar,2020,Worldwide,https://music.apple.com/my/album/doa-lailatul-qadar/1514574088?i=1514574571&uo=4
Rabithah,The Album,Hujan Ini,2017,Pop,https://music.apple.com/my/album/hujan-ini/1211459890?i=1211459943&uo=4
Rabithah,DOACAPELLA,Ku Ingin Berubah,2020,Worldwide,https://music.apple.com/my/album/ku-ingin-berubah/1514574088?i=1514574885&uo=4
Rabithah,Dalil Cinta (feat. Fitri Haris) - Single,Dalil Cinta (feat. Fitri Haris),2021,Pop,https://music.apple.com/my/album/dalil-cinta-feat-fitri-haris/1546705267?i=1546705271&uo=4
Rabithah,DOACAPELLA,Doa Dimudahkan Urusan,2020,Worldwide,https://music.apple.com/my/album/doa-dimudahkan-urusan/1514574088?i=1514574880&uo=4
Rabithah,Zikir Ramadan - Single,Zikir Ramadan,2024,Indonesian Religious,https://music.apple.com/my/album/zikir-ramadan/1735673116?i=1735673253&uo=4
Rabithah,DOACAPELLA,Doa Dimudahkan Beribadah (feat. Aniq Muhai),2020,Worldwide,https://music.apple.com/my/album/doa-dimudahkan-beribadah-feat-aniq-muhai/1514574088?i=1514574550&uo=4
Rabithah,DOACAPELLA,Doa Memohon Syurga,2020,Worldwide,https://music.apple.com/my/album/doa-memohon-syurga/1514574088?i=1514574094&uo=4
Rabithah,DOACAPELLA,Doa Cinta Allah,2020,Worldwide,https://music.apple.com/my/album/doa-cinta-allah/1514574088?i=1514574554&uo=4
Rabithah,DOACAPELLA,Doa Istiqamah (feat. The Truth),2020,Worldwide,https://music.apple.com/my/album/doa-istiqamah-feat-the-truth/1514574088?i=1514574559&uo=4
Rabithah,DOACAPELLA,Doa Ditimpa Musibah,2020,Worldwide,https://music.apple.com/my/album/doa-ditimpa-musibah/1514574088?i=1514574548&uo=4
Rabithah,DOACAPELLA,Doa Sucikan Hati,2020,Worldwide,https://music.apple.com/my/album/doa-sucikan-hati/1514574088?i=1514574561&uo=4
Rabithah,DOACAPELLA,"Doa Dijauhkan 4 Keburukan, Pt. 1 (feat. Syed Salah)",2020,Worldwide,https://music.apple.com/my/album/doa-dijauhkan-4-keburukan-pt-1-feat-syed-salah/1514574088?i=1514574876&uo=4
Rabithah,DOACAPELLA,"Doa Memohon 4 Kebaikan, Pt. 2",2020,Worldwide,https://music.apple.com/my/album/doa-memohon-4-kebaikan-pt-2/1514574088?i=1514574877&uo=4
Rabithah,DOACAPELLA,Doa Diperbaiki Urusan,2020,Worldwide,https://music.apple.com/my/album/doa-diperbaiki-urusan/1514574088?i=1514574569&uo=4
Rabithah,DOACAPELLA,Doa Jauhi Maksiat,2020,Worldwide,https://music.apple.com/my/album/doa-jauhi-maksiat/1514574088?i=1514574566&uo=4
Rabithah,The Album,Hari Itu Hari Ini,2017,Pop,https://music.apple.com/my/album/hari-itu-hari-ini/1211459890?i=1211459944&uo=4
Rabithah,The Album,Ku Ingin Kau Tahu,2017,Pop,https://music.apple.com/my/album/ku-ingin-kau-tahu/1211459890?i=1211459939&uo=4
Rabithah & In Team,Cinta Takkan Tewas - Single,Cinta Takkan Tewas,2023,Indonesian Religious,https://music.apple.com/my/album/cinta-takkan-tewas/1690116082?i=1690116083&uo=4
Rabithah,Busyra Lana - Single,Busyra Lana,2025,Islamic,https://music.apple.com/my/album/busyra-lana/1831345818?i=1831345821&uo=4
Rabithah,The Album,Ku Impikan,2016,Pop,https://music.apple.com/my/album/ku-impikan/1211459890?i=1211459938&uo=4
Rabithah,The Album,Bimbingku,2017,Pop,https://music.apple.com/my/album/bimbingku/1211459890?i=1211459933&uo=4
"Syed Salahuddin, One Path & Rabithah",Lebaran Nirmala - Single,Lebaran Nirmala,2024,Worldwide,https://music.apple.com/my/album/lebaran-nirmala/1739437566?i=1739437571&uo=4
Rabithah,The Album,Usah Berhenti,2017,Pop,https://music.apple.com/my/album/usah-berhenti/1211459890?i=1211459934&uo=4
"Rabithah, Aniq Muhai & One Path",Ramadan Kareem - Single,Ramadan Kareem,2023,Pop,https://music.apple.com/my/album/ramadan-kareem/1679947988?i=1679947993&uo=4
Rabithah,The Album,Momento,2017,Pop,https://music.apple.com/my/album/momento/1211459890?i=1211459942&uo=4
Rabithah,The Album,Diversiti,2017,Pop,https://music.apple.com/my/album/diversiti/1211459890?i=1211459947&uo=4
Rabithah,The Album,Cukuplah Sengketa,2017,Pop,https://music.apple.com/my/album/cukuplah-sengketa/1211459890?i=1211459946&uo=4
Rabithah,The Album,Andai Aku Mati,2017,Pop,https://music.apple.com/my/album/andai-aku-mati/1211459890?i=1211459948&uo=4
Rabithah,The Album,Tika Ku Di Sisimu,2017,Pop,https://music.apple.com/my/album/tika-ku-di-sisimu/1211459890?i=1211459941&uo=4
Rabithah,The Album,Dilema,2017,Pop,https://music.apple.com/my/album/dilema/1211459890?i=1211459945&uo=4
Hafiz Hamidun & Rabithah,Haramain,Jabal Qubais,2024,Malaysian Pop,https://music.apple.com/my/album/jabal-qubais/1779018344?i=1779018704&uo=4
"Rabithah, Aniq Muhai, Syed Salahuddin, The Truth, Areef & Norhafiz Azmi",Cinta Sementara The Album,Mazhab Cinta,2020,Baroque Era,https://music.apple.com/my/album/mazhab-cinta/1572396678?i=1572397032&uo=4
"Radio IKIM, Rabithah & Aswan Anwar",Sebarkan Cinta - Single,Sebarkan Cinta,2025,Indonesian Religious,https://music.apple.com/my/album/sebarkan-cinta/1798394968?i=1798394978&uo=4
Aswan Anwar & Mahdi RABITHAH,Berantakan - Single,Berantakan,2023,Pop/Rock,https://music.apple.com/my/album/berantakan/1717484207?i=1717484212&uo=4
"Rabithah, Areef, Aniq Muhai, Syed Salahuddin & The Truth",Mazhab Cinta Piano Instrumental - Single,Mazhab Cinta Piano Instrumental,2024,Soundtrack,https://music.apple.com/my/album/mazhab-cinta-piano-instrumental/1731791356?i=1731791689&uo=4
Rabithah,Senandung Ehsan,Harapan PadaMu Subur Kembali,2023,Malaysian Pop,https://music.apple.com/my/album/harapan-padamu-subur-kembali/6770546919?i=6770547666&uo=4
Rabithah,Bumantaraya - Single,Bumantaraya,2026,Worldwide,https://music.apple.com/my/album/bumantaraya/1879811080?i=1879811088&uo=4
Rabithah,Zikir Ramadan (Vocals Only) - Single,Zikir Ramadan (Vocals Only),2025,Islamic,https://music.apple.com/my/album/zikir-ramadan-vocals-only/1801654578?i=1801654738&uo=4
Rabithah,Senandung Ehsan,Kasih Mesra,2023,Malaysian Pop,https://music.apple.com/my/album/kasih-mesra/6770546919?i=6770547675&uo=4
One Path,Hasbunallah - Single,Hasbunallah,2022,Indonesian Religious,https://music.apple.com/my/album/hasbunallah/1621241339?i=1621241345&uo=4
One Path,Laila Majnun (feat. Nazrey Johani) - Single,Laila Majnun (feat. Nazrey Johani),2022,Indonesian Religious,https://music.apple.com/my/album/laila-majnun-feat-nazrey-johani/1646407755?i=1646408061&uo=4
One Path,Selawat Tafrijiyah - Single,Selawat Tafrijiyah,2025,Relaxation,https://music.apple.com/my/album/selawat-tafrijiyah/1799892253?i=1799892257&uo=4
One Path & Azmi Saat,Apa Khabar Cinta - Single,Apa Khabar Cinta,2023,Pop/Rock,https://music.apple.com/my/album/apa-khabar-cinta/1682435558?i=1682435841&uo=4
One Path,Hasbunallah (Piano Version) - Single,Hasbunallah (Piano Version),2022,Indonesian Religious,https://music.apple.com/my/album/hasbunallah-piano-version/1621240535?i=1621240988&uo=4
Andika & One Path,Malam - Single,Malam,2024,Malaysian Pop,https://music.apple.com/my/album/malam/1735901157?i=1735901164&uo=4
One Path,Hasbunallah (Acapella Version) - Single,Hasbunallah (Acapella Version),2022,Indonesian Religious,https://music.apple.com/my/album/hasbunallah-acapella-version/1621237708?i=1621237711&uo=4
One Path,Kecewa - Single,Kecewa,2025,Malaysian Pop,https://music.apple.com/my/album/kecewa/1851906145?i=1851906155&uo=4
One Path,Wilayah Cinta - Single,Wilayah Cinta,2024,Indo Pop,https://music.apple.com/my/album/wilayah-cinta/1736940486?i=1736940802&uo=4
One Path & Syed Salahuddin,Malar Hijau - Single,Malar Hijau,2022,Pop/Rock,https://music.apple.com/my/album/malar-hijau/1655965137?i=1655965366&uo=4
One Path,Ya Allah - Single,Ya Allah,2026,Indonesian Religious,https://music.apple.com/my/album/ya-allah/6792086251?i=6792086255&uo=4
One Path,Ya Ramadan - Single,Ya Ramadan,2026,Indonesian Religious,https://music.apple.com/my/album/ya-ramadan/1877146250?i=1877146252&uo=4
One Path,Maafkan Aku - Single,Maafkan Aku,2026,Pop/Rock,https://music.apple.com/my/album/maafkan-aku/6792086695?i=6792086699&uo=4
One Path,Kenangan - Single,Kenangan,2026,Indonesian Religious,https://music.apple.com/my/album/kenangan/6795936357?i=6795936363&uo=4
Syafiq One Path,Satu Bahtera - Single,Satu Bahtera,2022,Malaysian Pop,https://music.apple.com/my/album/satu-bahtera/1604532389?i=1604532550&uo=4
Afiq One Path,Ramadan Terbaikku,Ramadan Terbaikku,2024,Indonesian Religious,https://music.apple.com/my/album/ramadan-terbaikku/1737592585?i=1737592796&uo=4
Afiq One Path,Ramadan Terbaikku,Ramadan Terbaikku (Instrumental),2024,Indonesian Religious,https://music.apple.com/my/album/ramadan-terbaikku-instrumental/1737592585?i=1737592802&uo=4
One Path,Next Gen - Single,Next Gen,2019,Dance,https://music.apple.com/my/album/next-gen/1466961040?i=1466961239&uo=4
One Path,Mi Viejo Choso,Bomba,2016,Hip-Hop/Rap,https://music.apple.com/my/album/bomba/1710544196?i=1710544207&uo=4
Bearoid & One Path,Guinda (Remix) - Single,Guinda (Remix),2018,Indie Pop,https://music.apple.com/my/album/guinda-remix/1519434448?i=1519434751&uo=4
One Path & Choclock,Siempre Parriba 2,Si No Estás Aquí,2019,Hip-Hop/Rap,https://music.apple.com/my/album/si-no-est%C3%A1s-aqu%C3%AD/1718920367?i=1718920372&uo=4
One Path,Guinda,Guinda,2017,Pop,https://music.apple.com/my/album/guinda/1710535906?i=1710535920&uo=4
One Path & Mayo,Prospe - Single,Prospe,2019,Hip-Hop/Rap,https://music.apple.com/my/album/prospe/1710537937?i=1710537944&uo=4
LOWLIGHT & One Path,Dopamine - EP,De Nuevo,2017,Dance,https://music.apple.com/my/album/de-nuevo/1281998498?i=1282000068&uo=4
One Path,Guinda,Si Fuera Posible,2017,Pop,https://music.apple.com/my/album/si-fuera-posible/1710535906?i=1710535908&uo=4
One Path,Guinda,Mi Vida,2017,Pop,https://music.apple.com/my/album/mi-vida/1710535906?i=1710535917&uo=4
One Path,Mi Viejo Choso,Star Trak,2016,Hip-Hop/Rap,https://music.apple.com/my/album/star-trak/1710544196?i=1710544459&uo=4
One Path,Material Pirata 1,Rinse.fm,2024,Electronic,https://music.apple.com/my/album/rinse-fm/1780902473?i=1780902480&uo=4
One Path & Sandro Jeeawock,Pónmelo Suavito - Single,Pónmelo Suavito,2017,Pop,https://music.apple.com/my/album/p%C3%B3nmelo-suavito/1406457129?i=1406457578&uo=4
One Path,La Cruz (Remix) - Single,La Cruz (Remix),2022,Pop,https://music.apple.com/my/album/la-cruz-remix/1710534640?i=1710534776&uo=4
One Path,Piel Con Piel - Single,Piel Con Piel,2021,Pop,https://music.apple.com/my/album/piel-con-piel/1710534928?i=1710534939&uo=4
One Path & DJ Parriba,Obrigado - Single,Obrigado,2019,Hip-Hop/Rap,https://music.apple.com/my/album/obrigado/1710535210?i=1710535512&uo=4
"One Path, Cruzzi & Choclock",Siempre Parriba,Mantecao,2016,Hip-Hop/Rap,https://music.apple.com/my/album/mantecao/1710536216?i=1710536230&uo=4
One Path,Pastel,Friki,2021,Pop,https://music.apple.com/my/album/friki/1710536259?i=1710536518&uo=4
One Path & DJ Parriba,Sin Plomo,Chofa (Intro),2019,Latin Urban,https://music.apple.com/my/album/chofa-intro/1710537869?i=1710537881&uo=4
One Path,Mi Viejo Choso,Seco,2016,Hip-Hop/Rap,https://music.apple.com/my/album/seco/1710544196?i=1710544466&uo=4
Naim Daniel & Adnin Roslan,Seni Berdamai Dengan Takdir - Single,Seni Berdamai Dengan Takdir,2025,Pop,https://music.apple.com/my/album/seni-berdamai-dengan-takdir/1814778927?i=1814778930&uo=4
Adnin Roslan,Tuhan Aku Ingin Hijrah (feat. Ruomei & Albert D) - Single,Tuhan Aku Ingin Hijrah (feat. Ruomei & Albert D),2024,Pop/Rock,https://music.apple.com/my/album/tuhan-aku-ingin-hijrah-feat-ruomei-albert-d/1748078330?i=1748078340&uo=4
Aniq Muhai & Adnin Roslan,Jangan Risau - Single,Jangan Risau,2024,Pop,https://music.apple.com/my/album/jangan-risau/1730846915?i=1730846921&uo=4
Adnin Roslan,Tuhan Aku Ingin Jumpa Nabi (feat. Ruomei) - Single,Tuhan Aku Ingin Jumpa Nabi (feat. Ruomei),2024,Indonesian Religious,https://music.apple.com/my/album/tuhan-aku-ingin-jumpa-nabi-feat-ruomei/1767560036?i=1767560043&uo=4
Adnin Roslan,Tuhan Aku Ingin Sembuh - Single,Tuhan Aku Ingin Sembuh,2023,Indonesian Religious,https://music.apple.com/my/album/tuhan-aku-ingin-sembuh/1691950377?i=1691950394&uo=4
Adnin Roslan,"Tuhan, Aku Ingin Cahaya (feat. Albert D) - Single","Tuhan, Aku Ingin Cahaya (feat. Albert D)",2025,Indonesian Religious,https://music.apple.com/my/album/tuhan-aku-ingin-cahaya-feat-albert-d/1835370784?i=1835370787&uo=4
Naim Daniel & Adnin Roslan,Seni Berdamai Dengan Takdir - EP,Seni Berdamai Dengan Takdir (Healing Version),2025,Pop,https://music.apple.com/my/album/seni-berdamai-dengan-takdir-healing-version/1833154521?i=1833154527&uo=4
Naim Daniel & Adnin Roslan,Seni Berdamai Dengan Takdir - EP,Seni Berdamai Dengan Takdir (Sped Up),2025,Pop,https://music.apple.com/my/album/seni-berdamai-dengan-takdir-sped-up/1833154521?i=1833154529&uo=4
Naim Daniel & Adnin Roslan,Seni Berdamai Dengan Takdir - EP,Seni Berdamai Dengan Takdir (Instrumental),2025,Pop,https://music.apple.com/my/album/seni-berdamai-dengan-takdir-instrumental/1833154521?i=1833154528&uo=4
Halim Ahmad,Lembaran Juzuk Cinta - Single,Lembaran Juzuk Cinta,2024,Indonesian Religious,https://music.apple.com/my/album/lembaran-juzuk-cinta/1724000790?i=1724000980&uo=4
Halim Ahmad,Fitnah Akhir Zaman - Single,Fitnah Akhir Zaman,2025,Indonesian Religious,https://music.apple.com/my/album/fitnah-akhir-zaman/1841383094?i=1841383101&uo=4
Halim Ahmad,Zikir Tidurkan Anak,Zikir Lailaha Illallah,2022,Relaxation,https://music.apple.com/my/album/zikir-lailaha-illallah/1619158498?i=1619158839&uo=4
Halim Ahmad,Perindu Wahyu Tuhan - Single,Perindu Wahyu Tuhan,2022,Singer/Songwriter,https://music.apple.com/my/album/perindu-wahyu-tuhan/1611117566?i=1611117698&uo=4
Halim Ahmad,Ketika Hanya NamaMu - Single,Ketika Hanya NamaMu,2024,Malaysian Pop,https://music.apple.com/my/album/ketika-hanya-namamu/1768974078?i=1768974259&uo=4
Halim Ahmad,Anugerah Nasyid Ikim 2014,Dalam Sujud Cintaku,2016,Pop,https://music.apple.com/my/album/dalam-sujud-cintaku/1078651682?i=1078652207&uo=4
Halim Ahmad,Zikir Tidurkan Anak,Solla 'Alaikallah,2022,Relaxation,https://music.apple.com/my/album/solla-alaikallah/1619158498?i=1619159140&uo=4
Halim Ahmad,Zikir Tidurkan Anak,Selawat Tafrijiyah,2022,Relaxation,https://music.apple.com/my/album/selawat-tafrijiyah/1619158498?i=1619158860&uo=4
Aiman Sidek & Halim Ahmad,Hanya Dia - Single,Hanya Dia,2023,Worldwide,https://music.apple.com/my/album/hanya-dia/1677066804?i=1677067041&uo=4
Halim Ahmad,Zikir Tidurkan Anak,Allahul Kafi,2022,Relaxation,https://music.apple.com/my/album/allahul-kafi/1619158498?i=1619158863&uo=4
Halim Ahmad,Kekasih - Single,Kekasih,2018,Pop,https://music.apple.com/my/album/kekasih/1428970816?i=1428970838&uo=4
Halim Ahmad,Zikir Tidurkan Anak,Zikir Subhanallah,2022,Relaxation,https://music.apple.com/my/album/zikir-subhanallah/1619158498?i=1619159136&uo=4
Halim Ahmad,Maha Mendengar - Single,Maha Mendengar,2019,Singer/Songwriter,https://music.apple.com/my/album/maha-mendengar/1463571433?i=1463571602&uo=4
Halim Ahmad,Zikir Tidurkan Anak (Lullaby for Babies) - Single,Zikir Tidurkan Anak (Lullaby for Babies),2024,Vocal,https://music.apple.com/my/album/zikir-tidurkan-anak-lullaby-for-babies/1763269557?i=1763269566&uo=4
Halim Ahmad,Hai Anak - Single,Hai Anak,2016,Singer/Songwriter,https://music.apple.com/my/album/hai-anak/1100699485?i=1100699772&uo=4
Halim Ahmad,Doa Istikharah (feat. Beem Nattanicha) - Single,Doa Istikharah (feat. Beem Nattanicha),2023,Islamic,https://music.apple.com/my/album/doa-istikharah-feat-beem-nattanicha/1669949387?i=1669949400&uo=4
Halim Ahmad,Dengan IzinMu - Single,Dengan IzinMu,2025,Indonesian Religious,https://music.apple.com/my/album/dengan-izinmu/1798165252?i=1798165253&uo=4
Halim Ahmad,Yalla Habibi - Single,Yalla Habibi,2024,Malaysian Pop,https://music.apple.com/my/album/yalla-habibi/1729330760?i=1729330766&uo=4
Halim Ahmad,Terlalu Rindu - Single,Terlalu Rindu,2023,Indonesian Religious,https://music.apple.com/my/album/terlalu-rindu/1701038422?i=1701038436&uo=4
Halim Ahmad,مشتاق - Rindu Ramadhan - Single,مشتاق - Rindu Ramadhan,2020,Islamic,https://music.apple.com/my/album/%D9%85%D8%B4%D8%AA%D8%A7%D9%82-rindu-ramadhan/1509346169?i=1509346394&uo=4
Halim Ahmad,Meriah Raya (feat. Inteam) - Single,Meriah Raya (feat. Inteam),2026,Asia,https://music.apple.com/my/album/meriah-raya-feat-inteam/1879491174?i=1879491396&uo=4
Halim Ahmad,Mikraj (Malay) - Single,Mikraj (Malay),2021,Indonesian Religious,https://music.apple.com/my/album/mikraj-malay/1574582210?i=1574582212&uo=4
Halim Ahmad,Doa Qunut Nazilah - Single,Doa Qunut Nazilah,2023,Worldwide,https://music.apple.com/my/album/doa-qunut-nazilah/1716940423?i=1716940960&uo=4
Halim Ahmad,Allah Allah Aghisna - Single,Allah Allah Aghisna,2021,Islamic,https://music.apple.com/my/album/allah-allah-aghisna/1614775820?i=1614775831&uo=4
Halim Ahmad & Aiman Sidek,Malaikat Tanpa Sayap - Single,Malaikat Tanpa Sayap,2026,R&B/Soul,https://music.apple.com/my/album/malaikat-tanpa-sayap/1876650534?i=1876650988&uo=4
Halim Ahmad,Doa Ramadan - Single,Doa Ramadan,2024,Islamic,https://music.apple.com/my/album/doa-ramadan/1732009244?i=1732009351&uo=4
Halim Ahmad,Labbaikallah - Single,Labbaikallah,2025,Indonesian Religious,https://music.apple.com/my/album/labbaikallah/1811531965?i=1811531970&uo=4
Halim Ahmad,Jangan Jangan - Single,Jangan Jangan,2026,Asia,https://music.apple.com/my/album/jangan-jangan/6775880246?i=6775880568&uo=4
Halim Ahmad,Malaysia Kita (feat. Inteam & Munif) - Single,Malaysia Kita (feat. Inteam & Munif),2024,Worldbeat,https://music.apple.com/my/album/malaysia-kita-feat-inteam-munif/1764271128?i=1764271440&uo=4
Halim Ahmad,Tuhan Ingin Khabarkan - Single,Tuhan Ingin Khabarkan,2013,Singer/Songwriter,https://music.apple.com/my/album/tuhan-ingin-khabarkan/1780596968?i=1780596969&uo=4
Halim Ahmad,Rindu Ramadhan - Single,Rindu Ramadhan,2020,Indonesian Religious,https://music.apple.com/my/album/rindu-ramadhan/1508051102?i=1508051413&uo=4
Halim Ahmad,Walimatul Urus,Doa Dicintai Orang Yang Mencintai Allah,2026,Islamic,https://music.apple.com/my/album/doa-dicintai-orang-yang-mencintai-allah/6780410872?i=6780410881&uo=4
Halim Ahmad,Ini Cinta - Single,Ini Cinta,2024,Pop,https://music.apple.com/my/album/ini-cinta/1724253841?i=1724253850&uo=4
Halim Ahmad,Walimatul Urus,Jodoh dan Takdir,2026,Malaysian Pop,https://music.apple.com/my/album/jodoh-dan-takdir/6780410872?i=6780411252&uo=4
Halim Ahmad,Assalamualaikum - Single,Assalamualaikum,2023,Pop,https://music.apple.com/my/album/assalamualaikum/1702984482?i=1702984936&uo=4
Vocamily & Halim Ahmad,Senandung Ehsan,Keluarga Bahagia,2023,Malaysian Pop,https://music.apple.com/my/album/keluarga-bahagia/6770546919?i=6770547483&uo=4
Halim Ahmad,Maha Mendengar - Single,Maha Mendengar (Akustik),2019,Singer/Songwriter,https://music.apple.com/my/album/maha-mendengar-akustik/1463571433?i=1463571608&uo=4
Halim Ahmad,Walimatul Urus,Doa Majlis,2026,Islamic,https://music.apple.com/my/album/doa-majlis/6780410872?i=6780410875&uo=4
Halim Ahmad,Perindu Wahyu Tuhan (Live Strings) - Single,Perindu Wahyu Tuhan (Live Strings),2025,Malaysian Pop,https://music.apple.com/my/album/perindu-wahyu-tuhan-live-strings/1818205255?i=1818205267&uo=4
Vocamily & Halim Ahmad,Senandung Ehsan,Ummiku Sayang,2023,Malaysian Pop,https://music.apple.com/my/album/ummiku-sayang/6770546919?i=6770547492&uo=4
Halim Ahmad,Walimatul Urus,Doa Pasangan dan Keluarga Bahagia,2026,Islamic,https://music.apple.com/my/album/doa-pasangan-dan-keluarga-bahagia/6780410872?i=6780410886&uo=4
Halim Ahmad,Walimatul Urus,Doa Rumahtangga Nyaman dan Diberkati,2026,Islamic,https://music.apple.com/my/album/doa-rumahtangga-nyaman-dan-diberkati/6780410872?i=6780410893&uo=4
Halim Ahmad,Hai Raya - Single,Hai Raya,2023,Malaysian Pop,https://music.apple.com/my/album/hai-raya/1682146658?i=1682146968&uo=4
Halim Ahmad,Walimatul Urus,Merpati Dua Sejoli,2026,Asia,https://music.apple.com/my/album/merpati-dua-sejoli/6780410872?i=6780410883&uo=4
Halim Ahmad,Walimatul Urus,Terlalu Indah,2026,Malaysian Pop,https://music.apple.com/my/album/terlalu-indah/6780410872?i=6780410890&uo=4
Halim Ahmad,Terimalah - Single,Terimalah,2025,Malaysian Pop,https://music.apple.com/my/album/terimalah/1816666324?i=1816666330&uo=4
Halim Ahmad,Maha Mendengar - Single,Maha Mendengar (Minus One),2019,Singer/Songwriter,https://music.apple.com/my/album/maha-mendengar-minus-one/1463571433?i=1463571613&uo=4
Halim Ahmad,Message Undelivered - Single,Message Undelivered,2012,Malaysian Pop,https://music.apple.com/my/album/message-undelivered/1818519658?i=1818519912&uo=4
Halim Ahmad,Walimatul Urus,Selawat Pengantin,2026,Islamic,https://music.apple.com/my/album/selawat-pengantin/6780410872?i=6780411239&uo=4
Halim Ahmad,Zikir Para Perindu Syurga,Alhamdulillah,2016,Worldwide,https://music.apple.com/my/album/alhamdulillah/1081597747?i=1081597748&uo=4
Halim Ahmad,Zikir Para Perindu Syurga,Hasni Rabbi,2016,Worldwide,https://music.apple.com/my/album/hasni-rabbi/1081597747?i=1081597749&uo=4
Halim Ahmad,Zikir Para Perindu Syurga,Subhanallah,2016,Worldwide,https://music.apple.com/my/album/subhanallah/1081597747?i=1081597750&uo=4
Halim Ahmad,Zikir Para Perindu Syurga,A'udzubillah,2016,Worldwide,https://music.apple.com/my/album/audzubillah/1081597747?i=1081598801&uo=4
Halim Ahmad,Zikir Para Perindu Syurga,La Ilaha Illallah,2016,Worldwide,https://music.apple.com/my/album/la-ilaha-illallah/1081597747?i=1081598802&uo=4
Halim Ahmad,Zikir Para Perindu Syurga,Allahu Rabbi,2016,Worldwide,https://music.apple.com/my/album/allahu-rabbi/1081597747?i=1081598803&uo=4
Halim Ahmad,Zikir Para Perindu Syurga,Zikir Iktidal,2016,Worldwide,https://music.apple.com/my/album/zikir-iktidal/1081597747?i=1081598805&uo=4
Halim Ahmad,Zikir Para Perindu Syurga,Hauqalah,2016,Worldwide,https://music.apple.com/my/album/hauqalah/1081597747?i=1081598809&uo=4
Halim Ahmad,Zikir Para Perindu Syurga,Allahul Mulk,2016,Worldwide,https://music.apple.com/my/album/allahul-mulk/1081597747?i=1081598810&uo=4
Zawfan,Darjat - Single,Darjat,2026,Worldwide,https://music.apple.com/my/album/darjat/6771527997?i=6771528109&uo=4
Zawfan,Rasul Kita - Single,Rasul Kita,2022,Islamic,https://music.apple.com/my/album/rasul-kita/1649697732?i=1649698006&uo=4
Zawfan & Nazrey Johani,Bismillahir Rahmanir Rahim - Single,Bismillahir Rahmanir Rahim,2023,Worldwide,https://music.apple.com/my/album/bismillahir-rahmanir-rahim/1676439019?i=1676439023&uo=4
Marhaen,Menawan - Single,Menawan,2021,Pop,https://music.apple.com/my/album/menawan/1574848351?i=1574848771&uo=4
Marhaen,Menanti - Single,Menanti,2021,Pop,https://music.apple.com/my/album/menanti/1568227354?i=1568227596&uo=4
Marhaen & Anna Iskandar,Rindu - Single,Rindu,2026,Pop,https://music.apple.com/my/album/rindu/1894721685?i=1894721689&uo=4
Marhaen,Terima Kasih - Single,Terima Kasih,2019,Worldwide,https://music.apple.com/my/album/terima-kasih/1457898422?i=1457898431&uo=4
Marhaen,Selawat Untukmu - Single,Selawat Untukmu,2023,Indonesian Religious,https://music.apple.com/my/album/selawat-untukmu/1706655547?i=1706655555&uo=4
Marhaen,Amalan Ramadan - Single,Amalan Ramadan,2021,Indonesian Religious,https://music.apple.com/my/album/amalan-ramadan/1562944203?i=1562944386&uo=4
Marhaen,Bebas Negaraku - Single,Bebas Negaraku,2024,Rock,https://music.apple.com/my/album/bebas-negaraku/1768266386?i=1768266396&uo=4
Marhaen,Juang - Single,Juang,2022,Indie Pop,https://music.apple.com/my/album/juang/1648658153?i=1648658163&uo=4
"ADIWANGSA SUKMA, Siso Kopratasa, Marhaen & Adam",Gemawan - Single,Gemawan,2024,Pop,https://music.apple.com/my/album/gemawan/1747306953?i=1747306963&uo=4
Puput Marhaen,Tanah Merdeka - Single,Tanah Merdeka,2023,Pop,https://music.apple.com/my/album/tanah-merdeka/1719623041?i=1719623042&uo=4
Bani Marhaen,Comeback - Single,Comeback,2023,Alternative,https://music.apple.com/my/album/comeback/6777391167?i=6777391168&uo=4
Bani Marhaen,Saat Bersama (feat. Sandi Barjo) - Single,Saat Bersama (feat. Sandi Barjo),2023,Alternative,https://music.apple.com/my/album/saat-bersama-feat-sandi-barjo/6777393732?i=6777393735&uo=4
Bani Marhaen,Tentang Rasa (feat. Sandi Barjo) - Single,Tentang Rasa (feat. Sandi Barjo),2023,Pop,https://music.apple.com/my/album/tentang-rasa-feat-sandi-barjo/6777411045?i=6777411046&uo=4
Natural Human Instinct,First Stage - EP,Instinct,2022,Punk,https://music.apple.com/my/album/instinct/1657034298?i=1657034301&uo=4
Instinct,Inner,โปรดส่งใครมารักฉันที,2006,Rock,https://music.apple.com/my/album/%E0%B9%82%E0%B8%9B%E0%B8%A3%E0%B8%94%E0%B8%AA-%E0%B8%87%E0%B9%83%E0%B8%84%E0%B8%A3%E0%B8%A1%E0%B8%B2%E0%B8%A3-%E0%B8%81%E0%B8%89-%E0%B8%99%E0%B8%97/1793402925?i=1793403200&uo=4
Instinct,ขอโทษ...หัวใจ - Single,ขอโทษ...หัวใจ,2015,Rock,https://music.apple.com/my/album/%E0%B8%82%E0%B8%AD%E0%B9%82%E0%B8%97%E0%B8%A9-%E0%B8%AB-%E0%B8%A7%E0%B9%83%E0%B8%88/1793267538?i=1793268079&uo=4
Instinct,Inner,ผิดสัญญา,2007,Rock,https://music.apple.com/my/album/%E0%B8%9C-%E0%B8%94%E0%B8%AA-%E0%B8%8D%E0%B8%8D%E0%B8%B2/1793402925?i=1793403215&uo=4
Instinct,หลุมรัก - Single,หลุมรัก,2016,Rock,https://music.apple.com/my/album/%E0%B8%AB%E0%B8%A5-%E0%B8%A1%E0%B8%A3-%E0%B8%81/1793373569?i=1793373574&uo=4
Instinct,ยิ้ม - Single,ยิ้ม,2020,Rock,https://music.apple.com/my/album/%E0%B8%A2-%E0%B8%A1/1793188290?i=1793188291&uo=4
Instinct,Endless,"เธอจะรักฉันได้ไหม (เพลงประกอบภาพยนตร์ ""รักสุดท้ายป้ายหน้า"")",2012,Pop,https://music.apple.com/my/album/%E0%B9%80%E0%B8%98%E0%B8%AD%E0%B8%88%E0%B8%B0%E0%B8%A3-%E0%B8%81%E0%B8%89-%E0%B8%99%E0%B9%84%E0%B8%94-%E0%B9%84%E0%B8%AB%E0%B8%A1-%E0%B9%80%E0%B8%9E%E0%B8%A5%E0%B8%87%E0%B8%9B%E0%B8%A3%E0%B8%B0%E0%B8%81%E0%B8%AD%E0%B8%9A%E0%B8%A0%E0%B8%B2%E0%B8%9E%E0%B8%A2%E0%B8%99%E0%B8%95%E0%B8%A3-%E0%B8%A3-%E0%B8%81%E0%B8%AA-%E0%B8%94%E0%B8%97-%E0%B8%B2%E0%B8%A2%E0%B8%9B-%E0%B8%B2%E0%B8%A2%E0%B8%AB%E0%B8%99-%E0%B8%B2/1792878129?i=1792878520&uo=4
Instinct,"เพียงชายคนนี้ (ไม่ใช่ผู้วิเศษ) [เพลงประกอบละคร ""เพียงชายคนนี้ไม่ใช่ผู้วิเศษ""] - Single","เพียงชายคนนี้ (ไม่ใช่ผู้วิเศษ) [เพลงประกอบละคร ""เพียงชายคนนี้ไม่ใช่ผู้วิเศษ""]",2016,Rock,https://music.apple.com/my/album/%E0%B9%80%E0%B8%9E-%E0%B8%A2%E0%B8%87%E0%B8%8A%E0%B8%B2%E0%B8%A2%E0%B8%84%E0%B8%99%E0%B8%99-%E0%B9%84%E0%B8%A1-%E0%B9%83%E0%B8%8A-%E0%B8%9C-%E0%B8%A7-%E0%B9%80%E0%B8%A8%E0%B8%A9-%E0%B9%80%E0%B8%9E%E0%B8%A5%E0%B8%87%E0%B8%9B%E0%B8%A3%E0%B8%B0%E0%B8%81%E0%B8%AD%E0%B8%9A%E0%B8%A5%E0%B8%B0%E0%B8%84%E0%B8%A3-%E0%B9%80%E0%B8%9E-%E0%B8%A2%E0%B8%87%E0%B8%8A%E0%B8%B2%E0%B8%A2%E0%B8%84%E0%B8%99%E0%B8%99/1793408228?i=1793408229&uo=4
Instinct,Endless,ที่สุดในโลก duet with Lula,2012,Rock,https://music.apple.com/my/album/%E0%B8%97-%E0%B8%AA-%E0%B8%94%E0%B9%83%E0%B8%99%E0%B9%82%E0%B8%A5%E0%B8%81-duet-with-lula/1792878129?i=1792878623&uo=4
Instinct,"คนในฝัน (เพลงประกอบละคร ""ฝันเฟื่อง"") - Single","คนในฝัน (เพลงประกอบละคร ""ฝันเฟื่อง"")",2014,Rock,https://music.apple.com/my/album/%E0%B8%84%E0%B8%99%E0%B9%83%E0%B8%99%E0%B8%9D-%E0%B8%99-%E0%B9%80%E0%B8%9E%E0%B8%A5%E0%B8%87%E0%B8%9B%E0%B8%A3%E0%B8%B0%E0%B8%81%E0%B8%AD%E0%B8%9A%E0%B8%A5%E0%B8%B0%E0%B8%84%E0%B8%A3-%E0%B8%9D-%E0%B8%99%E0%B9%80%E0%B8%9F-%E0%B8%AD%E0%B8%87/1791597968?i=1791597969&uo=4
Instinct,Inner,นับถอยหลัง,2007,Rock,https://music.apple.com/my/album/%E0%B8%99-%E0%B8%9A%E0%B8%96%E0%B8%AD%E0%B8%A2%E0%B8%AB%E0%B8%A5-%E0%B8%87/1793402925?i=1793403201&uo=4
Instinct,ไกลเท่าเดิม - Single,ไกลเท่าเดิม,2017,Rock,https://music.apple.com/my/album/%E0%B9%84%E0%B8%81%E0%B8%A5%E0%B9%80%E0%B8%97-%E0%B8%B2%E0%B9%80%E0%B8%94-%E0%B8%A1/1793134183?i=1793134416&uo=4
Instinct,"Cross Love (Japanese Rock Version From ""รอยรักหักเหลี่ยมตะวัน"") - Single","Cross Love (Japanese Rock Version From ""รอยรักหักเหลี่ยมตะวัน"")",2014,Rock,https://music.apple.com/my/album/cross-love-japanese-rock-version-from-%E0%B8%A3%E0%B8%AD%E0%B8%A2%E0%B8%A3-%E0%B8%81%E0%B8%AB-%E0%B8%81%E0%B9%80%E0%B8%AB%E0%B8%A5-%E0%B8%A2%E0%B8%A1%E0%B8%95%E0%B8%B0%E0%B8%A7-%E0%B8%99/1793432270?i=1793432271&uo=4
Instinct,The End,ใจไม่ถึง,2008,Rock,https://music.apple.com/my/album/%E0%B9%83%E0%B8%88%E0%B9%84%E0%B8%A1-%E0%B8%96-%E0%B8%87/1792839102?i=1792839165&uo=4
Instinct,Endless,เกิดมาเพื่อยอมเธอ,2010,Rock,https://music.apple.com/my/album/%E0%B9%80%E0%B8%81-%E0%B8%94%E0%B8%A1%E0%B8%B2%E0%B9%80%E0%B8%9E-%E0%B8%AD%E0%B8%A2%E0%B8%AD%E0%B8%A1%E0%B9%80%E0%B8%98%E0%B8%AD/1792878129?i=1792879080&uo=4
Instinct,ชอบมากอยากได้ - Single,ชอบมากอยากได้,2019,Rock,https://music.apple.com/my/album/%E0%B8%8A%E0%B8%AD%E0%B8%9A%E0%B8%A1%E0%B8%B2%E0%B8%81%E0%B8%AD%E0%B8%A2%E0%B8%B2%E0%B8%81%E0%B9%84%E0%B8%94/1793471290?i=1793471291&uo=4
Amer BinYusoff,Seluruh Mahabbah - Single,Seluruh Mahabbah,2010,R&B/Soul,https://music.apple.com/my/album/seluruh-mahabbah/1675391418?i=1675391424&uo=4
Amer BinYusoff,Qasidah Qalbu,Busyra Lana,2024,Islamic,https://music.apple.com/my/album/busyra-lana/1759692280?i=1759692597&uo=4
Abdul Rahim Inteam & Amer BinYusoff,Qasidah Jiwa,Alhamdulillah Allahul Kafi,2023,Islamic,https://music.apple.com/my/album/alhamdulillah-allahul-kafi/1694948008?i=1694948015&uo=4
Amer BinYusoff,Lebih 1000 Bulan (feat. Hisyam Elharith) - Single,Lebih 1000 Bulan (feat. Hisyam Elharith),2024,Indonesian Religious,https://music.apple.com/my/album/lebih-1000-bulan-feat-hisyam-elharith/1735708322?i=1735708330&uo=4
Amer BinYusoff,CintaMu (feat. Abdul Rahim Inteam & Syed Yassin) - Single,CintaMu (feat. Abdul Rahim Inteam & Syed Yassin),2023,Indonesian Religious,https://music.apple.com/my/album/cintamu-feat-abdul-rahim-inteam-syed-yassin/1693117934?i=1693118303&uo=4
Amer BinYusoff,CintaMu (feat. Abdul Rahim Inteam & Syed Yassin) [Acoustic] - Single,CintaMu (feat. Abdul Rahim Inteam & Syed Yassin) [Acoustic],2024,Indonesian Religious,https://music.apple.com/my/album/cintamu-feat-abdul-rahim-inteam-syed-yassin-acoustic/1778021358?i=1778021665&uo=4
Amer BinYusoff,Seluruh Mahabbah - Single,Seluruh Mahabbah (Minus One),2010,R&B/Soul,https://music.apple.com/my/album/seluruh-mahabbah-minus-one/1675391418?i=1675391429&uo=4
Fathi Saleem,Permaisuriku - Single,Permaisuriku,2026,Indonesian Religious,https://music.apple.com/my/album/permaisuriku/6766224722?i=6766224724&uo=4
Fathi Saleem,Kembalilah - Single,Kembalilah,2023,Pop,https://music.apple.com/my/album/kembalilah/1714872602?i=1714872613&uo=4
Fathi Saleem,Menyerah Takdir - Single,Menyerah Takdir,2025,Pop,https://music.apple.com/my/album/menyerah-takdir/1790791524?i=1790791529&uo=4
Fathi Saleem,Kekasih Yang Dikasih - Single,Kekasih Yang Dikasih,2024,Pop,https://music.apple.com/my/album/kekasih-yang-dikasih/1752142646?i=1752142648&uo=4
Munif Hijjaz & Maliq Suhaimi,Aku Hanya Umar 2024 - Single,Aku Hanya Umar 2024,2024,Malaysian Pop,https://music.apple.com/my/album/aku-hanya-umar-2024/1757845236?i=1757845238&uo=4
Munif Hijjaz,Anugerah Cinta - Single,Anugerah Cinta,2023,Malaysian Pop,https://music.apple.com/my/album/anugerah-cinta/1658234119?i=1658234120&uo=4
Munif Hijjaz,Rayuan Nurani 2023 - Single,Rayuan Nurani 2023,2023,Malaysian Pop,https://music.apple.com/my/album/rayuan-nurani-2023/1689202516?i=1689202517&uo=4
Munif Hijjaz,Retak - Single,Retak,2024,Malaysian Pop,https://music.apple.com/my/album/retak/1723448753?i=1723448754&uo=4
Munif Hijjaz,Kau Guru Murabbi Sejati - Single,Kau Guru Murabbi Sejati,2021,Malaysian Pop,https://music.apple.com/my/album/kau-guru-murabbi-sejati/1551433264?i=1551433265&uo=4
Munif Hijjaz,Pelita Hidup 2022 - Single,Pelita Hidup 2022,2022,Malaysian Pop,https://music.apple.com/my/album/pelita-hidup-2022/1609430829?i=1609430830&uo=4
Munif Hijjaz,Bidadari 2022 - Single,Bidadari 2022,2022,Malaysian Pop,https://music.apple.com/my/album/bidadari-2022/1623788514?i=1623788515&uo=4
Munif Hijjaz,Ramadhan Kareem (feat. Zul Rabbani) - Single,Ramadhan Kareem (feat. Zul Rabbani),2021,Malaysian Pop,https://music.apple.com/my/album/ramadhan-kareem-feat-zul-rabbani/1559697574?i=1559697575&uo=4
Fine & Munif Hijjaz,Khadijah Cinta Dari Syurga - Single,Khadijah Cinta Dari Syurga,2021,Malaysian Pop,https://music.apple.com/my/album/khadijah-cinta-dari-syurga/1589777265?i=1589777266&uo=4
Munif Hijjaz & Haziq Rosebi,Syawal Dah Tiba - Single,Syawal Dah Tiba,2023,Malaysian Pop,https://music.apple.com/my/album/syawal-dah-tiba/1681260730?i=1681260731&uo=4
Munif Hijjaz,Sumayyah The Martyr - Single,Sumayyah The Martyr,2020,Islamic,https://music.apple.com/my/album/sumayyah-the-martyr/1535830000?i=1535830006&uo=4
Munif Hijjaz,Rimbun Keampunan 2024 - Single,Rimbun Keampunan 2024,2024,Malaysian Pop,https://music.apple.com/my/album/rimbun-keampunan-2024/1746291896?i=1746291897&uo=4
Munif Hijjaz,Salam Kemaafan 2022 - Single,Salam Kemaafan 2022,2022,Malaysian Pop,https://music.apple.com/my/album/salam-kemaafan-2022/1620545163?i=1620545164&uo=4
Munif Hijjaz,Mentari Ramadan - Single,Mentari Ramadan,2022,Islamic,https://music.apple.com/my/album/mentari-ramadan/1613178642?i=1613178643&uo=4
Munif Hijjaz,Laukana Bainana - Single,Laukana Bainana,2020,Malaysian Pop,https://music.apple.com/my/album/laukana-bainana/1676419094?i=1676419095&uo=4
Munif Hijjaz,Ku Keliru Feat. Rabithah - Single,Ku Keliru Feat. Rabithah,2022,Malaysian Pop,https://music.apple.com/my/album/ku-keliru-feat-rabithah/1634383211?i=1634383212&uo=4
Munif Hijjaz,"Tasbih Bergema Di Hari Raya (Feat. Ezat Lazim, Maliq Suhaimi) - Single","Tasbih Bergema Di Hari Raya (Feat. Ezat Lazim, Maliq Suhaimi)",2021,Malaysian Pop,https://music.apple.com/my/album/tasbih-bergema-di-hari-raya-feat-ezat-lazim-maliq-suhaimi/1564122074?i=1564122075&uo=4
Munif Hijjaz,Seteguh Cinta Rasul - Single,Seteguh Cinta Rasul,2023,Malaysian Pop,https://music.apple.com/my/album/seteguh-cinta-rasul/1701969032?i=1701969033&uo=4
Munif Hijjaz,Ramadan Tiba Lagi - Single,Ramadan Tiba Lagi,2023,Malaysian Pop,https://music.apple.com/my/album/ramadan-tiba-lagi/1670331215?i=1670331218&uo=4
Munif Hijjaz & Ust Faizan,Huwa Habibullah - Single,Huwa Habibullah,2023,Malaysian Pop,https://music.apple.com/my/album/huwa-habibullah/1716280668?i=1716280670&uo=4
Munif Hijjaz,Pemimpin Yang Adil 2022 - Single,Pemimpin Yang Adil 2022,2022,Malaysian Pop,https://music.apple.com/my/album/pemimpin-yang-adil-2022/1650198287?i=1650198288&uo=4
Munif Hijjaz,Madinatun Nabi Feat. Maliq Suhaimi - Single,Madinatun Nabi Feat. Maliq Suhaimi,2022,Arabic,https://music.apple.com/my/album/madinatun-nabi-feat-maliq-suhaimi/1629840981?i=1629840982&uo=4
Munif Hijjaz,Tarhim - EP,Tarhim,2020,Malaysian Pop,https://music.apple.com/my/album/tarhim/1602497932?i=1602497933&uo=4
Munif Hijjaz,Inang Rindu Baginda - Single,Inang Rindu Baginda,2025,Malaysian Pop,https://music.apple.com/my/album/inang-rindu-baginda/1833145937?i=1833145939&uo=4
Munif Hijjaz,Ramadan Kareem 2026 - Single,Ramadan Kareem 2026,2026,Malaysian Pop,https://music.apple.com/my/album/ramadan-kareem-2026/1875244835?i=1875244836&uo=4
Munif Hijjaz,Kalam Wahyu - Single,Kalam Wahyu,2024,Malaysian Pop,https://music.apple.com/my/album/kalam-wahyu/1764867818?i=1764867819&uo=4
Munif Hijjaz,Kasih Ibu Bapa 2023 - Single,Kasih Ibu Bapa 2023,2023,Malaysian Pop,https://music.apple.com/my/album/kasih-ibu-bapa-2023/1708209392?i=1708209393&uo=4
Munif Hijjaz,Amalan Ramadan 2024 - Single,Amalan Ramadan 2024,2024,Malaysian Pop,https://music.apple.com/my/album/amalan-ramadan-2024/1731338654?i=1731338655&uo=4
Munif Hijjaz & Aiman,Aksara Mukjizat Suci - Single,Aksara Mukjizat Suci,2026,Malaysian Pop,https://music.apple.com/my/album/aksara-mukjizat-suci/6773280986?i=6773280987&uo=4
Munif Hijjaz & Ustaz Faizan,Selimut Putih 2021 - Single,Selimut Putih 2021,2020,Malaysian Pop,https://music.apple.com/my/album/selimut-putih-2021/1661767335?i=1661767637&uo=4
Munif Hijjaz,Mikraj Agung - Single,Mikraj Agung,2025,Malaysian Pop,https://music.apple.com/my/album/mikraj-agung/1861429023?i=1861429026&uo=4
Munif Hijjaz,Kasih Lebaran - Single,Kasih Lebaran,2024,Malaysian Pop,https://music.apple.com/my/album/kasih-lebaran/1737997780?i=1737997781&uo=4
Munif Hijjaz,Sepohon Kayu 2025 - Single,Sepohon Kayu 2025,2025,Malaysian Pop,https://music.apple.com/my/album/sepohon-kayu-2025/1845319922?i=1845319923&uo=4
Munif Hijjaz,Mihrab Cinta - Single,Mihrab Cinta,2025,Malaysian Pop,https://music.apple.com/my/album/mihrab-cinta/1790403867?i=1790403869&uo=4
Munif Hijjaz,Mubarak Ramadan - Single,Mubarak Ramadan,2025,Malaysian Pop,https://music.apple.com/my/album/mubarak-ramadan/1798683913?i=1798683914&uo=4
Munif Hijjaz,Selawat Munjiyat,Selawat Munjiyat,2020,Malaysian Pop,https://music.apple.com/my/album/selawat-munjiyat/1602494077?i=1602494078&uo=4
Munif Hijjaz,Selawat Saadah,Selawat Saadah,2020,Malaysian Pop,https://music.apple.com/my/album/selawat-saadah/1602494772?i=1602494773&uo=4
Munif Hijjaz,Zikir Asma' Allah,Zikir Asma' Allah,2020,Malaysian Pop,https://music.apple.com/my/album/zikir-asma-allah/1602498479?i=1602498480&uo=4
Mestica,Sendu Sendawa,Destinasi Cinta,2006,Pop,https://music.apple.com/my/album/destinasi-cinta/1442641079?i=1442641600&uo=4
Mestica,Layar Keinsafan,Layar Keinsafan,2015,Pop,https://music.apple.com/my/album/layar-keinsafan/1442692866?i=1442693145&uo=4
Mestica,Layar Keinsafan,Kerana Cinta,2015,Pop,https://music.apple.com/my/album/kerana-cinta/1442692866?i=1442693148&uo=4
Mestica,Layar Keinsafan,Salahuddin Al-Ayubi,2015,Pop,https://music.apple.com/my/album/salahuddin-al-ayubi/1442692866?i=1442693146&uo=4
Mestica,Layar Keinsafan,Puteriku Sayang,2015,Pop,https://music.apple.com/my/album/puteriku-sayang/1442692866?i=1442693157&uo=4
Mestica,Sendu Sendawa,Yang Abadi,2015,Pop,https://music.apple.com/my/album/yang-abadi/1442641079?i=1442641576&uo=4
Mestica,Sendu Sendawa,Siratunnabi,2015,Pop,https://music.apple.com/my/album/siratunnabi/1442641079?i=1442641584&uo=4
Mestica,Sendu Sendawa,Egois,2015,Pop,https://music.apple.com/my/album/egois/1442641079?i=1442641844&uo=4
Mestica,Sendu Sendawa,Inayah,2006,Pop,https://music.apple.com/my/album/inayah/1442641079?i=1442641590&uo=4
Mestica,Layar Keinsafan,Rahmat Ujian,2006,Pop,https://music.apple.com/my/album/rahmat-ujian/1442692866?i=1442692869&uo=4
Mestica,Layar Keinsafan,Cinta Teragung,2015,Pop,https://music.apple.com/my/album/cinta-teragung/1442692866?i=1442693149&uo=4
Mestica,Sendu Sendawa,Luqmanul Hakim,2015,Pop,https://music.apple.com/my/album/luqmanul-hakim/1442641079?i=1442641595&uo=4
Mestica,Sendu Sendawa,Kemarau Di Hati,2015,Pop,https://music.apple.com/my/album/kemarau-di-hati/1442641079?i=1442641854&uo=4
Mestica,Sendu Sendawa,Kembali Gemilang,2015,Pop,https://music.apple.com/my/album/kembali-gemilang/1442641079?i=1442641864&uo=4
Mestica,313,Segalanya Milik Mu,2015,Pop,https://music.apple.com/my/album/segalanya-milik-mu/1442778805?i=1442778817&uo=4
Mestica,Sendu Sendawa,Sendu Sendawa,2015,Pop,https://music.apple.com/my/album/sendu-sendawa/1442641079?i=1442641343&uo=4
Mestica,Layar Keinsafan,Demi Cinta Zainab,2006,Pop,https://music.apple.com/my/album/demi-cinta-zainab/1442692866?i=1442693142&uo=4
Mestica,Layar Keinsafan,Secerah Pawana,2015,Pop,https://music.apple.com/my/album/secerah-pawana/1442692866?i=1442693151&uo=4
Mestica & Dato Hattan,Istikharah - Single,Istikharah,2022,Worldwide,https://music.apple.com/my/album/istikharah/1606668625?i=1606668762&uo=4
Mestica,313,Mimpi Yang Indah,2015,Pop,https://music.apple.com/my/album/mimpi-yang-indah/1442778805?i=1442778994&uo=4
Mestica,Layar Keinsafan,The Pilgrimage Of Life,2015,Pop,https://music.apple.com/my/album/the-pilgrimage-of-life/1442692866?i=1442693152&uo=4
Mestica,Layar Keinsafan,Selamat Pengantin Baru,2015,Pop,https://music.apple.com/my/album/selamat-pengantin-baru/1442692866?i=1442693153&uo=4
Mestica,Riwayat Bidadari Syurga,Hurul Ain,2015,Pop,https://music.apple.com/my/album/hurul-ain/1442388378?i=1442388393&uo=4
Mestica,313,Wajah Suci,2015,Pop,https://music.apple.com/my/album/wajah-suci/1442778805?i=1442778986&uo=4
Mestica & Pawana,"SELAWAT, Vol. 1 - Single",Selawat Adnani,2025,Worldwide,https://music.apple.com/my/album/selawat-adnani/1806259867?i=1806259871&uo=4
Mestica,313,Nasuha,2015,Pop,https://music.apple.com/my/album/nasuha/1442778805?i=1442778977&uo=4
Mestica,Apa Khabar Apa Cerita - Single,Apa Khabar Apa Cerita,2022,Worldwide,https://music.apple.com/my/album/apa-khabar-apa-cerita/1655631426?i=1655631435&uo=4
Mestica,Sendu Sendawa,Arus Ini,2015,Pop,https://music.apple.com/my/album/arus-ini/1442641079?i=1442642031&uo=4
"In Team, UNIC & Mestica",Seleksi Istimewa Lagu-Lagu Raya,Senandung Aidilfitri,2015,Pop,https://music.apple.com/my/album/senandung-aidilfitri/1442706824?i=1442707003&uo=4
"Hijjaz, Mestica, UNIC, Diana Naim & Suhaimi",Lembaran Syawal,Joget Lebaran,2015,Pop,https://music.apple.com/my/album/joget-lebaran/1442571568?i=1442572875&uo=4
Mestica,313,Badar,2015,Pop,https://music.apple.com/my/album/badar/1442778805?i=1442778998&uo=4
"Hijjaz, UNIC, In Team & Mestica",Habibullah Kekasih Allah,Habibullah,2006,Pop,https://music.apple.com/my/album/habibullah/1442681970?i=1442682157&uo=4
UNIC & Mestica,Nur Syawal - EP,Hikmah Bulan Mulia,2015,Pop,https://music.apple.com/my/album/hikmah-bulan-mulia/1442437142?i=1442437148&uo=4
Mestica,313,Muhammad Al Huda,2015,Pop,https://music.apple.com/my/album/muhammad-al-huda/1442778805?i=1442778991&uo=4
Mestica,Seleksi Istimewa Lagu-Lagu Raya,Semerbak Aidilfitri,2015,Pop,https://music.apple.com/my/album/semerbak-aidilfitri/1442706824?i=1442707029&uo=4
Mestica,313,Seruan,2015,Pop,https://music.apple.com/my/album/seruan/1442778805?i=1442778981&uo=4
Mestica,Terbaik Nasyeed.Com,Kasih,2013,Pop,https://music.apple.com/my/album/kasih/660126055?i=660126142&uo=4
Mestica,Khazanah Cinta,Istikharah,2011,Worldwide,https://music.apple.com/my/album/istikharah/1149285404?i=1149285666&uo=4
Mestica & Pawana,"SELAWAT, Vol. 1 - Single",Ya Rasulallah Salamun'alaik,2025,Worldwide,https://music.apple.com/my/album/ya-rasulallah-salamunalaik/1806259867?i=1806259873&uo=4
Mestica & Pawana,"SELAWAT, Vol. 1 - Single",Selawat Badar,2025,Worldwide,https://music.apple.com/my/album/selawat-badar/1806259867?i=1806259869&uo=4
Mestica,Senandung Ehsan,Buta Mata,2023,Malaysian Pop,https://music.apple.com/my/album/buta-mata/6770546919?i=6770547857&uo=4
Mestica,Kalimah Cinta 2,The Pilgrimage of Life,2015,Pop,https://music.apple.com/my/album/the-pilgrimage-of-life/1442559334?i=1442559844&uo=4
Riri Mestica,Keluar Malam,Ace (feat. Bonita),2004,Electronic,https://music.apple.com/my/album/ace-feat-bonita/1869946849?i=1869946850&uo=4
Mestica,Senandung Ehsan,Menjaga Kebersihan,2023,Malaysian Pop,https://music.apple.com/my/album/menjaga-kebersihan/6770546919?i=6770547899&uo=4
"Riri Mestica, Andrey Chilling & Baina",Keluar Malam,Cloudseven,2004,Electronic,https://music.apple.com/my/album/cloudseven/1869946849?i=1869946858&uo=4
Riri Mestica & Ryan Kono,Rusty Guitar - EP,Rusty Guitar 2018 (feat. MC Giri),2018,Dance,https://music.apple.com/my/album/rusty-guitar-2018-feat-mc-giri/1434405728?i=1434405729&uo=4
Riri Mestica,Lurus - Single,Lurus,2017,Dance,https://music.apple.com/my/album/lurus/1888410838?i=1888410841&uo=4
Mestica,"INSAN PILIHAN (feat. Acap Fine, Farn Farhan, Deni Aden, Husin Wira, Ahmad The 4A & Salam Syafiklis) [For Maulidur Rasul, Live] - Single","INSAN PILIHAN (feat. Acap Fine, Farn Farhan, Deni Aden, Husin Wira, Ahmad The 4A & Salam Syafiklis) [For Maulidur Rasul, Live]",2020,Indonesian Religious,https://music.apple.com/my/album/insan-pilihan-feat-acap-fine-farn-farhan-deni-aden/1703130523?i=1703130789&uo=4
Riri Mestica,Stereo Mestica - EP,Endless Rue,2006,Dance,https://music.apple.com/my/album/endless-rue/1888643257?i=1888643263&uo=4
Khalil Mestica,40 Rabbana (Siri 1),Doa Memohon Dielakkan Hati Terpesong,2013,Pop,https://music.apple.com/my/album/doa-memohon-dielakkan-hati-terpesong/718240853?i=718240988&uo=4
Khalil Mestica,40 Rabbana (Siri 1),Doa Memohon Pertolongan Daripada Allah,2013,Pop,https://music.apple.com/my/album/doa-memohon-pertolongan-daripada-allah/718240853?i=718240970&uo=4
Khalil Mestica,40 Rabbana (Siri 1),Doa Memohon Taubat,2013,Pop,https://music.apple.com/my/album/doa-memohon-taubat/718240853?i=718240967&uo=4
Riri Mestica & Iraldi Erdiham,Keluar Malam,Fakapdub,2004,Electronic,https://music.apple.com/my/album/fakapdub/1869946849?i=1869946859&uo=4
Khalil Mestica,40 Rabbana (Siri 1),Doa Memohon Terhindar Daripada Amalan Sia-Sia,2013,Pop,https://music.apple.com/my/album/doa-memohon-terhindar-daripada-amalan-sia-sia/718240853?i=718240977&uo=4
Khalil Mestica,40 Rabbana (Siri 1),Doa Memohon Diringankan Beban,2013,Pop,https://music.apple.com/my/album/doa-memohon-diringankan-beban/718240853?i=718240972&uo=4
Khalil Mestica,40 Rabbana (Siri 1),Doa Memohon Keampunana & Tekad Pendirian,2013,Pop,https://music.apple.com/my/album/doa-memohon-keampunana-tekad-pendirian/718240853?i=718240965&uo=4
Khalil Mestica,40 Rabbana (Siri 1),Doa Memohon Agar Dielakkan Lupa,2013,Pop,https://music.apple.com/my/album/doa-memohon-agar-dielakkan-lupa/718240853?i=718240966&uo=4
Riri Mestica & Patricia Schuldtz,Keluar Malam,Supersoul,2004,Electronic,https://music.apple.com/my/album/supersoul/1869946849?i=1869946851&uo=4
Khalil Mestica,40 Rabbana (Siri 1),Doa Agar Dijauhkan Dari Api Neraka,2013,Pop,https://music.apple.com/my/album/doa-agar-dijauhkan-dari-api-neraka/718240853?i=718240968&uo=4
Khalil Mestica,40 Rabbana (Siri 1),Doa Memohon Kesabaran,2013,Pop,https://music.apple.com/my/album/doa-memohon-kesabaran/718240853?i=718240971&uo=4
Razin Mestica,"Smart Tarannum, Vol. 2",Penghargaan,2010,Worldwide,https://music.apple.com/my/album/penghargaan/1149285096?i=1149286515&uo=4
Khalil Mestica,40 Rabbana (Siri 1),Doa Agar Diterima Amalan,2013,Pop,https://music.apple.com/my/album/doa-agar-diterima-amalan/718240853?i=718240961&uo=4
Khalil Mestica,40 Rabbana (Siri 1),Doa Memohon Kebaikan Di Dunia & Akhirat,2013,Pop,https://music.apple.com/my/album/doa-memohon-kebaikan-di-dunia-akhirat/718240853?i=718240989&uo=4
Razin Mestica,"Smart Tarannum, Vol. 2",Intisari,2010,Worldwide,https://music.apple.com/my/album/intisari/1149285096?i=1149285290&uo=4
Khalil Mestica,40 Rabbana (Siri 1),Doa Memohon Diberikan Keimanan,2013,Pop,https://music.apple.com/my/album/doa-memohon-diberikan-keimanan/718240853?i=718240974&uo=4
Riri Mestica,Stereo Mestica - EP,Necessity for Knowledge of Random Inaccuracies,2006,Dance,https://music.apple.com/my/album/necessity-for-knowledge-of-random-inaccuracies/1888643257?i=1888643266&uo=4
Khalil Mestica,"40 Rabbana, Vol. 1",Doa Memohon Kebaikan Didunia Dan Akhirat,2013,Worldwide,https://music.apple.com/my/album/doa-memohon-kebaikan-didunia-dan-akhirat/1120724660?i=1120725562&uo=4
Khalil Mestica,40 Rabbana (Siri 1),Doa Penutup,2013,Pop,https://music.apple.com/my/album/doa-penutup/718240853?i=718240991&uo=4
Riri Mestica,Face To Face (feat. Annemette Hauglum) - Single,Face To Face (feat. Annemette Hauglum),2018,Dance,https://music.apple.com/my/album/face-to-face-feat-annemette-hauglum/1895338003?i=6763488462&uo=4
Riri Mestica & Ryan Kono,Rusty Guitar - EP,Rusty Guitar (feat. MC Giri) [Doci Remix],2018,Dance,https://music.apple.com/my/album/rusty-guitar-feat-mc-giri-doci-remix/1434405728?i=1434405888&uo=4
"LTN, Riri Mestica & Interplay Records",Pixel Rush - Single,Pixel Rush (Extended Mix),2025,House,https://music.apple.com/my/album/pixel-rush-extended-mix/1799756078?i=1799756081&uo=4
Razin Mestica,Positif Talk : Tentera Salahuddin Al Ayubi Wajib Hidupkan Malam - Single,Positif Talk : Tentera Salahuddin Al Ayubi Wajib Hidupkan Malam,2022,Worldwide,https://music.apple.com/my/album/positif-talk-tentera-salahuddin-al-ayubi-wajib-hidupkan/1603802101?i=1603802383&uo=4
Riri Mestica & Ryan Kono,Rusty Guitar - EP,Rusty Guitar (feat. MC Giri) [WLVS Remix],2018,Dance,https://music.apple.com/my/album/rusty-guitar-feat-mc-giri-wlvs-remix/1434405728?i=1434405884&uo=4
"Riri Mestica, Fajar J & Liquid Silva",Broken Promises - Single,Broken Promises,2018,Dance,https://music.apple.com/my/album/broken-promises/1889207957?i=1889207959&uo=4
Riri Mestica & Dtx,Miss My Bliss (feat. Patricia Schuldtz),Miss My Bliss (feat. Patricia Schuldtz),2013,Jungle/Drum'n'bass,https://music.apple.com/my/album/miss-my-bliss-feat-patricia-schuldtz/633604919?i=633605389&uo=4
Razin Mestica,Positif Talk : Agamawan Bergaduh Di Media Social - Single,Positif Talk : Agamawan Bergaduh Di Media Social,2022,Worldwide,https://music.apple.com/my/album/positif-talk-agamawan-bergaduh-di-media-social/1604287681?i=1604287975&uo=4
Razin Mestica,Positif Talk : Salah Guna TikTok - Single,Positif Talk : Salah Guna TikTok,2022,Worldwide,https://music.apple.com/my/album/positif-talk-salah-guna-tiktok/1607436868?i=1607436869&uo=4
Khalil Mestica,"40 Rabbana, Vol. 1",Doa Memohon Keampunan Dan Tekad Pendirian,2013,Worldwide,https://music.apple.com/my/album/doa-memohon-keampunan-dan-tekad-pendirian/1120724660?i=1120724673&uo=4
Riri Mestica & Ryan Kono,Rusty Guitar - EP,Rusty Guitar (feat. MC Giri) [Fajar J Remix],2018,Dance,https://music.apple.com/my/album/rusty-guitar-feat-mc-giri-fajar-j-remix/1434405728?i=1434405881&uo=4
Riri Mestica & Dtx,Miss My Bliss (feat. Patricia Schuldtz),Miss My Bliss (Riri Mestica DUB Remix) [feat. Patricia Schuldtz],2013,Jungle/Drum'n'bass,https://music.apple.com/my/album/miss-my-bliss-riri-mestica-dub-remix-feat-patricia-schuldtz/633604919?i=633605402&uo=4
LTN & Riri Mestica,Interplay Radio Episode 547,Pixel Rush (Interplay 547),2025,Dance,https://music.apple.com/my/album/pixel-rush-interplay-547/1805916557?i=1805916894&uo=4
Riri Mestica & Dtx,Miss My Bliss (feat. Patricia Schuldtz),Miss My Bliss (Talon Remix) [feat. Patricia Schuldtz],2013,Jungle/Drum'n'bass,https://music.apple.com/my/album/miss-my-bliss-talon-remix-feat-patricia-schuldtz/633604919?i=633605391&uo=4
Khalil Mestica,"40 Rabbana, Vol. 1",Doa Memohon Terhindar Daripada Amalan Sia-sia,2013,Worldwide,https://music.apple.com/my/album/doa-memohon-terhindar-daripada-amalan-sia-sia/1120724660?i=1120725558&uo=4
La Charanga Mestica,El Sandungon de Pepa - Single,Bal À Papá,2018,South America,https://music.apple.com/my/album/bal-%C3%A0-pap%C3%A1/1403746180?i=1403746221&uo=4
Riri Mestica & Ryan Kono,Rusty Guitar - EP,Rusty Guitar (feat. MC Giri) [Stanizters Remix],2018,Dance,https://music.apple.com/my/album/rusty-guitar-feat-mc-giri-stanizters-remix/1434405728?i=1434405882&uo=4
Razin Mestica,Positif Talk : Kenali cendawan yang beracun - Single,Positif Talk : Kenali cendawan yang beracun,2022,Worldwide,https://music.apple.com/my/album/positif-talk-kenali-cendawan-yang-beracun/1603752082?i=1603752085&uo=4
LTN & Riri Mestica,TranceLine Radio Episode 214,Pixel Rush (TranceLine 214),2025,Dance,https://music.apple.com/my/album/pixel-rush-tranceline-214/1803405083?i=1803405088&uo=4
Riri Mestica,Stereo Mestica - EP,Fade Away,2006,Dance,https://music.apple.com/my/album/fade-away/1888643257?i=1888643261&uo=4
Khalil Mestica,"40 Rabbana, Vol. 1",Doa Memohon Diringan Bebanan,2013,Worldwide,https://music.apple.com/my/album/doa-memohon-diringan-bebanan/1120724660?i=1120725553&uo=4
Riri Mestica & Ryan Kono,Rusty Guitar - EP,Rusty Guitar (feat. MC Giri) [Devry Parell Remix],2018,Dance,https://music.apple.com/my/album/rusty-guitar-feat-mc-giri-devry-parell-remix/1434405728?i=1434405885&uo=4
Razin Mestica,"Positif Talk : Muhasabah, Prihatin & Jangan Salahkan Orang Lain - Single","Positif Talk : Muhasabah, Prihatin & Jangan Salahkan Orang Lain",2022,Worldwide,https://music.apple.com/my/album/positif-talk-muhasabah-prihatin-jangan-salahkan-orang/1607432895?i=1607432896&uo=4
"LTN, Riri Mestica & Interplay Records",Pixel Rush - Single,Pixel Rush,2025,House,https://music.apple.com/my/album/pixel-rush/1799756078?i=1799756079&uo=4
Riri Mestica,Rusty Guitar (Your Future Husband & DØCI Remix) - Single,Rusty Guitar (Your Future Husband & DØCI Remix),2025,Techno,https://music.apple.com/my/album/rusty-guitar-your-future-husband-d%C3%B8ci-remix/1841006154?i=1841006155&uo=4
Riri Mestica & Iraldi Erdiham,Keluar Malam,First Kiss,2004,Electronic,https://music.apple.com/my/album/first-kiss/1869946849?i=1869946860&uo=4
Riri Mestica,Stereo Mestica - EP,True Dimension,2006,Dance,https://music.apple.com/my/album/true-dimension/1888643257?i=1888643258&uo=4
Riri Mestica & DJ Keblinger$,Hantu Disko - Single,Disco Ghost,2025,Electronic,https://music.apple.com/my/album/disco-ghost/6767634524?i=6767634528&uo=4
Riri Mestica & Dtx,Miss My Bliss (feat. Patricia Schuldtz),Miss My Bliss (Riri Mestica Remix) [feat. Patricia Schuldtz],2013,Jungle/Drum'n'bass,https://music.apple.com/my/album/miss-my-bliss-riri-mestica-remix-feat-patricia-schuldtz/633604919?i=633605401&uo=4
Dehearty,Insan Istimewa,Permata Yang Dicari,2005,Pop,https://music.apple.com/my/album/permata-yang-dicari/1585763371?i=1585763796&uo=4
Dehearty,Insan Istimewa,Wanita,2005,Pop,https://music.apple.com/my/album/wanita/1585763371?i=1585764817&uo=4
Dehearty,Di Hati,Pasrah Segalanya,2004,Pop,https://music.apple.com/my/album/pasrah-segalanya/1585791575?i=1585792006&uo=4
Dehearty,Di Hati,Inspirasi Hati,2004,Pop,https://music.apple.com/my/album/inspirasi-hati/1585791575?i=1585792657&uo=4
Dehearty,Di Hati,Di Hati,2004,Pop,https://music.apple.com/my/album/di-hati/1585791575?i=1585792478&uo=4
Dehearty,Insan Istimewa,Siti Zulaikha,2005,Pop,https://music.apple.com/my/album/siti-zulaikha/1585763371?i=1585764074&uo=4
Dehearty,Insan Istimewa,Cinta Bersulam Noda,2005,Pop,https://music.apple.com/my/album/cinta-bersulam-noda/1585763371?i=1585763801&uo=4
Dehearty,Di Hati,Kembara Hidup,2004,Pop,https://music.apple.com/my/album/kembara-hidup/1585791575?i=1585792023&uo=4
Dehearty,Di Hati,Bidadari Hidupku,2004,Pop,https://music.apple.com/my/album/bidadari-hidupku/1585791575?i=1585792485&uo=4
Dehearty,Insan Istimewa,Erti Persahabatan Ini,2005,Pop,https://music.apple.com/my/album/erti-persahabatan-ini/1585763371?i=1585764110&uo=4
Dehearty,Di Hati,Abu Bakar As-Siddiq,2004,Pop,https://music.apple.com/my/album/abu-bakar-as-siddiq/1585791575?i=1585792491&uo=4
Dehearty,Di Hati,Selawat Burdah,2004,Pop,https://music.apple.com/my/album/selawat-burdah/1585791575?i=1585792015&uo=4
Dehearty,Di Hati,Kasih Sayang,2004,Pop,https://music.apple.com/my/album/kasih-sayang/1585791575?i=1585792499&uo=4
Dehearty,Insan Istimewa,Kau Hadir,2005,Pop,https://music.apple.com/my/album/kau-hadir/1585763371?i=1585763819&uo=4
Dehearty,Insan Istimewa,Indahnya Ciptaan Mu,2005,Pop,https://music.apple.com/my/album/indahnya-ciptaan-mu/1585763371?i=1585764098&uo=4
Dehearty,Di Hati,Pengantin Baru,2004,Pop,https://music.apple.com/my/album/pengantin-baru/1585791575?i=1585792266&uo=4
Dehearty,Insan Istimewa,Janjiku,2005,Pop,https://music.apple.com/my/album/janjiku/1585763371?i=1585764101&uo=4
Dehearty,Insan Istimewa,Ayah,2005,Pop,https://music.apple.com/my/album/ayah/1585763371?i=1585764093&uo=4
Dehearty,Insan Istimewa,Wanita (Piano Version),2005,Pop,https://music.apple.com/my/album/wanita-piano-version/1585763371?i=1585763822&uo=4
Dehearty,Hari Raya Yang Mulia,Hari Bahagia,2003,Pop,https://music.apple.com/my/album/hari-bahagia/1615082119?i=1615082445&uo=4
Dehearty,Di Hati,Balik Kampung,2003,Pop,https://music.apple.com/my/album/balik-kampung/1585791575?i=1585792276&uo=4
Fathi Naim & Anas Tahir,Zikir,Asykur,2022,Malaysian Pop,https://music.apple.com/my/album/asykur/1618426988?i=1618426997&uo=4
Fathi Naim & Anas Tahir,Zikir,Ya Hayyu Ya Qayyum,2022,Malaysian Pop,https://music.apple.com/my/album/ya-hayyu-ya-qayyum/1618426988?i=1618426989&uo=4
Fathi Naim & Anas Tahir,Zikir,Bismillahi tawakkal,2022,Malaysian Pop,https://music.apple.com/my/album/bismillahi-tawakkal/1618426988?i=1618426991&uo=4
Fathi Naim & Anas Tahir,Zikir,Zikir Pagi,2022,Malaysian Pop,https://music.apple.com/my/album/zikir-pagi/1618426988?i=1618426993&uo=4
Syahrul Asad & Anas Tahir,Janji Hati - Single,Janji Hati,2025,Indonesian Religious,https://music.apple.com/my/album/janji-hati/1812464950?i=1812464956&uo=4
Fathi Naim & Anas Tahir,Zikir,Subhanallah Wabihamdihi,2022,Malaysian Pop,https://music.apple.com/my/album/subhanallah-wabihamdihi/1618426988?i=1618426994&uo=4
Fathi Naim & Anas Tahir,Zikir,Zikir Tahlil,2022,Malaysian Pop,https://music.apple.com/my/album/zikir-tahlil/1618426988?i=1618426992&uo=4
Fathi Naim & Anas Tahir,Zikir,Sayyidul Istighfar,2022,Malaysian Pop,https://music.apple.com/my/album/sayyidul-istighfar/1618426988?i=1618426995&uo=4
Fathi Naim & Anas Tahir,Zikir,Talbiyah,2022,Malaysian Pop,https://music.apple.com/my/album/talbiyah/1618426988?i=1618426996&uo=4
Anas Tahir,Status Lelaki - Single,Status Lelaki,2020,Pop,https://music.apple.com/my/album/status-lelaki/1506618129?i=1506618132&uo=4
Anas Tahir,Happy Birthday Sayang - Single,Happy Birthday Sayang,2021,Malaysian Pop,https://music.apple.com/my/album/happy-birthday-sayang/1590544928?i=1590544930&uo=4
"Raqib Majid, Mawi & Anas Tahir",Indah Bersama - Single,Indah Bersama,2018,Malaysian Pop,https://music.apple.com/my/album/indah-bersama/1386106838?i=1386108133&uo=4
Fathi Naim & Anas Tahir,Zikir,Selawat Tafrijiyyah,2022,Malaysian Pop,https://music.apple.com/my/album/selawat-tafrijiyyah/1618426988?i=1618426990&uo=4
"Anas Tahir, Mierul Hazly, Hariz Danial, Emeer Bakri, Kucaimars & Amsyar RazQa",Hasbunallah - Single,Hasbunallah,2024,Pop,https://music.apple.com/my/album/hasbunallah/1735951121?i=1735951278&uo=4
Anas Tahir,Penjaja Jalanan - Single,Penjaja Jalanan,2017,Pop,https://music.apple.com/my/album/penjaja-jalanan/1575175484?i=1575175501&uo=4
Anas Tahir & Faisal Alwie,Pragmatic - Single,Pragmatic,2022,Rock,https://music.apple.com/my/album/pragmatic/1648428217?i=1648428219&uo=4
Syahrul Asad & Anas Tahir,Sembilu - Single,Sembilu,2026,Indonesian Religious,https://music.apple.com/my/album/sembilu/6768018027?i=6768018029&uo=4
Anas Tahir,Monolog - Single,Monolog,2023,Worldwide,https://music.apple.com/my/album/monolog/1707995929?i=1707995936&uo=4
Syahrul Asad & Anas Tahir,Pelita Syawal - Single,Pelita Syawal,2025,Asia,https://music.apple.com/my/album/pelita-syawal/1804305076?i=1804305078&uo=4
Mawi & Anas Tahir (Bro Buskers),Puasa 6 Parampampam - Single,Puasa 6 Parampampam,2026,Malaysian Pop,https://music.apple.com/my/album/puasa-6-parampampam/1886381912?i=1886382005&uo=4
Syahrul Asad,Merawat Dunia - Single,Merawat Dunia,2020,Pop,https://music.apple.com/my/album/merawat-dunia/1518747916?i=1518747922&uo=4
Syahrul Asad,Setia - Single,Setia,2019,Pop,https://music.apple.com/my/album/setia/1480745899?i=1480746026&uo=4
Syahrul Asad,Sochira Kara No Tegami - Single,Sochira Kara No Tegami,2025,Pop,https://music.apple.com/my/album/sochira-kara-no-tegami/1830732852?i=1830733278&uo=4
Ustaz 3 Beradik,Putusnya Butir Tasbihku (feat. Fadzli Far East) - Single,Putusnya Butir Tasbihku (feat. Fadzli Far East),2023,Indonesian Religious,https://music.apple.com/my/album/putusnya-butir-tasbihku-feat-fadzli-far-east/1707789751?i=1707789758&uo=4
Ustaz 3 Beradik,Jemari Lima - Single,Jemari Lima,2023,Malaysian Pop,https://music.apple.com/my/album/jemari-lima/6771583438?i=6771583439&uo=4
Ustaz 3 Beradik,Masihkah Tuan Ingat - Single,Masihkah Tuan Ingat,2023,Malaysian Pop,https://music.apple.com/my/album/masihkah-tuan-ingat/6773178974?i=6773178976&uo=4
Ustaz 3 Beradik,Terakhir - Single,Terakhir,2023,Malaysian Pop,https://music.apple.com/my/album/terakhir/6773289377?i=6773289383&uo=4
Ustaz 3 Beradik,Si Bujur Sireh - Single,Si Bujur Sireh,2023,Malaysian Pop,https://music.apple.com/my/album/si-bujur-sireh/6771582496?i=6771582497&uo=4
Ustaz 3 Beradik,Srikandi Asiah - Single,Srikandi Asiah,2025,Malaysian Pop,https://music.apple.com/my/album/srikandi-asiah/6769533226?i=6769533229&uo=4
Ustaz 3 Beradik,Tentang Kawan - Single,Tentang Kawan,2026,Pop,https://music.apple.com/my/album/tentang-kawan/6773860048?i=6773860192&uo=4
Ustaz 3 Beradik,Entahkan Ramadan Terakhir Kali - Single,Entahkan Ramadan Terakhir Kali,2024,Islamic,https://music.apple.com/my/album/entahkan-ramadan-terakhir-kali/6770051355?i=6770051356&uo=4
Ustaz 3 Beradik,Jalan Pulang - Single,Jalan Pulang,2026,Indonesian Religious,https://music.apple.com/my/album/jalan-pulang/6795435942?i=6795435948&uo=4
Ustaz 3 Beradik,Al Quran Pembimbing Ummah - Single,Al Quran Pembimbing Ummah,2025,Islamic,https://music.apple.com/my/album/al-quran-pembimbing-ummah/6769862877?i=6769862880&uo=4
Ustaz 3 Beradik,Putusnya Butir Tasbihku (feat. Fadzli Far East) - Single,Putusnya Butir Tasbihku (feat. Fadzli Far East) [Instrumental],2023,Indonesian Religious,https://music.apple.com/my/album/putusnya-butir-tasbihku-feat-fadzli-far-east-instrumental/1707789751?i=1707789762&uo=4
Maliq Suhaimi,7 Keagungan Selawat,Balada Selawat,2013,Pop,https://music.apple.com/my/album/balada-selawat/660109781?i=660109818&uo=4
Maliq Suhaimi,7 Keagungan Selawat,Selawat Badawi,2013,Pop,https://music.apple.com/my/album/selawat-badawi/660109781?i=660109820&uo=4
Maliq Suhaimi,7 Keagungan Selawat,Melodi Selawat,2013,Pop,https://music.apple.com/my/album/melodi-selawat/660109781?i=660109825&uo=4
Maliq Suhaimi,7 Keagungan Selawat,Insan Teragung,2013,Pop,https://music.apple.com/my/album/insan-teragung/660109781?i=660109813&uo=4
Maliq Suhaimi,7 Keagungan Selawat,Nur Selawat,2013,Pop,https://music.apple.com/my/album/nur-selawat/660109781?i=660109823&uo=4
Maliq Suhaimi,7 Keagungan Selawat,Kemuliaan Selawat,2013,Pop,https://music.apple.com/my/album/kemuliaan-selawat/660109781?i=660109822&uo=4
Maliq Suhaimi,Konsert Nasyid Legenda,Hanzalah,2023,Asia,https://music.apple.com/my/album/hanzalah/1699883943?i=1699885184&uo=4
Maliq Suhaimi,Gemersik Zikrullah,Pada-Mu (Syair Munajat Imam Syafie),2024,Indonesian Religious,https://music.apple.com/my/album/pada-mu-syair-munajat-imam-syafie/1764206608?i=1764206627&uo=4
Maliq Suhaimi,7 Keagungan Selawat,Keagungan Selawat,2013,Pop,https://music.apple.com/my/album/keagungan-selawat/660109781?i=660109819&uo=4
Maliq Suhaimi,Arehna Ya Bilal - Single,Arehna Ya Bilal,2019,Worldwide,https://music.apple.com/my/album/arehna-ya-bilal/1451938610?i=1451938947&uo=4
Maliq Suhaimi,Anugerah Keinsafan - Single,Anugerah Keinsafan,2021,Islamic,https://music.apple.com/my/album/anugerah-keinsafan/1596839445?i=1596839719&uo=4
Rabbani & Maliq Suhaimi,Konsert Nasyid Legenda,Pergi Tak Kembali,2023,Asia,https://music.apple.com/my/album/pergi-tak-kembali/1699883943?i=1699885520&uo=4
Maliq Suhaimi,7 Keagungan Selawat,Selawat Badar,2013,Pop,https://music.apple.com/my/album/selawat-badar/660109781?i=660109821&uo=4
Maliq Suhaimi,Gemersik Zikrullah,Hasbiyallah,2024,Islamic,https://music.apple.com/my/album/hasbiyallah/1764206608?i=1764206620&uo=4
Maliq Suhaimi,Gemersik Zikrullah,Istighfar Taubat,2024,Islamic,https://music.apple.com/my/album/istighfar-taubat/1764206608?i=1764206625&uo=4
Maliq Suhaimi,Gemersik Zikrullah,Ya Zal Jalali Wal Ikram,2024,Islamic,https://music.apple.com/my/album/ya-zal-jalali-wal-ikram/1764206608?i=1764206618&uo=4
Maliq Suhaimi,Gemersik Zikrullah,Astaghfirullah,2024,Islamic,https://music.apple.com/my/album/astaghfirullah/1764206608?i=1764206613&uo=4
Maliq Suhaimi,Gemersik Zikrullah,Subhanallahi Wa Bihamdihi,2024,Islamic,https://music.apple.com/my/album/subhanallahi-wa-bihamdihi/1764206608?i=1764206616&uo=4
Maliq Suhaimi,Gemersik Zikrullah,Zikrullah,2024,Islamic,https://music.apple.com/my/album/zikrullah/1764206608?i=1764206615&uo=4
Maliq Suhaimi,Gemersik Zikrullah,Tubna Ilallah,2024,Islamic,https://music.apple.com/my/album/tubna-ilallah/1764206608?i=1764206622&uo=4
Saff One,Di Syurga Menanti,Perjuangan,2002,Islamic,https://music.apple.com/my/album/perjuangan/1592686296?i=1592686550&uo=4
Saff One,"Zikir, Doa & Nasyid",Hasbunallah Wa Ni'mal Wakil,2016,Worldwide,https://music.apple.com/my/album/hasbunallah-wa-nimal-wakil/1183193691?i=1183194811&uo=4
Saff One,"Zikir, Doa & Nasyid",Subhanallah Wabihamdihi,2016,Worldwide,https://music.apple.com/my/album/subhanallah-wabihamdihi/1183193691?i=1183196885&uo=4
Saff One,Keagungan (Mustika),Maha Suci Allah,1998,Worldwide,https://music.apple.com/my/album/maha-suci-allah/1455957688?i=1455957908&uo=4
Saff One,Emas Awanan,Al-Mustofa,2003,Islamic,https://music.apple.com/my/album/al-mustofa/1592681338?i=1592681995&uo=4
Saff One,Sebarkan Rahmah - Single,Sebarkan Rahmah,2023,Islamic,https://music.apple.com/my/album/sebarkan-rahmah/1678299516?i=1678299523&uo=4
Saff One,Jenuh - Single,Jenuh,2019,Pop,https://music.apple.com/my/album/jenuh/1451043597?i=1451043598&uo=4
Saff One,Keagungan (Mustika),Doa Khatam Quran,1998,Worldwide,https://music.apple.com/my/album/doa-khatam-quran/1455957688?i=1455957922&uo=4
Saff One,Satu Perjuangan,Ikram,2015,Alternative,https://music.apple.com/my/album/ikram/1452131291?i=1452131295&uo=4
Saff One,Keagungan (Mustika),Cinta Zulaikha,1998,Worldwide,https://music.apple.com/my/album/cinta-zulaikha/1455957688?i=1455957924&uo=4
Saff One,Emas Awanan,Emas Awanan,2003,Islamic,https://music.apple.com/my/album/emas-awanan/1592681338?i=1592682537&uo=4
Saff One,Emas Awanan,Perlukah Aku Khabarkan,2003,Islamic,https://music.apple.com/my/album/perlukah-aku-khabarkan/1592681338?i=1592681738&uo=4
Saff One,Persepsi - Single,Persepsi,2020,Contemporary R&B,https://music.apple.com/my/album/persepsi/1526213068?i=1526213144&uo=4
Saff One,Emas Awanan,Rayuan Nurani,2003,Islamic,https://music.apple.com/my/album/rayuan-nurani/1592681338?i=1592681985&uo=4
Saff One,Anugerah (feat. Razin Mestica) - Single,Anugerah (feat. Razin Mestica),2022,Islamic,https://music.apple.com/my/album/anugerah-feat-razin-mestica/1607971189?i=1607971198&uo=4
Saff One,CINTA - Single,CINTA,2023,Indonesian Religious,https://music.apple.com/my/album/cinta/1693517265?i=1693517669&uo=4
Saff One,"Zikir, Doa & Nasyid",Syukur Dalam Reda (feat. Ustaz Nik Azizan),2016,Worldwide,https://music.apple.com/my/album/syukur-dalam-reda-feat-ustaz-nik-azizan/1183193691?i=1183194602&uo=4
Saff One,Di Syurga Menanti,Isteri Solehah,2002,Islamic,https://music.apple.com/my/album/isteri-solehah/1592686296?i=1592686544&uo=4
Saff One,"Zikir, Doa & Nasyid",Astaghfirullah (feat. Ustaz Nik Azizan),2016,Worldwide,https://music.apple.com/my/album/astaghfirullah-feat-ustaz-nik-azizan/1183193691?i=1183196233&uo=4
Saff One,Di Syurga Menanti,Buta Mata,2002,Islamic,https://music.apple.com/my/album/buta-mata/1592686296?i=1592686560&uo=4
Saff One,Keagungan (Mustika),Bicara Hamba,1998,Worldwide,https://music.apple.com/my/album/bicara-hamba/1455957688?i=1455957905&uo=4
Saff One,"Zikir, Doa & Nasyid",Doa Keluarga Bahagia,2016,Worldwide,https://music.apple.com/my/album/doa-keluarga-bahagia/1183193691?i=1183194956&uo=4
Saff One,"Zikir, Doa & Nasyid",Doa Taubat,2016,Worldwide,https://music.apple.com/my/album/doa-taubat/1183193691?i=1183194583&uo=4
Saff One,Keagungan (Mustika),Hadirlah Kasihmu,1998,Worldwide,https://music.apple.com/my/album/hadirlah-kasihmu/1455957688?i=1455957714&uo=4
Saff One,Di Syurga Menanti,Istighfar,2002,Islamic,https://music.apple.com/my/album/istighfar/1592686296?i=1592686306&uo=4
Saff One,Keagungan (Mustika),Yang Bernama Wanita,1998,Worldwide,https://music.apple.com/my/album/yang-bernama-wanita/1455957688?i=1455957695&uo=4
Saff One,"Zikir, Doa & Nasyid",Astaghfirullaha Innallah Kana Tawwaba,2016,Worldwide,https://music.apple.com/my/album/astaghfirullaha-innallah-kana-tawwaba/1183193691?i=1183194692&uo=4
Saff One,Emas Awanan,Terangkan Hati,2003,Islamic,https://music.apple.com/my/album/terangkan-hati/1592681338?i=1592681981&uo=4
Saff One,"Zikir, Doa & Nasyid",Subhanallah,2016,Worldwide,https://music.apple.com/my/album/subhanallah/1183193691?i=1183195386&uo=4
Saff One,Hanya Sedetik - Single,Hanya Sedetik,2022,Pop/Rock,https://music.apple.com/my/album/hanya-sedetik/1607823738?i=1607823740&uo=4
Saff One,"Zikir, Doa & Nasyid",Glory Be to Allah,2016,Worldwide,https://music.apple.com/my/album/glory-be-to-allah/1183193691?i=1183195848&uo=4
Saff One,Emas Awanan,Sesuci Hati Mashitah,2003,Islamic,https://music.apple.com/my/album/sesuci-hati-mashitah/1592681338?i=1592681762&uo=4
Saff One,Di Syurga Menanti,Di Kamar Sepi,2002,Islamic,https://music.apple.com/my/album/di-kamar-sepi/1592686296?i=1592686554&uo=4
Saff One,Sandaran Cinta - Single,Sandaran Cinta,2005,Islamic,https://music.apple.com/my/album/sandaran-cinta/1592674019?i=1592674424&uo=4
Saff One,Emas Awanan,Zikir,2003,Islamic,https://music.apple.com/my/album/zikir/1592681338?i=1592682530&uo=4
Saff One,"Zikir, Doa & Nasyid",Dengan NamaMu,2016,Worldwide,https://music.apple.com/my/album/dengan-namamu/1183193691?i=1183196586&uo=4
Saff One & MAINJ,Mengukir Senyuman - Single,Mengukir Senyuman,2023,Islamic,https://music.apple.com/my/album/mengukir-senyuman/1716168941?i=1716169162&uo=4
Saff One & MAINJ,Hikmah Memberi - Single,Hikmah Memberi,2025,Islamic,https://music.apple.com/my/album/hikmah-memberi/1800176323?i=1800176480&uo=4
Saff One,Sandaran Cinta - Single,Camar Kelukaan,2005,Islamic,https://music.apple.com/my/album/camar-kelukaan/1592674019?i=1592674023&uo=4
Saff One,Zikir Nurani - EP,Doa Arafah,2025,Islamic,https://music.apple.com/my/album/doa-arafah/1797507791?i=1797507794&uo=4
Saff One,Di Syurga Menanti,Secerah Pawana,2002,Islamic,https://music.apple.com/my/album/secerah-pawana/1592686296?i=1592686313&uo=4
Saff One,Di Syurga Menanti,Di Syurga Menanti,2002,Islamic,https://music.apple.com/my/album/di-syurga-menanti/1592686296?i=1592686792&uo=4
Saff One,Di Syurga Menanti,Rembulan Kesiangan,2002,Islamic,https://music.apple.com/my/album/rembulan-kesiangan/1592686296?i=1592686778&uo=4
Saff One,Zikir Nurani - EP,Doa Mula Belajar,2025,Islamic,https://music.apple.com/my/album/doa-mula-belajar/1797507791?i=1797508255&uo=4
Saff One,Di Syurga Menanti,Srikandi Pertama,2002,Islamic,https://music.apple.com/my/album/srikandi-pertama/1592686296?i=1592686542&uo=4
Saff One,Emas Awanan,Seri Seorang Isteri,2003,Islamic,https://music.apple.com/my/album/seri-seorang-isteri/1592681338?i=1592682368&uo=4
Saff One,Manis - Single,Manis,2025,Pop,https://music.apple.com/my/album/manis/1856201875?i=1856201967&uo=4
Saff One,Di Syurga Menanti,Sekilas Pandang (feat. Saujana),2002,Islamic,https://music.apple.com/my/album/sekilas-pandang-feat-saujana/1592686296?i=1592686316&uo=4
Saff One,Emas Awanan,Nur Di Hati,2003,Islamic,https://music.apple.com/my/album/nur-di-hati/1592681338?i=1592681749&uo=4
Saff One,Emas Awanan,Kembali Pada-Mu,2003,Islamic,https://music.apple.com/my/album/kembali-pada-mu/1592681338?i=1592682393&uo=4
"Saff One, Zaidie Wildan, SHIDEE KHAYRAN & Izmir Fareez",Maaf Raya Kosong-kosong - Single,Maaf Raya Kosong-kosong,2024,Asia,https://music.apple.com/my/album/maaf-raya-kosong-kosong/1739978199?i=1739978201&uo=4
Saff One,Satu Perjuangan,Wawasan Wanita Ikram,2015,Alternative,https://music.apple.com/my/album/wawasan-wanita-ikram/1452131291?i=1452131305&uo=4
Saff One,Zikir Nurani - EP,Doa Kemudahan & Murah Rezeki,2025,Islamic,https://music.apple.com/my/album/doa-kemudahan-murah-rezeki/1797507791?i=1797508251&uo=4
Saff One,Emas Awanan,Nikmat Pagi,2003,Islamic,https://music.apple.com/my/album/nikmat-pagi/1592681338?i=1592682001&uo=4
Saff One,Keagungan (Mustika),Balada Insan Berdosa,1998,Worldwide,https://music.apple.com/my/album/balada-insan-berdosa/1455957688?i=1455957901&uo=4
"Saff One, Zaidie Wildan, Intisor & Dzikri Jheewa",Sallim Wa Baarik - Single,Sallim Wa Baarik,2024,Islamic,https://music.apple.com/my/album/sallim-wa-baarik/1768221954?i=1768221971&uo=4
Saff One,Keagungan (Mustika),Setianya Kasihmu,1998,Worldwide,https://music.apple.com/my/album/setianya-kasihmu/1455957688?i=1455957914&uo=4
Saff One,Di Syurga Menanti,Ibadah,2002,Islamic,https://music.apple.com/my/album/ibadah/1592686296?i=1592686564&uo=4
Saff One,Keagungan (Mustika),Kenangan Semalam,1998,Worldwide,https://music.apple.com/my/album/kenangan-semalam/1455957688?i=1455957703&uo=4
Saff One,Satu Perjuangan,Cita Perjuangan,2015,Alternative,https://music.apple.com/my/album/cita-perjuangan/1452131291?i=1452131403&uo=4
Saff One,Di Syurga Menanti,Ibu,2002,Islamic,https://music.apple.com/my/album/ibu/1592686296?i=1592686800&uo=4
Saff One,Emas Awanan,Permata Hati,2003,Islamic,https://music.apple.com/my/album/permata-hati/1592681338?i=1592682521&uo=4
Saff One,Zikir Nurani - EP,Zikir Subhanallah Walhamdulillah Allahuakbar,2025,Islamic,https://music.apple.com/my/album/zikir-subhanallah-walhamdulillah-allahuakbar/1797507791?i=1797508259&uo=4
"Saff One, Zeyad & Muharrik",Satu Perjuangan,Wanita Ikram Pemacu Islah,2015,Alternative,https://music.apple.com/my/album/wanita-ikram-pemacu-islah/1452131291?i=1452131298&uo=4
Saff One,Satu Perjuangan,Demi Masa,2015,Alternative,https://music.apple.com/my/album/demi-masa/1452131291?i=1452131409&uo=4
Saff One,MOVE ON - Single,MOVE ON,2026,Pop,https://music.apple.com/my/album/move-on/6791977485?i=6791977500&uo=4
Saff One,Akulah Hamba - Single,Akulah Hamba,2025,Islamic,https://music.apple.com/my/album/akulah-hamba/1800406642?i=1800406649&uo=4
Saff One,Keagungan (Mustika),Ujian,1998,Worldwide,https://music.apple.com/my/album/ujian/1455957688?i=1455957708&uo=4
Saff One,Sandaran Cinta - Single,Kembali Pada-Mu 2005,2005,Islamic,https://music.apple.com/my/album/kembali-pada-mu-2005/1592674019?i=1592674480&uo=4
Saff One,Koleksi Istimewa Telaga Biru - EP,Insan Sepanjang Zaman,2001,Islamic,https://music.apple.com/my/album/insan-sepanjang-zaman/1594607987?i=1594607999&uo=4
Saff One,Satu Perjuangan,Ikram (Minus One),2015,Alternative,https://music.apple.com/my/album/ikram-minus-one/1452131291?i=1452131413&uo=4
"Soutul Amal, Saff One, Wildan & Nocout",Terima Kasih Negaraku - Single,Terima Kasih Negaraku,2022,Downtempo,https://music.apple.com/my/album/terima-kasih-negaraku/1636403763?i=1636403775&uo=4
"Saff One, Zeyad & Muharrik",Satu Perjuangan,Wanita Ikram Pemacu Islah (Minus One),2015,Alternative,https://music.apple.com/my/album/wanita-ikram-pemacu-islah-minus-one/1452131291?i=1452131414&uo=4
Saff One,Alunan Selawat & Zikir,Harapan Subur Kembali (Acapella),2008,Worldwide,https://music.apple.com/my/album/harapan-subur-kembali-acapella/1727022412?i=1727022878&uo=4
Saff One,Alunan Selawat & Zikir,Rasul Ibarat Bulan Purnama (Acapella),2008,Worldwide,https://music.apple.com/my/album/rasul-ibarat-bulan-purnama-acapella/1727022412?i=1727023447&uo=4
"Zaidie Wildan, SHIDEE KHAYRAN & Qhaleed Saff One",Berdamai Dengan Takdir - Single,Berdamai Dengan Takdir,2024,Islamic,https://music.apple.com/my/album/berdamai-dengan-takdir/1737676375?i=1737676378&uo=4
Qhaleed Saff One,Mencintai-Mu Sepenuh Jiwa - Single,Mencintai-Mu Sepenuh Jiwa,2026,Indonesian Religious,https://music.apple.com/my/album/mencintai-mu-sepenuh-jiwa/6786150527?i=6786150536&uo=4
Simfoni,Talbiah - Single,Talbiah,2020,Islamic,https://music.apple.com/my/album/talbiah/1525487988?i=1525487993&uo=4
Simfoni,Terus (feat. Ezad Lazim) - Single,Terus (feat. Ezad Lazim),2021,Asia,https://music.apple.com/my/album/terus-feat-ezad-lazim/1561901662?i=1561901858&uo=4
Simfoni,Mencari Cinta Hakiki,Hakikat Cinta,2013,Worldwide,https://music.apple.com/my/album/hakikat-cinta/1618210942?i=1618211141&uo=4
Simfoni & Simfoni Imq,Nasyid-Nasyid Viral (Kompilasi Terbaik Unicdotmy Pro),Insan Terulung,2016,Worldwide,https://music.apple.com/my/album/insan-terulung/1618617110?i=1618617696&uo=4
Simfoni,Ana Muslim - Single,Ana Muslim,2016,Pop,https://music.apple.com/my/album/ana-muslim/1618183791?i=1618183797&uo=4
Simfoni,Mengalir Ke Syurga (feat. Heliza Helmi) - EP,Flow to Jannah,2017,Pop,https://music.apple.com/my/album/flow-to-jannah/1618210943?i=1618211219&uo=4
Simfoni & Afad,Rahsia Dari Langit - Single,Rahsia Dari Langit,2020,Islamic,https://music.apple.com/my/album/rahsia-dari-langit/1548228142?i=1548228143&uo=4
UNIC & Simfoni,Pesona Ramadhan - Single,Pesona Ramadhan,2014,Worldwide,https://music.apple.com/my/album/pesona-ramadhan/1618293106?i=1618293112&uo=4
Simfoni,Mencari Cinta Hakiki,Insan Terulung (feat. Imq) [feat. Imq],2013,Worldwide,https://music.apple.com/my/album/insan-terulung-feat-imq-feat-imq/1618210942?i=1618211214&uo=4
Simfoni,Lebaran Kita - Single,Lebaran Kita,2026,Malaysian Pop,https://music.apple.com/my/album/lebaran-kita/1880140976?i=1880140980&uo=4
Simfoni,Mencari Cinta Hakiki,Zikir,2013,Worldwide,https://music.apple.com/my/album/zikir/1618210942?i=1618211224&uo=4
Simfoni,Mencari Cinta Hakiki,Law Kaana Bainana,2013,Worldwide,https://music.apple.com/my/album/law-kaana-bainana/1618210942?i=1618210954&uo=4
Simfoni,Mencari Cinta Hakiki,Mencari Keampunan Ilahi,2013,Worldwide,https://music.apple.com/my/album/mencari-keampunan-ilahi/1618210942?i=1618211202&uo=4
Simfoni,Mengalir Ke Syurga (feat. Heliza Helmi) - EP,Mengalir Ke Syurga (Instrumental Version),2017,Pop,https://music.apple.com/my/album/mengalir-ke-syurga-instrumental-version/1618210943?i=1618211652&uo=4
Simfoni,Mencari Cinta Hakiki,Anwarul Islam,2013,Worldwide,https://music.apple.com/my/album/anwarul-islam/1618210942?i=1618211445&uo=4
Simfoni,Talbiah - Single,Talbiah (Acoustic),2020,Islamic,https://music.apple.com/my/album/talbiah-acoustic/1525487988?i=1525488000&uo=4
Simfoni,Talbiah - Single,Talbiah (Instrumental),2020,Islamic,https://music.apple.com/my/album/talbiah-instrumental/1525487988?i=1525488403&uo=4
Simfoni,Mengalir Ke Syurga (feat. Heliza Helmi) - EP,Mengalir Ke Syurga (feat. Heliza Helmi) [feat. Heliza Helmi],2017,Pop,https://music.apple.com/my/album/mengalir-ke-syurga-feat-heliza-helmi-feat-heliza-helmi/1618210943?i=1618211147&uo=4
Simfoni,Mencari Cinta Hakiki,Kasihmu Ayah Ibu,2013,Worldwide,https://music.apple.com/my/album/kasihmu-ayah-ibu/1618210942?i=1618211439&uo=4
Simfoni,Mencari Cinta Hakiki,Sedarlah Puteri,2013,Worldwide,https://music.apple.com/my/album/sedarlah-puteri/1618210942?i=1618211453&uo=4
Simfoni,Mengalir Ke Syurga - EP,Mengalir Ke Syurga (feat. Heliza Helmi),2017,Pop,https://music.apple.com/my/album/mengalir-ke-syurga-feat-heliza-helmi/1566929619?i=1566929625&uo=4
Simfoni,Mengalir Ke Syurga (feat. Heliza Helmi) - EP,Mengalir Ke Syurga (Acoustic Version) [feat. Heliza Helmi] [feat. Heliza Helmi],2017,Pop,https://music.apple.com/my/album/mengalir-ke-syurga-acoustic-version-feat-heliza-helmi/1618210943?i=1618211446&uo=4
Simfoni,Mengalir Ke Syurga (feat. Heliza Helmi) - EP,Mengalir Ke Syurga (String Version and No Vocal),2017,Pop,https://music.apple.com/my/album/mengalir-ke-syurga-string-version-and-no-vocal/1618210943?i=1618211662&uo=4
Simfoni,Mengalir Ke Syurga (feat. Heliza Helmi) - EP,Mengalir Ke Syurga (Minus One),2017,Pop,https://music.apple.com/my/album/mengalir-ke-syurga-minus-one/1618210943?i=1618211460&uo=4
Orkestra Simfoni & Koir Sekolah Seni Malaysia Perak,Moh Beraya 2021 (feat. Harry Khalifah) - Single,Moh Beraya 2021 (feat. Harry Khalifah),2021,Malaysian Pop,https://music.apple.com/my/album/moh-beraya-2021-feat-harry-khalifah/1569761050?i=1569761063&uo=4
Simfoni,Mengalir Ke Syurga - EP,Mengalir Ke Syurga (Acoustic Version) [feat. Heliza Helmi],2017,Pop,https://music.apple.com/my/album/mengalir-ke-syurga-acoustic-version-feat-heliza-helmi/1566929619?i=1566929630&uo=4
Imtiaz Simfoni,Kasih Baginda - Single,Kasih Baginda,2026,Pop,https://music.apple.com/my/album/kasih-baginda/6797853075?i=6797853076&uo=4
Simfoni Ketiak Berachun,Sajak Percaya - Single,Sajak Percaya,2021,Alternative,https://music.apple.com/my/album/sajak-percaya/1582052559?i=1582052567&uo=4
SINA (Simfoni Nasyid),Ramadhan Move On - Single,Ramadhan Move On,2022,Pop,https://music.apple.com/my/album/ramadhan-move-on/1685720386?i=1685720389&uo=4
Orkestra Simfoni Shanghai,Simfoni Gemilang,Di Persimpangan Dilema,1997,Instrumental,https://music.apple.com/my/album/di-persimpangan-dilema/1884274222?i=1884274231&uo=4
Orkestra Simfoni Shanghai,Simfoni Gemilang,Lamunan Terhenti,1997,Instrumental,https://music.apple.com/my/album/lamunan-terhenti/1884274222?i=1884274446&uo=4
"Acap Fine, Imtiaz Simfoni, Rahman Jernih & Irfan Jernih",Hey Hey Raya - Single,Hey Hey Raya,2026,Asia,https://music.apple.com/my/album/hey-hey-raya/1884111407?i=1884111414&uo=4
Munif Ahmad,"Nur Zikrullah, Vol. 5: The Best of Selawat",Selawat Syifa',2015,Worldwide,https://music.apple.com/my/album/selawat-syifa/994607151?i=994607989&uo=4
Munif Ahmad,"Himpunan Zikir, Doa & Selawat Harian",Asmaul Husna,2014,Worldwide,https://music.apple.com/my/album/asmaul-husna/990513899?i=990513902&uo=4
Munif Ahmad,"Himpunan Zikir, Doa & Selawat Harian",Zikir Hasbi Rabbi,2014,Worldwide,https://music.apple.com/my/album/zikir-hasbi-rabbi/990513899?i=990514809&uo=4
Munif Ahmad,"Himpunan Zikir, Doa & Selawat Harian",Zikir Ya Zaljalal,2014,Worldwide,https://music.apple.com/my/album/zikir-ya-zaljalal/990513899?i=990514814&uo=4
Munif Ahmad,"Himpunan Zikir, Doa & Selawat Harian",Zikir Ya Latif,2014,Worldwide,https://music.apple.com/my/album/zikir-ya-latif/990513899?i=990514819&uo=4
Munif Ahmad,"Himpunan Zikir, Doa & Selawat Harian",Zikir Subhanallah Wa Bihamdihi,2014,Worldwide,https://music.apple.com/my/album/zikir-subhanallah-wa-bihamdihi/990513899?i=990514817&uo=4
Munif Ahmad,"Himpunan Zikir, Doa & Selawat Harian",Zikir Tasbih Fatimah,2014,Worldwide,https://music.apple.com/my/album/zikir-tasbih-fatimah/990513899?i=990514813&uo=4
Munif Ahmad,"Himpunan Zikir, Doa & Selawat Harian","Doa Pagi, Pt. 1",2014,Worldwide,https://music.apple.com/my/album/doa-pagi-pt-1/990513899?i=990514807&uo=4
Munif Ahmad,"Himpunan Zikir, Doa & Selawat Harian",Zikir Allah Maha Pengampun & Penyayang,2014,Worldwide,https://music.apple.com/my/album/zikir-allah-maha-pengampun-penyayang/990513899?i=990514808&uo=4
Munif Ahmad,"Himpunan Zikir, Doa & Selawat Harian","Doa Pagi, Pt. 3",2014,Worldwide,https://music.apple.com/my/album/doa-pagi-pt-3/990513899?i=990514816&uo=4
Munif Ahmad,"Himpunan Zikir, Doa & Selawat Harian",Doa Taubat,2014,Worldwide,https://music.apple.com/my/album/doa-taubat/990513899?i=990514810&uo=4
Munif Ahmad,"Himpunan Zikir, Doa & Selawat Harian","Doa Pagi, Pt. 2",2014,Worldwide,https://music.apple.com/my/album/doa-pagi-pt-2/990513899?i=990514812&uo=4
Munif Ahmad,"Himpunan Zikir, Doa & Selawat Harian",Solawatul Karim,2014,Worldwide,https://music.apple.com/my/album/solawatul-karim/990513899?i=990514811&uo=4
Munif Ahmad,"Himpunan Zikir, Doa & Selawat Harian",Zikir Lailahaillallah,2014,Worldwide,https://music.apple.com/my/album/zikir-lailahaillallah/990513899?i=990514820&uo=4
Munif Ahmad,"Himpunan Zikir, Doa & Selawat Harian",Zikir Pelindung,2014,Worldwide,https://music.apple.com/my/album/zikir-pelindung/990513899?i=990514821&uo=4
Munif Ahmad,"Himpunan Zikir, Doa & Selawat Harian",Zikir Ya Allah,2014,Worldwide,https://music.apple.com/my/album/zikir-ya-allah/990513899?i=990514818&uo=4
Munif Ahmad,"Himpunan Zikir, Doa & Selawat Harian",Zikir Istighfar,2014,Worldwide,https://music.apple.com/my/album/zikir-istighfar/990513899?i=990514815&uo=4
Munif Ahmad,"Himpunan Zikir, Doa & Selawat Harian",Zikir Nama-Nama Allah,2014,Worldwide,https://music.apple.com/my/album/zikir-nama-nama-allah/990513899?i=990514822&uo=4
Munif Ahmad,"Nur Zikrullah, Vol. 5: The Best of Selawat",Selawat Badriyah,2015,Worldwide,https://music.apple.com/my/album/selawat-badriyah/994607151?i=994607164&uo=4
Munif Ahmad,"Himpunan Zikir, Doa & Selawat Harian",Rindu Cahaya Cinta (feat. The Muhibbain),2014,Adult Contemporary,https://music.apple.com/my/album/rindu-cahaya-cinta-feat-the-muhibbain/990513899?i=990514823&uo=4
Munif Ahmad,Penawar Hati 7 (Rhytm Of Soul - Zikrullah),Astaghfirullah Rabbal Baraya,2013,Worldwide,https://music.apple.com/my/album/astaghfirullah-rabbal-baraya/1764286543?i=1764286547&uo=4
Munif Ahmad,"Nur Zikrullah, Vol. 4: The Best of Zikrullah","Zikir Bismillahillazi, Pt. 1",2015,Worldwide,https://music.apple.com/my/album/zikir-bismillahillazi-pt-1/994605581?i=994605592&uo=4
Munif Ahmad,Nostalgia Lagenda Nada Murni Vol. 2,Selawat,2015,Pop,https://music.apple.com/my/album/selawat/1594329548?i=1594329555&uo=4
Munif Ahmad,Penawar Hati 9 (Rhythm of Selawat),Selawat Tafrijiyyah,2024,Worldwide,https://music.apple.com/my/album/selawat-tafrijiyyah/1725247666?i=1725247853&uo=4
Munif Ahmad,Himpunan Doa & Zikir Taubat Rintihan Seorang Hamba,Doa Jauhi Azab Api Neraka 1,2014,Pop,https://music.apple.com/my/album/doa-jauhi-azab-api-neraka-1/1442325195?i=1442325205&uo=4
Munif Ahmad,Penawar Hati 7 (Rhytm Of Soul - Zikrullah),Hasbi Rabbi,2013,Worldwide,https://music.apple.com/my/album/hasbi-rabbi/1764286543?i=1764286692&uo=4
Munif Ahmad,"Nur Zikrullah, Vol. 5: The Best of Selawat",Selawat Badawi,2015,Worldwide,https://music.apple.com/my/album/selawat-badawi/994607151?i=994607981&uo=4
Munif Ahmad,Penawar Hati 9 (Rhythm of Selawat),Selawat Jibril,2024,Worldwide,https://music.apple.com/my/album/selawat-jibril/1725247666?i=1725248068&uo=4
Munif Ahmad,Bacaan & Terjemahan Yaasin,Surah Yaasin,2015,Worldwide,https://music.apple.com/my/album/surah-yaasin/994414166?i=994414169&uo=4
Munif Ahmad,Himpunan Doa & Zikir Taubat Rintihan Seorang Hamba,Zikir Taubat 1,2014,Pop,https://music.apple.com/my/album/zikir-taubat-1/1442325195?i=1442325211&uo=4
Munif Ahmad,Himpunan Doa & Zikir Taubat Rintihan Seorang Hamba,Zikir Istighfar 3,2014,Pop,https://music.apple.com/my/album/zikir-istighfar-3/1442325195?i=1442325213&uo=4
Syeikh Karim & Munif Ahmad,"Nur Zikrullah, Vol. 5: The Best of Selawat",Nurul Mustofa,2015,Worldwide,https://music.apple.com/my/album/nurul-mustofa/994607151?i=994608000&uo=4
Munif Ahmad,Penawar Hati 5 (Alunan Selawat Utama),Selawat Badriah,2014,Worldwide,https://music.apple.com/my/album/selawat-badriah/1764286690?i=1764287068&uo=4
Munif Ahmad,Penawar Hati 9 (Rhythm of Selawat),Selawat Badar,2024,Worldwide,https://music.apple.com/my/album/selawat-badar/1725247666?i=1725247861&uo=4
Munif Ahmad,Himpunan Doa & Zikir Taubat Rintihan Seorang Hamba,Doa Ibu Istighfar,2014,Pop,https://music.apple.com/my/album/doa-ibu-istighfar/1442325195?i=1442325383&uo=4
Munif Ahmad,"Nur Zikrullah, Vol. 5: The Best of Selawat",Selawat Dawam,2015,Worldwide,https://music.apple.com/my/album/selawat-dawam/994607151?i=994607985&uo=4
Munif Ahmad,Munajat Qiamullail (Penawar Hati 8),Sayyidul Istighfar,2023,Islamic,https://music.apple.com/my/album/sayyidul-istighfar/1676436937?i=1676437270&uo=4
Munif Ahmad,"Nur Zikrullah, Vol. 5: The Best of Selawat","Selawat Lazim, Pt. 3",2015,Worldwide,https://music.apple.com/my/album/selawat-lazim-pt-3/994607151?i=994607997&uo=4
Munif Ahmad,"Nur Zikrullah, Vol. 9: Alunan Zikir Al-Ma'Thurat Kubro & Sughro","Zikir, Pt. 8",2015,Worldwide,https://music.apple.com/my/album/zikir-pt-8/994413508?i=994413916&uo=4
Munif Ahmad,"Nur Zikrullah, Vol. 5: The Best of Selawat",Selawat Al-Karim,2015,Worldwide,https://music.apple.com/my/album/selawat-al-karim/994607151?i=994607993&uo=4
Munif Ahmad,Bacaan & Terjemahan Yaasin,Surah Al-Fatihah,2015,Worldwide,https://music.apple.com/my/album/surah-al-fatihah/994414166?i=994414167&uo=4
Munif Ahmad,Munajat Qiamullail (Penawar Hati 8),Tasbih Tahmid Tahlil Takbir,2023,Islamic,https://music.apple.com/my/album/tasbih-tahmid-tahlil-takbir/1676436937?i=1676437250&uo=4
Munif Ahmad,"Nur Zikrullah, Vol. 4: The Best of Zikrullah",Zikir Lailahaillallah & Astaghfirullah,2015,Worldwide,https://music.apple.com/my/album/zikir-lailahaillallah-astaghfirullah/994605581?i=994605604&uo=4
Munif Ahmad,Penawar Hati 7 (Rhytm Of Soul - Zikrullah),Ya Zaljalal,2013,Worldwide,https://music.apple.com/my/album/ya-zaljalal/1764286543?i=1764286669&uo=4
Munif Ahmad,Himpunan Zikir & Doa Hati,Zikir Allahu Latif,2014,Pop,https://music.apple.com/my/album/zikir-allahu-latif/1442463947?i=1442464328&uo=4
Munif Ahmad,"Nur Zikrullah, Vol. 9: Alunan Zikir Al-Ma'Thurat Kubro & Sughro","Zikir, Pt. 1",2015,Worldwide,https://music.apple.com/my/album/zikir-pt-1/994413508?i=994413909&uo=4
Munif Ahmad,"Nur Zikrullah, Vol. 9: Alunan Zikir Al-Ma'Thurat Kubro & Sughro","Zikir, Pt. 2",2015,Worldwide,https://music.apple.com/my/album/zikir-pt-2/994413508?i=994413910&uo=4
Munif Ahmad,"Nur Zikrullah, Vol. 9: Alunan Zikir Al-Ma'Thurat Kubro & Sughro","Zikir, Pt. 17",2015,Worldwide,https://music.apple.com/my/album/zikir-pt-17/994413508?i=994413926&uo=4
Munif Ahmad,Penawar Hati 7 (Rhytm Of Soul - Zikrullah),Tubna Ilallah,2013,Worldwide,https://music.apple.com/my/album/tubna-ilallah/1764286543?i=1764286675&uo=4
Munif Ahmad,"Nur Zikrullah, Vol. 9: Alunan Zikir Al-Ma'Thurat Kubro & Sughro","Zikir, Pt. 12",2015,Worldwide,https://music.apple.com/my/album/zikir-pt-12/994413508?i=994413920&uo=4
Munif Ahmad,"Nur Zikrullah, Vol. 9: Alunan Zikir Al-Ma'Thurat Kubro & Sughro","Zikir, Pt. 3",2015,Worldwide,https://music.apple.com/my/album/zikir-pt-3/994413508?i=994413911&uo=4
Munif Ahmad,Penawar Hati 9 (Rhythm of Selawat),Selawat Nabi,2024,Worldwide,https://music.apple.com/my/album/selawat-nabi/1725247666?i=1725248084&uo=4
Munif Ahmad,"Nur Zikrullah, Vol. 9: Alunan Zikir Al-Ma'Thurat Kubro & Sughro","Zikir, Pt. 5",2015,Worldwide,https://music.apple.com/my/album/zikir-pt-5/994413508?i=994413913&uo=4
Munif Ahmad,"Nur Zikrullah, Vol. 9: Alunan Zikir Al-Ma'Thurat Kubro & Sughro","Zikir, Pt. 11",2015,Worldwide,https://music.apple.com/my/album/zikir-pt-11/994413508?i=994413919&uo=4
Munif Ahmad,"Nur Zikrullah, Vol. 9: Alunan Zikir Al-Ma'Thurat Kubro & Sughro","Zikir, Pt. 18",2015,Worldwide,https://music.apple.com/my/album/zikir-pt-18/994413508?i=994413927&uo=4
Munif Ahmad,"Nur Zikrullah, Vol. 9: Alunan Zikir Al-Ma'Thurat Kubro & Sughro","Zikir, Pt. 4",2015,Worldwide,https://music.apple.com/my/album/zikir-pt-4/994413508?i=994413912&uo=4
Munif Ahmad,"Nur Zikrullah, Vol. 9: Alunan Zikir Al-Ma'Thurat Kubro & Sughro","Zikir, Pt. 6",2015,Worldwide,https://music.apple.com/my/album/zikir-pt-6/994413508?i=994413914&uo=4
Munif Ahmad,"Nur Zikrullah, Vol. 9: Alunan Zikir Al-Ma'Thurat Kubro & Sughro","Zikir, Pt. 7",2015,Worldwide,https://music.apple.com/my/album/zikir-pt-7/994413508?i=994413915&uo=4
Munif Ahmad,Penawar Hati 7 (Rhytm Of Soul - Zikrullah),Ya Latif,2013,Worldwide,https://music.apple.com/my/album/ya-latif/1764286543?i=1764286679&uo=4
Munif Ahmad,Penawar Hati 10 (Zikir Taubat),Zikir Taubat,2024,Worldwide,https://music.apple.com/my/album/zikir-taubat/1735266395?i=1735266668&uo=4
Munif Ahmad,"Nur Zikrullah, Vol. 9: Alunan Zikir Al-Ma'Thurat Kubro & Sughro","Zikir, Pt. 9",2015,Worldwide,https://music.apple.com/my/album/zikir-pt-9/994413508?i=994413917&uo=4
Munif Ahmad,"Nur Zikrullah, Vol. 9: Alunan Zikir Al-Ma'Thurat Kubro & Sughro","Zikir, Pt. 10",2015,Worldwide,https://music.apple.com/my/album/zikir-pt-10/994413508?i=994413918&uo=4
Munif Ahmad,"Nur Zikrullah, Vol. 9: Alunan Zikir Al-Ma'Thurat Kubro & Sughro","Zikir, Pt. 13",2015,Worldwide,https://music.apple.com/my/album/zikir-pt-13/994413508?i=994413921&uo=4
Munif Ahmad,"Nur Zikrullah, Vol. 9: Alunan Zikir Al-Ma'Thurat Kubro & Sughro","Zikir, Pt. 14",2015,Worldwide,https://music.apple.com/my/album/zikir-pt-14/994413508?i=994413922&uo=4
Munif Ahmad,"Nur Zikrullah, Vol. 4: The Best of Zikrullah","Zikir Munajat, Pt. 1",2015,Worldwide,https://music.apple.com/my/album/zikir-munajat-pt-1/994605581?i=994606051&uo=4
Munif Ahmad,"Nur Zikrullah, Vol. 9: Alunan Zikir Al-Ma'Thurat Kubro & Sughro","Zikir, Pt. 16",2015,Worldwide,https://music.apple.com/my/album/zikir-pt-16/994413508?i=994413925&uo=4
Munif Ahmad,"Nur Zikrullah, Vol. 9: Alunan Zikir Al-Ma'Thurat Kubro & Sughro","Zikir, Pt. 15",2015,Worldwide,https://music.apple.com/my/album/zikir-pt-15/994413508?i=994413924&uo=4
Munif Ahmad,"Nur Zikrullah, Vol. 9: Alunan Zikir Al-Ma'Thurat Kubro & Sughro","Zikir, Pt. 19",2015,Worldwide,https://music.apple.com/my/album/zikir-pt-19/994413508?i=994413928&uo=4
Munif Ahmad,"Nur Zikrullah, Vol. 9: Alunan Zikir Al-Ma'Thurat Kubro & Sughro","Zikir, Pt. 20",2015,Worldwide,https://music.apple.com/my/album/zikir-pt-20/994413508?i=994413929&uo=4
Munif Ahmad,Penawar Hati 7 (Rhytm Of Soul - Zikrullah),Ya Tawwab,2013,Worldwide,https://music.apple.com/my/album/ya-tawwab/1764286543?i=1764286673&uo=4
Munif Ahmad,Penawar Hati 7 (Rhytm Of Soul - Zikrullah),Subhanallah,2013,Worldwide,https://music.apple.com/my/album/subhanallah/1764286543?i=1764286941&uo=4
Munif Ahmad,Penawar Hati 10 (Zikir Taubat),Zikir Astaghfirullah Robbal Baroya,2024,Worldwide,https://music.apple.com/my/album/zikir-astaghfirullah-robbal-baroya/1735266395?i=1735266651&uo=4
Munif Ahmad,Penawar Hati 7 (Rhytm Of Soul - Zikrullah),Lailahaillallah,2013,Worldwide,https://music.apple.com/my/album/lailahaillallah/1764286543?i=1764286945&uo=4
Munif Ahmad,Penawar Hati 7 (Rhytm Of Soul - Zikrullah),Ya Allah,2013,Worldwide,https://music.apple.com/my/album/ya-allah/1764286543?i=1764286695&uo=4
Munif Ahmad,Bacaan & Terjemahan Yaasin,Doa Yaasin,2015,Worldwide,https://music.apple.com/my/album/doa-yaasin/994414166?i=994414170&uo=4
Munif Ahmad,Himpunan Zikir & Doa Hati,Zikir Tauhid,2014,Pop,https://music.apple.com/my/album/zikir-tauhid/1442463947?i=1442464312&uo=4
Munif Ahmad,Penawar Hati 9 (Rhythm of Selawat),Selawat Taslim (Walimatul Urus),2024,Worldwide,https://music.apple.com/my/album/selawat-taslim-walimatul-urus/1725247666?i=1725247869&uo=4
Munif Ahmad,Bacaan & Terjemahan Yaasin,Terjemahan Surah Al-Fatihah,2015,Worldwide,https://music.apple.com/my/album/terjemahan-surah-al-fatihah/994414166?i=994414168&uo=4
Munif Ahmad,Penawar Hati 9 (Rhythm of Selawat),Sahabat Selawat,2024,Worldwide,https://music.apple.com/my/album/sahabat-selawat/1725247666?i=1725247850&uo=4
Munif Ahmad,Bacaan & Terjemahan Yaasin,Surah Yaasin & Terjemahan,2015,Worldwide,https://music.apple.com/my/album/surah-yaasin-terjemahan/994414166?i=994414172&uo=4
Munif Ahmad,"Nur Zikrullah, Vol. 4: The Best of Zikrullah",Zikir Tubna,2015,Worldwide,https://music.apple.com/my/album/zikir-tubna/994605581?i=994606115&uo=4
Munif Ahmad,Penawar Hati 3 (15 Doa Senjata Mukmin),Doa Memohon Dipermudahkan Segala Urusan,2015,Worldwide,https://music.apple.com/my/album/doa-memohon-dipermudahkan-segala-urusan/1764286575?i=1764286770&uo=4
Munif Ahmad,Penawar Hati 9 (Rhythm of Selawat),Selawat Fateh,2024,Worldwide,https://music.apple.com/my/album/selawat-fateh/1725247666?i=1725248074&uo=4
Haikal Munif & Munif Ahmad,"Nur Zikrullah, Vol. 11: Zikir-Zikir Cilik",Agung Ciptaannya,2015,Worldwide,https://music.apple.com/my/album/agung-ciptaannya/994596499?i=994597188&uo=4
Munif Ahmad,Penawar Hati 9 (Rhythm of Selawat),Selawat Nuril Mubin,2024,Worldwide,https://music.apple.com/my/album/selawat-nuril-mubin/1725247666?i=1725248076&uo=4
Munif Ahmad,"Nur Zikrullah, Vol. 4: The Best of Zikrullah","Zikir Munajat, Pt. 2",2015,Worldwide,https://music.apple.com/my/album/zikir-munajat-pt-2/994605581?i=994606123&uo=4
Munif Ahmad,Nostalgia Lagenda Nada Murni Vol. 2,Ya Nabi Salamun 'Alaik,2015,Pop,https://music.apple.com/my/album/ya-nabi-salamun-alaik/1594329548?i=1594329556&uo=4
Munif Ahmad,Bacaan & Terjemahan Yaasin,Terjemahan Doa Yaasin,2015,Worldwide,https://music.apple.com/my/album/terjemahan-doa-yaasin/994414166?i=994414171&uo=4
Munif Ahmad,Penawar Hati 10 (Zikir Taubat),Zikir Ilahilastulil Firdaus,2024,Worldwide,https://music.apple.com/my/album/zikir-ilahilastulil-firdaus/1735266395?i=1735266897&uo=4
Munif Ahmad,Penawar Hati 4 (Alunan Istighfar & Zikir Taubat),Istighfar 2,2015,Worldwide,https://music.apple.com/my/album/istighfar-2/1764286426?i=1764286884&uo=4
Munif Ahmad,Penawar Hati 4 (Alunan Istighfar & Zikir Taubat),Istighfar 1,2014,Worldwide,https://music.apple.com/my/album/istighfar-1/1764286426?i=1764286879&uo=4
Munif Ahmad,Penawar Hati 9 (Rhythm of Selawat),Selawat Hadrah,2024,Worldwide,https://music.apple.com/my/album/selawat-hadrah/1725247666?i=1725248083&uo=4
Munif Ahmad,Penawar Hati 9 (Rhythm of Selawat),Solla A'laikallah,2024,Worldwide,https://music.apple.com/my/album/solla-alaikallah/1725247666?i=1725248075&uo=4
Munif Ahmad,Himpunan Zikir & Doa Hati,Zikir Tasbih,2015,Pop,https://music.apple.com/my/album/zikir-tasbih/1442463947?i=1442464317&uo=4
Munif Ahmad,Penawar Hati 10 (Zikir Taubat),Zikir La Ilaha Illallah,2024,Worldwide,https://music.apple.com/my/album/zikir-la-ilaha-illallah/1735266395?i=1735267168&uo=4
Munif Ahmad,Munajat Qiamullail (Penawar Hati 8),La Ilaha Illallah,2023,Islamic,https://music.apple.com/my/album/la-ilaha-illallah/1676436937?i=1676437262&uo=4
Munif Ahmad,Penawar Hati 10 (Zikir Taubat),Zikir Astaghfirullah,2024,Worldwide,https://music.apple.com/my/album/zikir-astaghfirullah/1735266395?i=1735266914&uo=4
Munif Ahmad,Munajat Qiamullail (Penawar Hati 8),Astaghfirullah al-Azim,2023,Islamic,https://music.apple.com/my/album/astaghfirullah-al-azim/1676436937?i=1676437129&uo=4
Munif Ahmad,Penawar Hati 10 (Zikir Taubat),Zikir Taubat Nasuha,2024,Worldwide,https://music.apple.com/my/album/zikir-taubat-nasuha/1735266395?i=1735267843&uo=4
Munif Ahmad,Penawar Hati 11 (Alunan Doa & Zikir Pagi),Subahanallah Walhamdulillah,2025,Worldwide,https://music.apple.com/my/album/subahanallah-walhamdulillah/1847851007?i=1847851323&uo=4
Munif Ahmad,Penawar Hati 10 (Zikir Taubat),Allahumma Anta Rabbi,2024,Worldwide,https://music.apple.com/my/album/allahumma-anta-rabbi/1735266395?i=1735267833&uo=4
Munif Ahmad,Munajat Qiamullail (Penawar Hati 8),Selawat al-Ummi,2023,Islamic,https://music.apple.com/my/album/selawat-al-ummi/1676436937?i=1676437267&uo=4
Munif Ahmad,Penawar Hati 11 (Alunan Doa & Zikir Pagi),Asmaul Husna 2025,2025,Worldwide,https://music.apple.com/my/album/asmaul-husna-2025/1847851007?i=1847851008&uo=4
Munif Ahmad,Penawar Hati 11 (Alunan Doa & Zikir Pagi),Bismikallahumma Nada'u,2025,Worldwide,https://music.apple.com/my/album/bismikallahumma-nadau/1847851007?i=1847851309&uo=4
Munif Ahmad,Munajat Qiamullail (Penawar Hati 8),Tasbih Fatimah,2023,Islamic,https://music.apple.com/my/album/tasbih-fatimah/1676436937?i=1676437147&uo=4
Munif Ahmad,Penawar Hati 9 (Rhythm of Selawat),Selawat An-Naji,2024,Worldwide,https://music.apple.com/my/album/selawat-an-naji/1725247666?i=1725248081&uo=4
Munif Ahmad,Penawar Hati 11 (Alunan Doa & Zikir Pagi),Astaghfirullah Wa Atubu Ilaihi,2025,Worldwide,https://music.apple.com/my/album/astaghfirullah-wa-atubu-ilaihi/1847851007?i=1847851311&uo=4
Munif Ahmad,"Nur Zikrullah, Vol. 12: Zikrul Haq","Tasbih, Pt. 2",2015,Worldwide,https://music.apple.com/my/album/tasbih-pt-2/994595800?i=994595814&uo=4
Munif Ahmad,Penawar Hati 10 (Zikir Taubat),Zikir Astaghfirullah Al-'Azim,2024,Worldwide,https://music.apple.com/my/album/zikir-astaghfirullah-al-azim/1735266395?i=1735267158&uo=4
Munif Ahmad,Munajat Qiamullail (Penawar Hati 8),Kalimah Toiyibah,2023,Islamic,https://music.apple.com/my/album/kalimah-toiyibah/1676436937?i=1676437144&uo=4
Munif Ahmad,Penawar Hati 11 (Alunan Doa & Zikir Pagi),Allahumma Inni As Aluka,2025,Worldwide,https://music.apple.com/my/album/allahumma-inni-as-aluka/1847851007?i=1847851319&uo=4
Munif Ahmad,Penawar Hati 11 (Alunan Doa & Zikir Pagi),Ya Hayyu Ya Qayyum,2025,Worldwide,https://music.apple.com/my/album/ya-hayyu-ya-qayyum/1847851007?i=1847851314&uo=4
Munif Ahmad,Penawar Hati 10 (Zikir Taubat),Zikir Astaghfirullah Rabbi Min Kulli,2024,Worldwide,https://music.apple.com/my/album/zikir-astaghfirullah-rabbi-min-kulli/1735266395?i=1735267165&uo=4
Munif Ahmad,Munajat Qiamullail (Penawar Hati 8),Hasbunallah,2023,Islamic,https://music.apple.com/my/album/hasbunallah/1676436937?i=1676437253&uo=4
Munif Ahmad,Penawar Hati 10 (Zikir Taubat),Zikir Tubna Ilallah,2024,Worldwide,https://music.apple.com/my/album/zikir-tubna-ilallah/1735266395?i=1735267626&uo=4
Munif Ahmad,Penawar Hati 11 (Alunan Doa & Zikir Pagi),Bismillahillazi,2025,Worldwide,https://music.apple.com/my/album/bismillahillazi/1847851007?i=1847851313&uo=4
Munif Ahmad,Penawar Hati 3 (15 Doa Senjata Mukmin),Doa Kepada Ibu Bapa,2015,Worldbeat,https://music.apple.com/my/album/doa-kepada-ibu-bapa/1764286575?i=1764286787&uo=4
Munif Ahmad,Munajat Qiamullail (Penawar Hati 8),Ya Tawwab Tub Alaina,2023,Islamic,https://music.apple.com/my/album/ya-tawwab-tub-alaina/1676436937?i=1676437149&uo=4
Munif Ahmad,"Nur Zikrullah, Vol. 12: Zikrul Haq",Munji Minannar,2015,Worldwide,https://music.apple.com/my/album/munji-minannar/994595800?i=994595807&uo=4
Munif Ahmad,Munajat Qiamullail (Penawar Hati 8),Bismillah Mohon Perlindungan,2023,Islamic,https://music.apple.com/my/album/bismillah-mohon-perlindungan/1676436937?i=1676437256&uo=4
Munif Ahmad,Penawar Hati 10 (Zikir Taubat),Zikir Subhanallah,2024,Worldwide,https://music.apple.com/my/album/zikir-subhanallah/1735266395?i=1735267612&uo=4
Munif Ahmad,"Nur Zikrullah, Vol. 12: Zikrul Haq",Wahdahu La Syarikalah,2015,Worldwide,https://music.apple.com/my/album/wahdahu-la-syarikalah/994595800?i=994595809&uo=4
Munif Ahmad,Munajat Qiamullail (Penawar Hati 8),Astaghfirullah Rabbal-Baraya,2023,Islamic,https://music.apple.com/my/album/astaghfirullah-rabbal-baraya/1676436937?i=1676437247&uo=4
Munif Ahmad,Penawar Hati 4 (Alunan Istighfar & Zikir Taubat),Penghulu Istighfar,2014,Worldwide,https://music.apple.com/my/album/penghulu-istighfar/1764286426?i=1764286907&uo=4
Munif Ahmad,Penawar Hati 4 (Alunan Istighfar & Zikir Taubat),Zikir I'Tiraf,2014,Worldwide,https://music.apple.com/my/album/zikir-itiraf/1764286426?i=1764287699&uo=4
Munif Ahmad,Penawar Hati 3 (15 Doa Senjata Mukmin),Doa Menambah Kefahaman Ilmu,2015,Worldbeat,https://music.apple.com/my/album/doa-menambah-kefahaman-ilmu/1764286575?i=1764286782&uo=4
Munif Ahmad,Penawar Hati 11 (Alunan Doa & Zikir Pagi),Subhanallahi Wabihamdih,2025,Worldwide,https://music.apple.com/my/album/subhanallahi-wabihamdih/1847851007?i=1847851333&uo=4
Munif Ahmad,Nostalgia Lagenda Nada Murni Vol. 2,Ya Rasullalah,2015,Pop,https://music.apple.com/my/album/ya-rasullalah/1594329548?i=1594329554&uo=4
Munif Ahmad,Penawar Hati 11 (Alunan Doa & Zikir Pagi),Allahumma Solli Ala Sayyidina Muhammad,2025,Worldwide,https://music.apple.com/my/album/allahumma-solli-ala-sayyidina-muhammad/1847851007?i=1847851329&uo=4
Munif Ahmad,"Nur Zikrullah, Vol. 12: Zikrul Haq",Salam,2015,Worldwide,https://music.apple.com/my/album/salam/994595800?i=994595811&uo=4
Munif Ahmad,"Nur Zikrullah, Vol. 12: Zikrul Haq","Ya Allah, Pt. 2",2015,Worldwide,https://music.apple.com/my/album/ya-allah-pt-2/994595800?i=994595816&uo=4
Munif Ahmad,Munajat Qiamullail (Penawar Hati 8),Doa Tahajjud,2023,Islamic,https://music.apple.com/my/album/doa-tahajjud/1676436937?i=1676437274&uo=4
Munif Ahmad,Penawar Hati 3 (15 Doa Senjata Mukmin),Doa Memohon Kebaikan Semua Urusan,2015,Worldwide,https://music.apple.com/my/album/doa-memohon-kebaikan-semua-urusan/1764286575?i=1764286774&uo=4
Munif Ahmad,Penawar Hati 4 (Alunan Istighfar & Zikir Taubat),Istighfar 6,2014,Worldwide,https://music.apple.com/my/album/istighfar-6/1764286426?i=1764286896&uo=4
Munif Ahmad,Penawar Hati 5 (Alunan Selawat Utama),Selawat Ibrahimiah,2014,Worldwide,https://music.apple.com/my/album/selawat-ibrahimiah/1764286690?i=1764286948&uo=4
Munif Ahmad,Munajat Qiamullail (Penawar Hati 8),Munajat Qiamullail,2023,Islamic,https://music.apple.com/my/album/munajat-qiamullail/1676436937?i=1676437607&uo=4
Munif Ahmad,Penawar Hati 11 (Alunan Doa & Zikir Pagi),Lailahaillallah Wahdah,2025,Worldwide,https://music.apple.com/my/album/lailahaillallah-wahdah/1847851007?i=1847851326&uo=4
Munif Ahmad & Amir Hufaz,"Nur Zikrullah, Vol. 12: Zikrul Haq",Zikrul Haq,2015,Worldwide,https://music.apple.com/my/album/zikrul-haq/994595800?i=994595817&uo=4
Munif Ahmad,Penawar Hati 3 (15 Doa Senjata Mukmin),Doa Terhindar Dari Kedukaan,2015,Worldbeat,https://music.apple.com/my/album/doa-terhindar-dari-kedukaan/1764286575?i=1764287008&uo=4
Munif Ahmad,Penawar Hati 11 (Alunan Doa & Zikir Pagi),Subhanallahi Wa Bihamdihi Adada Khalqihi,2025,Worldwide,https://music.apple.com/my/album/subhanallahi-wa-bihamdihi-adada-khalqihi/1847851007?i=1847851328&uo=4
Munif Ahmad,Penawar Hati 11 (Alunan Doa & Zikir Pagi),Radhitubillahi Rabba,2025,Worldwide,https://music.apple.com/my/album/radhitubillahi-rabba/1847851007?i=1847851327&uo=4
Munif Ahmad,Penawar Hati 4 (Alunan Istighfar & Zikir Taubat),Istighfar 3,2014,Worldwide,https://music.apple.com/my/album/istighfar-3/1764286426?i=1764286890&uo=4
Munif Ahmad,Penawar Hati 3 (15 Doa Senjata Mukmin),Doa Supaya Dicukupkan Rezeki,2015,Worldbeat,https://music.apple.com/my/album/doa-supaya-dicukupkan-rezeki/1764286575?i=1764287215&uo=4
Munif Ahmad,Penawar Hati 11 (Alunan Doa & Zikir Pagi),Hasbunallah Wa Ni'mal Wakil,2025,Worldwide,https://music.apple.com/my/album/hasbunallah-wa-nimal-wakil/1847851007?i=1847851523&uo=4
Munif Ahmad,Penawar Hati 11 (Alunan Doa & Zikir Pagi),Allahumma Inni Asbahtu,2025,Worldwide,https://music.apple.com/my/album/allahumma-inni-asbahtu/1847851007?i=1847851331&uo=4
Munif Ahmad,Penawar Hati 11 (Alunan Doa & Zikir Pagi),Doa Dhuha,2025,Worldwide,https://music.apple.com/my/album/doa-dhuha/1847851007?i=1847851537&uo=4
Munif Ahmad,Penawar Hati 3 (15 Doa Senjata Mukmin),Doa Agar Terhindar Dari Sesuatu Yang Memudaratkan,2015,Worldbeat,https://music.apple.com/my/album/doa-agar-terhindar-dari-sesuatu-yang-memudaratkan/1764286575?i=1764287006&uo=4
Munif Ahmad,Penawar Hati 3 (15 Doa Senjata Mukmin),Doa Diberi Petunjuk Yang Benar,2015,Worldwide,https://music.apple.com/my/album/doa-diberi-petunjuk-yang-benar/1764286575?i=1764286772&uo=4
Munif Ahmad,Penawar Hati 4 (Alunan Istighfar & Zikir Taubat),Zikir Keagungan,2014,Worldwide,https://music.apple.com/my/album/zikir-keagungan/1764286426?i=1764287399&uo=4
Munif Ahmad,Penawar Hati 3 (15 Doa Senjata Mukmin),Doa Dijauhi Musuh dan Orang Zalim,2015,Worldbeat,https://music.apple.com/my/album/doa-dijauhi-musuh-dan-orang-zalim/1764286575?i=1764287000&uo=4
Munif Ahmad,Penawar Hati 4 (Alunan Istighfar & Zikir Taubat),Zikir Ampunkan Kami,2014,Worldwide,https://music.apple.com/my/album/zikir-ampunkan-kami/1764286426?i=1764286902&uo=4
Munif Ahmad,Penawar Hati 3 (15 Doa Senjata Mukmin),Doa Memohon Kedudukan Yang Baik,2015,Worldbeat,https://music.apple.com/my/album/doa-memohon-kedudukan-yang-baik/1764286575?i=1764287003&uo=4
Munif Ahmad,Penawar Hati 3 (15 Doa Senjata Mukmin),Doa Penerang Hati,2015,Worldbeat,https://music.apple.com/my/album/doa-penerang-hati/1764286575?i=1764287218&uo=4
Munif Ahmad,Penawar Hati 3 (15 Doa Senjata Mukmin),Doa Memohon Rahmat Allah,2015,Worldbeat,https://music.apple.com/my/album/doa-memohon-rahmat-allah/1764286575?i=1764286784&uo=4
Munif Ahmad,Penawar Hati 11 (Alunan Doa & Zikir Pagi),Hasbiallahu Lailahaillahu,2025,Worldwide,https://music.apple.com/my/album/hasbiallahu-lailahaillahu/1847851007?i=1847851528&uo=4
Munif Ahmad,Penawar Hati 4 (Alunan Istighfar & Zikir Taubat),Zikir Allah Maha Pengampun,2014,Worldwide,https://music.apple.com/my/album/zikir-allah-maha-pengampun/1764286426?i=1764286899&uo=4
Munif Ahmad,Penawar Hati 3 (15 Doa Senjata Mukmin),Doa Dimakbulkan,2015,Worldbeat,https://music.apple.com/my/album/doa-dimakbulkan/1764286575?i=1764286776&uo=4
Munif Ahmad,Penawar Hati 3 (15 Doa Senjata Mukmin),Doa Di Kala Ketakutan,2015,Worldbeat,https://music.apple.com/my/album/doa-di-kala-ketakutan/1764286575?i=1764287024&uo=4
Munif Ahmad,Penawar Hati 11 (Alunan Doa & Zikir Pagi),Doa Pagi Acappella,2025,Worldwide,https://music.apple.com/my/album/doa-pagi-acappella/1847851007?i=1847851542&uo=4
Munif Ahmad,Penawar Hati 5 (Alunan Selawat Utama),Selawat Ahmad Khujandi,2014,Worldwide,https://music.apple.com/my/album/selawat-ahmad-khujandi/1764286690?i=1764287080&uo=4
Munif Ahmad,Penawar Hati 4 (Alunan Istighfar & Zikir Taubat),Istighfar 4,2014,Worldwide,https://music.apple.com/my/album/istighfar-4/1764286426?i=1764286893&uo=4
Munif Ahmad,Penawar Hati 3 (15 Doa Senjata Mukmin),Doa Kebaikan Dunia dan Akhirat,2015,Worldbeat,https://music.apple.com/my/album/doa-kebaikan-dunia-dan-akhirat/1764286575?i=1764287226&uo=4
Munif Ahmad,Penawar Hati 3 (15 Doa Senjata Mukmin),Doa Tidak Dimakbulkan,2015,Worldbeat,https://music.apple.com/my/album/doa-tidak-dimakbulkan/1764286575?i=1764287214&uo=4
Munif Ahmad,Penawar Hati 3 (15 Doa Senjata Mukmin),Doa Ketika Melihat Sesuatu Yang Menakutkan,2015,Worldbeat,https://music.apple.com/my/album/doa-ketika-melihat-sesuatu-yang-menakutkan/1764286575?i=1764287229&uo=4
Munif Ahmad,Penawar Hati 3 (15 Doa Senjata Mukmin),Surah Al-Baqarah - 186,2015,Worldwide,https://music.apple.com/my/album/surah-al-baqarah-186/1764286575?i=1764286763&uo=4
Munif Ahmad,Penawar Hati 4 (Alunan Istighfar & Zikir Taubat),Zikir Allah Maha Pengampun dan Maha Penyayang,2014,Worldwide,https://music.apple.com/my/album/zikir-allah-maha-pengampun-dan-maha-penyayang/1764286426?i=1764286901&uo=4
Munif Ahmad,Penawar Hati 4 (Alunan Istighfar & Zikir Taubat),Zikir Matikan Dalam Islam,2015,Worldwide,https://music.apple.com/my/album/zikir-matikan-dalam-islam/1764286426?i=1764287405&uo=4
Munif Ahmad,Penawar Hati 4 (Alunan Istighfar & Zikir Taubat),Zikir Allah Maha Lembut dan Maha Pencukup,2014,Worldwide,https://music.apple.com/my/album/zikir-allah-maha-lembut-dan-maha-pencukup/1764286426?i=1764286886&uo=4
Munif Ahmad,Penawar Hati 3 (15 Doa Senjata Mukmin),Hadith,2015,Worldbeat,https://music.apple.com/my/album/hadith/1764286575?i=1764287220&uo=4
Munif Ahmad,Penawar Hati 4 (Alunan Istighfar & Zikir Taubat),Zikir Kemuliaan Tenteranya,2014,Worldwide,https://music.apple.com/my/album/zikir-kemuliaan-tenteranya/1764286426?i=1764287396&uo=4
Munif Ahmad,Penawar Hati 4 (Alunan Istighfar & Zikir Taubat),Narasi (Syarat Istighfar),2015,Worldwide,https://music.apple.com/my/album/narasi-syarat-istighfar/1764286426?i=1764286889&uo=4
Munif Ahmad,Penawar Hati 4 (Alunan Istighfar & Zikir Taubat),Zikir Taubat 2,2015,Worldwide,https://music.apple.com/my/album/zikir-taubat-2/1764286426?i=1764287409&uo=4
Munif Ahmad,Penawar Hati 4 (Alunan Istighfar & Zikir Taubat),Zikir Taubat 3,2014,Worldwide,https://music.apple.com/my/album/zikir-taubat-3/1764286426?i=1764287414&uo=4
Munif Ahmad,Penawar Hati 4 (Alunan Istighfar & Zikir Taubat),Zikir Telah Kami Bertaubat,2014,Worldwide,https://music.apple.com/my/album/zikir-telah-kami-bertaubat/1764286426?i=1764286891&uo=4
Munif Ahmad,Penawar Hati 5 (Alunan Selawat Utama),Selawat Imam Syafie',2014,Worldwide,https://music.apple.com/my/album/selawat-imam-syafie/1764286690?i=1764287071&uo=4
Munif Ahmad,Penawar Hati 4 (Alunan Istighfar & Zikir Taubat),Istighfar 5,2014,Worldwide,https://music.apple.com/my/album/istighfar-5/1764286426?i=1764286895&uo=4
Munif Ahmad,Penawar Hati 5 (Alunan Selawat Utama),Selawat Lazim,2014,Worldwide,https://music.apple.com/my/album/selawat-lazim/1764286690?i=1764287459&uo=4
Munif Ahmad,Penawar Hati 4 (Alunan Istighfar & Zikir Taubat),Hadith Nabi (Allah Maha Pengampun),2014,Worldwide,https://music.apple.com/my/album/hadith-nabi-allah-maha-pengampun/1764286426?i=1764287391&uo=4
Isman Hijjaz,Reggae Selawat - Single,Reggae Selawat,2024,Worldwide,https://music.apple.com/my/album/reggae-selawat/1733263021?i=1733263314&uo=4
Isman Hijjaz,Keroncong Zikir Doa - Single,Keroncong Zikir Doa,2023,Worldwide,https://music.apple.com/my/album/keroncong-zikir-doa/1677130961?i=1677131273&uo=4
Isman Hijjaz,Ijabah - Single,Ijabah,2021,Asia,https://music.apple.com/my/album/ijabah/1559353802?i=1559353967&uo=4
The Muhibbain,#LoveCintaMahabbah,The Perfection of Love (feat. Iqbal Zain),2014,R&B/Soul,https://music.apple.com/my/album/the-perfection-of-love-feat-iqbal-zain/1104186942?i=1104187337&uo=4
The Muhibbain,#LoveCintaMahabbah,The Zikir (feat. The Habsyi & The Luqman),2014,R&B/Soul,https://music.apple.com/my/album/the-zikir-feat-the-habsyi-the-luqman/1104186942?i=1104187203&uo=4
The Muhibbain,#LoveCintaMahabbah,Kunci Syurga (2014),2014,R&B/Soul,https://music.apple.com/my/album/kunci-syurga-2014/1104186942?i=1104187368&uo=4
The Muhibbain,#LoveCintaMahabbah,Segalanya Kepada-Mu,2014,R&B/Soul,https://music.apple.com/my/album/segalanya-kepada-mu/1104186942?i=1104187410&uo=4
The Muhibbain,Sebarkan Cinta - Single,Sebarkan Cinta,2017,Pop,https://music.apple.com/my/album/sebarkan-cinta/1273261052?i=1273262591&uo=4
The Muhibbain,#LoveCintaMahabbah,Selamat Datang Ke Hatiku,2014,R&B/Soul,https://music.apple.com/my/album/selamat-datang-ke-hatiku/1104186942?i=1104187629&uo=4
The Muhibbain,#LoveCintaMahabbah,Rintihan Hamba,2014,R&B/Soul,https://music.apple.com/my/album/rintihan-hamba/1104186942?i=1104187412&uo=4
The Muhibbain,#LoveCintaMahabbah,Kaca Mata Cinta (feat. Zain Hamid),2014,R&B/Soul,https://music.apple.com/my/album/kaca-mata-cinta-feat-zain-hamid/1104186942?i=1104187403&uo=4
The Muhibbain,#LoveCintaMahabbah,Soal Jawab Mahabbah (feat. Iqbal Zain),2014,R&B/Soul,https://music.apple.com/my/album/soal-jawab-mahabbah-feat-iqbal-zain/1104186942?i=1104187418&uo=4
The Muhibbain,#LoveCintaMahabbah,Pengakuan Cinta (feat. Iqbal Zain),2014,R&B/Soul,https://music.apple.com/my/album/pengakuan-cinta-feat-iqbal-zain/1104186942?i=1104187406&uo=4
The Muhibbain,#LoveCintaMahabbah,Dengan (feat. DJ Fuzz & Deen) [2014],2014,R&B/Soul,https://music.apple.com/my/album/dengan-feat-dj-fuzz-deen-2014/1104186942?i=1104187415&uo=4
The Muhibbain,#LoveCintaMahabbah,Qad Kafani (feat. Ahmed Bin Sumait),2014,R&B/Soul,https://music.apple.com/my/album/qad-kafani-feat-ahmed-bin-sumait/1104186942?i=1104187602&uo=4
The Muhibbain,#LoveCintaMahabbah,#LoveCintaMahabbah (feat. Iqbal Zain & Erwan Muhibbain),2014,R&B/Soul,https://music.apple.com/my/album/lovecintamahabbah-feat-iqbal-zain-erwan-muhibbain/1104186942?i=1104187623&uo=4
The Muhibbain,#LoveCintaMahabbah,Cukuplah Bagiku (feat. Lah Ahmad),2014,R&B/Soul,https://music.apple.com/my/album/cukuplah-bagiku-feat-lah-ahmad/1104186942?i=1104187609&uo=4
The Muhibbain,#LoveCintaMahabbah,Pengampunan Agung (feat. Iqbal Zain),2014,R&B/Soul,https://music.apple.com/my/album/pengampunan-agung-feat-iqbal-zain/1104186942?i=1104187619&uo=4
The Muhibbain,Pencinta - Single,Pencinta,2016,Indonesian Religious,https://music.apple.com/my/album/pencinta/1776523436?i=1776523448&uo=4
Nazrey Johani,Nasyid Nostalgia Memori - The Zikr,Mengemis Kasih (feat. Fareast),2008,Worldwide,https://music.apple.com/my/album/mengemis-kasih-feat-fareast/1094288499?i=1094289408&uo=4
Nazrey Johani,Permata Hati,Asmaul Husna,2011,Worldwide,https://music.apple.com/my/album/asmaul-husna/1093161193?i=1093161216&uo=4
Nazrey Johani,Permata Hati,I'tiraf,2011,Worldwide,https://music.apple.com/my/album/itiraf/1093161193?i=1093161565&uo=4
Nazrey Johani,Iman Mutiara 2019 - Single,Iman Mutiara 2019,2019,Worldwide,https://music.apple.com/my/album/iman-mutiara-2019/1487413910?i=1487413911&uo=4
Nazrey Johani,Nasyid Nostalgia Memori - The Zikr,Harapan PadaMu Subur Kembali,2008,Worldwide,https://music.apple.com/my/album/harapan-padamu-subur-kembali/1094288499?i=1094288870&uo=4
Nazrey Johani,Permata Hati,Muslimah,2011,Worldwide,https://music.apple.com/my/album/muslimah/1093161193?i=1093161198&uo=4
Nazrey Johani,Zikir Rintihan Syahdu,Astaghfirullah Rabbal Baroya,2014,Worldwide,https://music.apple.com/my/album/astaghfirullah-rabbal-baroya/990513484?i=990513622&uo=4
Nazrey Johani,Sesungguhnya 2020 (feat. Dwi Dina) - Single,Sesungguhnya 2020 (feat. Dwi Dina),2019,Malaysian Pop,https://music.apple.com/my/album/sesungguhnya-2020-feat-dwi-dina/1492051230?i=1492051233&uo=4
Nazrey Johani,Nasyid Nostalgia Memori - The Zikr,Tak Seindah Sentuhan Mata,2008,Worldwide,https://music.apple.com/my/album/tak-seindah-sentuhan-mata/1094288499?i=1094288897&uo=4
Nazrey Johani,Nasyid Nostalgia Memori - The Zikr,Isteri Solehah (feat. Azahari Nowseeheart),2008,Worldwide,https://music.apple.com/my/album/isteri-solehah-feat-azahari-nowseeheart/1094288499?i=1094289378&uo=4
Nazrey Johani,"Nur Zikrullah, Vol. 5: The Best of Selawat","Selawat Lazim, Pt. 2",2015,Worldwide,https://music.apple.com/my/album/selawat-lazim-pt-2/994607151?i=994607994&uo=4
Nazrey Johani,"Nur Zikrullah, Vol. 5: The Best of Selawat",Selawat Murah Rezeki,2015,Worldwide,https://music.apple.com/my/album/selawat-murah-rezeki/994607151?i=994607986&uo=4
Nazrey Johani,Zikir Rintihan Syahdu,Allahumma Solli 'ala,2014,Worldwide,https://music.apple.com/my/album/allahumma-solli-ala/990513484?i=990513618&uo=4
Nazrey Johani,Nasyid Nostalgia Memori - The Zikr,Wahai Kekasih (Kaulah Segalanya),2008,Worldwide,https://music.apple.com/my/album/wahai-kekasih-kaulah-segalanya/1094288499?i=1094289400&uo=4
Nazrey Johani,"Nur Zikrullah, Vol. 5: The Best of Selawat",Solawatun,2015,Worldwide,https://music.apple.com/my/album/solawatun/994607151?i=994607978&uo=4
Nazrey Johani,Sesungguhnya 2020 - Single,Sesungguhnya 2020,2019,Malaysian Pop,https://music.apple.com/my/album/sesungguhnya-2020/1492049790?i=1492049791&uo=4
Nazrey Johani,Nasyid Nostalgia Memori - The Zikr,Antara Dua Cinta,2008,Worldwide,https://music.apple.com/my/album/antara-dua-cinta/1094288499?i=1094289316&uo=4
Nazrey Johani,Nasyid Nostalgia Memori - The Zikr,Air Mata Keinsafan (feat. Salleh Brothers),2008,Worldwide,https://music.apple.com/my/album/air-mata-keinsafan-feat-salleh-brothers/1094288499?i=1094289589&uo=4
Nazrey Johani,Nasyid Nostalgia Memori - The Zikr,Secerah Pawana,2008,Worldwide,https://music.apple.com/my/album/secerah-pawana/1094288499?i=1094288737&uo=4
Nazrey Johani & Ariff Bahran,Sebenarnya Cinta - Single,Sebenarnya Cinta,2020,Pop,https://music.apple.com/my/album/sebenarnya-cinta/1535218440?i=1535218734&uo=4
Nazrey Johani,"Nur Zikrullah, Vol. 5: The Best of Selawat",Ya Rasulallah,2015,Worldwide,https://music.apple.com/my/album/ya-rasulallah/994607151?i=994607982&uo=4
Nazrey Johani,Permata Hati,Ya Nabi,2011,Worldwide,https://music.apple.com/my/album/ya-nabi/1093161193?i=1093161219&uo=4
Nazrey Johani,"Nur Zikrullah, Vol. 5: The Best of Selawat",Selawat Hasan Al-Banna,2015,Worldwide,https://music.apple.com/my/album/selawat-hasan-al-banna/994607151?i=994607990&uo=4
Nazrey Johani,Zikir Rintihan Syahdu,Ya Latif,2014,Worldwide,https://music.apple.com/my/album/ya-latif/990513484?i=990513619&uo=4
Nazrey Johani,"Nur Zikrullah, Vol. 5: The Best of Selawat",Selawat Ibrahimiyah,2015,Worldwide,https://music.apple.com/my/album/selawat-ibrahimiyah/994607151?i=994607998&uo=4
Nazrey Johani,Nasyid Nostalgia Memori - The Zikr,"Perantau (feat. Fareast, Salleh Brothers, Azahari Nowseeheart & Naim Helmi)",2008,Worldwide,https://music.apple.com/my/album/perantau-feat-fareast-salleh-brothers-azahari-nowseeheart/1094288499?i=1094289264&uo=4
Nazrey Johani,Zikir Rintihan Syahdu,Subhanallah,2014,Worldwide,https://music.apple.com/my/album/subhanallah/1354808724?i=1354808740&uo=4
Nazrey Johani,"Nur Zikrullah, Vol. 4: The Best of Zikrullah","Zikir Lailahaillallah, Pt. 1",2015,Worldwide,https://music.apple.com/my/album/zikir-lailahaillallah-pt-1/994605581?i=994605974&uo=4
Nazrey Johani,"Nur Zikrullah, Vol. 4: The Best of Zikrullah",Zikir Pelindung,2015,Worldwide,https://music.apple.com/my/album/zikir-pelindung/994605581?i=994605593&uo=4
Nazrey Johani,Zikir Rintihan Syahdu,Bismillah,2014,Worldwide,https://music.apple.com/my/album/bismillah/990513484?i=990513614&uo=4
Nazrey Johani,"Nasyid Hits, Koleksi 15 Lagu Nasyid Hits",Kawan,2010,Worldwide,https://music.apple.com/my/album/kawan/1249259098?i=1249259576&uo=4
Nazrey Johani,Nasyid Nostalgia Memori - The Zikr,Wahai Kaum Muslimin,2008,Worldwide,https://music.apple.com/my/album/wahai-kaum-muslimin/1094288499?i=1094289388&uo=4
Nazrey Johani,Zikir Rintihan Syahdu,Astaghfirullah,2014,Worldwide,https://music.apple.com/my/album/astaghfirullah/990513484?i=990513615&uo=4
Nazrey Johani,Zikir Rintihan Syahdu,Astagfirullah Rabbal Baraya,2014,Worldwide,https://music.apple.com/my/album/astagfirullah-rabbal-baraya/1354808724?i=1354808801&uo=4
Nazrey Johani,Lailahailllallah - Single,Lailahailllallah,2022,Worldwide,https://music.apple.com/my/album/lailahailllallah/1603802205?i=1603802213&uo=4
Nazrey Johani,Zikir Rintihan Syahdu,Lailahaillallah,2014,Worldwide,https://music.apple.com/my/album/lailahaillallah/990513484?i=990513616&uo=4
Nazrey Johani,"Nur Zikrullah, Vol. 4: The Best of Zikrullah",Zikir Tasbih Kifarah,2015,Worldwide,https://music.apple.com/my/album/zikir-tasbih-kifarah/994605581?i=994606116&uo=4
Nazrey Johani,Zikir Rintihan Syahdu,Ya Zaljalal,2014,Worldwide,https://music.apple.com/my/album/ya-zaljalal/990513484?i=990513617&uo=4
Nazrey Johani,Zikir Rintihan Syahdu,Ya Allah,2014,Worldwide,https://music.apple.com/my/album/ya-allah/990513484?i=990513620&uo=4
Nazrey Johani,"Nur Zikrullah, Vol. 4: The Best of Zikrullah","Zikir Tasbih Fatimah, Pt. 1",2015,Worldwide,https://music.apple.com/my/album/zikir-tasbih-fatimah-pt-1/994605581?i=994606052&uo=4
Nazrey Johani,Syahadah,Suara Hidayah (feat. Akhil Hayy),2007,Worldwide,https://music.apple.com/my/album/suara-hidayah-feat-akhil-hayy/1091475018?i=1091475581&uo=4
Nazrey Johani,"Nur Zikrullah, Vol. 4: The Best of Zikrullah",Zikir Tahmid,2015,Worldwide,https://music.apple.com/my/album/zikir-tahmid/994605581?i=994606124&uo=4
Nazrey Johani,"Nur Zikrullah, Vol. 4: The Best of Zikrullah",Zikir Taawwuz,2015,Worldwide,https://music.apple.com/my/album/zikir-taawwuz/994605581?i=994606120&uo=4
In Team & Nazrey Johani,"Selamat Hari Raya Aidilfitri (Alunan Nasyid, Qasidah & Takbir Raya)",Ramadhan Dua Zaman,2008,Worldwide,https://music.apple.com/my/album/ramadhan-dua-zaman/1114687628?i=1114687817&uo=4
Nazrey Johani,Syahadah,Kekasih Yang Dirindu,2007,Worldwide,https://music.apple.com/my/album/kekasih-yang-dirindu/1091475018?i=1091475040&uo=4
Nazrey Johani,Zikir Rintihan Syahdu,Allahummasalli,2014,Worldwide,https://music.apple.com/my/album/allahummasalli/1354808724?i=1354808737&uo=4
Nazrey Johani,Permata Hati,Yang Dicari,2011,Worldwide,https://music.apple.com/my/album/yang-dicari/1093161193?i=1093161406&uo=4
Nazrey Johani,Zikir Rintihan Syahdu,Astagfirullah,2014,Worldwide,https://music.apple.com/my/album/astagfirullah/1354808724?i=1354808734&uo=4
Nazrey Johani,Permata Hati,Permata Hati,2011,Worldwide,https://music.apple.com/my/album/permata-hati/1093161193?i=1093161197&uo=4
Nazrey Johani,Syahadah,Dekat Dihatiku,2007,Worldwide,https://music.apple.com/my/album/dekat-dihatiku/1091475018?i=1091475582&uo=4
Nazrey Johani,Syahadah,Kelungung (Versi Bahasa Dusun),2007,Worldwide,https://music.apple.com/my/album/kelungung-versi-bahasa-dusun/1091475018?i=1091475624&uo=4
Nazrey Johani,Syahadah,Selawat Kepada Rasul,2007,Worldwide,https://music.apple.com/my/album/selawat-kepada-rasul/1091475018?i=1091475620&uo=4
Nazrey Johani,Permata Hati,Kenali Nabi Cintai Nabi,2011,Worldwide,https://music.apple.com/my/album/kenali-nabi-cintai-nabi/1093161193?i=1093161208&uo=4
Afad & Nazrey Johani,Cinta Allah Dan Rasul,Damba Cintamu,2022,Pop,https://music.apple.com/my/album/damba-cintamu/1651554050?i=1651554051&uo=4
Nazrey Johani,La Hawla Wala - Single,La Hawla Wala,2022,Worldwide,https://music.apple.com/my/album/la-hawla-wala/1604479167?i=1604479171&uo=4
Afad & Nazrey Johani,Cinta Allah Dan Rasul,Senyum,2022,Pop,https://music.apple.com/my/album/senyum/1651554050?i=1651554347&uo=4
Nazrey Johani,Syahadah,Kenangan Indah,2007,Worldwide,https://music.apple.com/my/album/kenangan-indah/1091475018?i=1091475586&uo=4
Afad & Nazrey Johani,Cinta Allah Dan Rasul,Peristiwa Subuh,2022,Pop,https://music.apple.com/my/album/peristiwa-subuh/1651554050?i=1651554057&uo=4
Nazrey Johani,Syahadah,Dia Yang Satu,2007,Worldwide,https://music.apple.com/my/album/dia-yang-satu/1091475018?i=1091475621&uo=4
Nazrey Johani,Syahadah,Nasihat Buat Adik,2007,Worldwide,https://music.apple.com/my/album/nasihat-buat-adik/1091475018?i=1091475622&uo=4
Nazrey Johani,Syahadah,Nur Tasbihat (feat. Daqmie),2007,Worldwide,https://music.apple.com/my/album/nur-tasbihat-feat-daqmie/1091475018?i=1091475029&uo=4
Nazrey Johani,Syahadah,Salam,2007,Worldwide,https://music.apple.com/my/album/salam/1091475018?i=1091475614&uo=4
"Nazrey Johani, Hijjaz & Rabbani",Konsert Nasyid Legenda,Harapanku Pada-Mu Subur Kembali,2023,Asia,https://music.apple.com/my/album/harapanku-pada-mu-subur-kembali/1699883943?i=1699884645&uo=4
"Nazrey Johani, In Team & Brothers",Konsert Nasyid Legenda,Teman Sejati & Puji-Pujian,2023,Asia,https://music.apple.com/my/album/teman-sejati-puji-pujian/1699883943?i=1699885544&uo=4
Nazrey Johani,Permata Hati,Nikmat Ujian,2011,Worldwide,https://music.apple.com/my/album/nikmat-ujian/1093161193?i=1093161421&uo=4
Nazrey Johani,Permata Hati,Kasih Mesra,2011,Worldwide,https://music.apple.com/my/album/kasih-mesra/1093161193?i=1093161218&uo=4
Afad & Nazrey Johani,Cinta Allah Dan Rasul,Iman Mutiara,2022,Pop,https://music.apple.com/my/album/iman-mutiara/1651554050?i=1651554067&uo=4
Nazrey Johani,Ya Haiyu Ya Qayyum - Single,Ya Haiyu Ya Qayyum,2022,Worldwide,https://music.apple.com/my/album/ya-haiyu-ya-qayyum/1607437942?i=1607437954&uo=4
Afad & Nazrey Johani,Cinta Allah Dan Rasul,Balada Selawat,2022,Pop,https://music.apple.com/my/album/balada-selawat/1651554050?i=1651554074&uo=4
Nazrey Johani,Permata Hati,Suara Kebenaran (feat. Salleh Brothers),2011,Worldwide,https://music.apple.com/my/album/suara-kebenaran-feat-salleh-brothers/1093161193?i=1093161403&uo=4
Afad & Nazrey Johani,Cinta Allah Dan Rasul,Sesungguhnya,2022,Pop,https://music.apple.com/my/album/sesungguhnya/1651554050?i=1651554063&uo=4
Nazrey Johani & Hijjaz,Konsert Nasyid Legenda,Tak Seindah Sentuhan Mata,2023,Asia,https://music.apple.com/my/album/tak-seindah-sentuhan-mata/1699883943?i=1699884836&uo=4
Syahirah Nazrey & Nazrey Johani,"Nur Zikrullah, Vol. 13: Selawat-Selawat Cilik",Kopiah Di Kepala,2015,Worldwide,https://music.apple.com/my/album/kopiah-di-kepala/994602301?i=994602595&uo=4
Nazrey Johani,Nasyid Hits 1428H: Salamun Salam,Kekasih Yang Dirindui,2007,Worldwide,https://music.apple.com/my/album/kekasih-yang-dirindui/1124299894?i=1124300389&uo=4
Afad & Nazrey Johani,Cinta Allah Dan Rasul,Ya Rasulallah,2022,Pop,https://music.apple.com/my/album/ya-rasulallah/1651554050?i=1651554069&uo=4
Afad & Nazrey Johani,Cinta Allah Dan Rasul,Demi Masa,2022,Pop,https://music.apple.com/my/album/demi-masa/1651554050?i=1651554055&uo=4
Afad & Nazrey Johani,Cinta Allah Dan Rasul,Puji Pujian,2022,Pop,https://music.apple.com/my/album/puji-pujian/1651554050?i=1651554066&uo=4
Nazrey Johani,Konsert Nasyid Legenda,Mengemis Kasih,2023,Asia,https://music.apple.com/my/album/mengemis-kasih/1699883943?i=1699884637&uo=4
Afad & Nazrey Johani,Cinta Allah Dan Rasul,Thank You Allah,2022,Pop,https://music.apple.com/my/album/thank-you-allah/1651554050?i=1651554350&uo=4
Nazrey Johani,Nasyid Hits 1428H: Salamun Salam,Dekat Di Hatiku,2007,Worldwide,https://music.apple.com/my/album/dekat-di-hatiku/1124299894?i=1124300491&uo=4
The Zikr,Secerah Pawana,Secerah Pawana,2009,Worldwide,https://music.apple.com/my/album/secerah-pawana/1173393013?i=1173393089&uo=4
The Zikr,Secerah Pawana,Rasulullah,2009,Worldwide,https://music.apple.com/my/album/rasulullah/1173393013?i=1173393093&uo=4
Yabang Khalifah & The Zikr,Mengemis Kasih - Single,Mengemis Kasih,2025,Islamic,https://music.apple.com/my/album/mengemis-kasih/1842831527?i=1842831540&uo=4
The Zikr,Secerah Pawana,Mengemis Kasih,2009,Worldwide,https://music.apple.com/my/album/mengemis-kasih/1173393013?i=1173393195&uo=4
The Zikr,Secerah Pawana,Kasih Mesra,2009,Worldwide,https://music.apple.com/my/album/kasih-mesra/1173393013?i=1173393095&uo=4
The Zikr,Secerah Pawana,Disinilah Kita,2009,Worldwide,https://music.apple.com/my/album/disinilah-kita/1173393013?i=1173393194&uo=4
The Zikr,Antara 2 Cinta,Air Mata Keinsafan,2009,Worldwide,https://music.apple.com/my/album/air-mata-keinsafan/1173393312?i=1173393322&uo=4
The Zikr,Secerah Pawana,Isteri Solehah,2009,Worldwide,https://music.apple.com/my/album/isteri-solehah/1173393013?i=1173393097&uo=4
The Zikr,Kenangan,Sepohon Kayu,2010,Worldwide,https://music.apple.com/my/album/sepohon-kayu/1173392993?i=1173393221&uo=4
The Zikr,Antara 2 Cinta,Dunia Baru Islam,2009,Worldwide,https://music.apple.com/my/album/dunia-baru-islam/1173393312?i=1173393327&uo=4
The Zikr,Antara 2 Cinta 2024 - Single,Antara 2 Cinta 2024,2024,Malaysian Pop,https://music.apple.com/my/album/antara-2-cinta-2024/1737855763?i=1737856051&uo=4
The Zikr,Secerah Pawana,Sketsa Kehidupan,2009,Worldwide,https://music.apple.com/my/album/sketsa-kehidupan/1173393013?i=1173393096&uo=4
The Zikr,Secerah Pawana,Tak Seindah Sentuhan Mata,2009,Worldwide,https://music.apple.com/my/album/tak-seindah-sentuhan-mata/1173393013?i=1173393091&uo=4
The Zikr,Secerah Pawana,Perantau,2009,Worldwide,https://music.apple.com/my/album/perantau/1173393013?i=1173393196&uo=4
The Zikr,Antara 2 Cinta,Antara Dua Cinta,2009,Worldwide,https://music.apple.com/my/album/antara-dua-cinta/1173393312?i=1173393330&uo=4
The Zikr,Secerah Pawana,Allah Is Calling,2009,Worldwide,https://music.apple.com/my/album/allah-is-calling/1173393013?i=1173393198&uo=4
The Zikr,Antara 2 Cinta,Wahai Para Mujahid,2009,Worldwide,https://music.apple.com/my/album/wahai-para-mujahid/1173393312?i=1173393324&uo=4
The Zikr,"Munajat, Koleksi Emas Nadamurni Sejak 1987",Berkorban Apa Saja,2009,Worldwide,https://music.apple.com/my/album/berkorban-apa-saja/1203714819?i=1203715472&uo=4
The Zikr,"Munajat, Koleksi Emas Nadamurni Sejak 1987",Indahnya Hidup,2009,Worldwide,https://music.apple.com/my/album/indahnya-hidup/1203714819?i=1203715680&uo=4
The Zikr,Antara 2 Cinta,Wahai Kekasih,2009,Worldwide,https://music.apple.com/my/album/wahai-kekasih/1173393312?i=1173393438&uo=4
The Zikr,Antara 2 Cinta,Wahai Kaum Muslimin,2009,Worldwide,https://music.apple.com/my/album/wahai-kaum-muslimin/1173393312?i=1173393328&uo=4
The Zikr,Antara 2 Cinta,Pemimpin Sejati,2009,Worldwide,https://music.apple.com/my/album/pemimpin-sejati/1173393312?i=1173393320&uo=4
The Zikr,Kenangan,Kawan,2010,Worldwide,https://music.apple.com/my/album/kawan/1173392993?i=1173392999&uo=4
The Zikr,Antara 2 Cinta,Suara Kebenaran,2009,Worldwide,https://music.apple.com/my/album/suara-kebenaran/1173393312?i=1173393444&uo=4
The Zikr,Kenangan,Wahai Kawan,2010,Worldwide,https://music.apple.com/my/album/wahai-kawan/1173392993?i=1173393004&uo=4
The Zikr,Bila Nur Melimpah Di Hati,Harapanku Pada-Mu Subur Kembali,1996,Asia,https://music.apple.com/my/album/harapanku-pada-mu-subur-kembali/1535111487?i=1535111821&uo=4
The Zikr,Dunia Baru Islam 2024 - EP,Dunia Baru Islam 2024,2024,Worldwide,https://music.apple.com/my/album/dunia-baru-islam-2024/1765002594?i=1765002597&uo=4
The Zikr,Kenangan,Kasih Ibu Bapa,2010,Worldwide,https://music.apple.com/my/album/kasih-ibu-bapa/1173392993?i=1173393159&uo=4
The Zikr,Kenangan,Tanpa Agama,2010,Worldwide,https://music.apple.com/my/album/tanpa-agama/1173392993?i=1173393000&uo=4
The Zikr,Kenangan,Mati,2010,Worldwide,https://music.apple.com/my/album/mati/1173392993?i=1173393003&uo=4
The Zikr,Kenangan,Dinul Huda,2010,Worldwide,https://music.apple.com/my/album/dinul-huda/1173392993?i=1173393001&uo=4
The Zikr,Kenangan,Semangat Waja,2010,Worldwide,https://music.apple.com/my/album/semangat-waja/1173392993?i=1173393137&uo=4
The Zikr,Kembali - Single,Kembali,2025,Worldwide,https://music.apple.com/my/album/kembali/1818171638?i=1818171646&uo=4
The Zikr,Dunia Baru Islam 2024 - EP,Dunia Baru Islam 2024 (Percussion Version),2024,Worldwide,https://music.apple.com/my/album/dunia-baru-islam-2024-percussion-version/1765002594?i=1765002612&uo=4
The Zikr,Dunia Baru Islam 2024 - EP,Dunia Baru Islam 2024 (Acapella Version),2024,Worldwide,https://music.apple.com/my/album/dunia-baru-islam-2024-acapella-version/1765002594?i=1765002615&uo=4
The Zikr,Dunia Baru Islam 2024 - EP,Dunia Baru Islam 2024 (Instrumental),2024,Worldwide,https://music.apple.com/my/album/dunia-baru-islam-2024-instrumental/1765002594?i=1765002618&uo=4
"MoShark, Nine, Tuah SAJA & Achik The Zikr",Aidilfitri Menjelma - Single,Aidilfitri Menjelma,2026,Asia,https://music.apple.com/my/album/aidilfitri-menjelma/1880275914?i=1880275919&uo=4
UMNAA,Hayyul Hadi - Single,Hayyul Hadi,2021,Worldwide,https://music.apple.com/my/album/hayyul-hadi/1592810261?i=1592810271&uo=4
UMNAA,Ya Tarim - Single,Ya Tarim,2021,Arabic Pop,https://music.apple.com/my/album/ya-tarim/1582622394?i=1582622397&uo=4
UMNAA,Selawat Buatmu - Single,Selawat Buatmu,2023,Indonesian Religious,https://music.apple.com/my/album/selawat-buatmu/1706654543?i=1706654551&uo=4
Amirul Zahid,Subhanallah Wabihamdih - Single,Subhanallah Wabihamdih,2024,Indonesian Religious,https://music.apple.com/my/album/subhanallah-wabihamdih/1736698711?i=1736699105&uo=4
Naufal Syakirin & Amirul Zahid,Doa Duyufurrahman - EP,Talbiyah,2023,Worldwide,https://music.apple.com/my/album/talbiyah/1693730504?i=1693731662&uo=4
Amirul Zahid,Hasbi Rabbi - Single,Hasbi Rabbi,2024,Indonesian Religious,https://music.apple.com/my/album/hasbi-rabbi/1735323134?i=1735323417&uo=4
Amirul Zahid,Selawat Nuril Mubin - Single,Selawat Nuril Mubin,2023,Worldwide,https://music.apple.com/my/album/selawat-nuril-mubin/1689164053?i=1689164296&uo=4
Amirul Zahid,Selawat Tafrijiyah - Single,Selawat Tafrijiyah,2023,Worldwide,https://music.apple.com/my/album/selawat-tafrijiyah/1683826441?i=1683826443&uo=4
Amirul Zahid,Selawat Dawam - Single,Selawat Dawam,2023,Worldwide,https://music.apple.com/my/album/selawat-dawam/1713909630?i=1713909639&uo=4
Amirul Zahid,Lailaha Illallah - Single,Lailaha Illallah,2024,Indonesian Religious,https://music.apple.com/my/album/lailaha-illallah/1764581615?i=1764581622&uo=4
Arsy Osman,Doa Keamanan - Single,Doa Keamanan,2026,Indonesian Religious,https://music.apple.com/my/album/doa-keamanan/1873953705?i=1873953710&uo=4
Arsy Osman,Doa Rezeki - Single,Doa Rezeki,2026,Worldwide,https://music.apple.com/my/album/doa-rezeki/1882715856?i=1882715950&uo=4
Arsy Osman,Doa Ibu Ayah - Single,Doa Ibu Ayah,2026,Indonesian Religious,https://music.apple.com/my/album/doa-ibu-ayah/1892386716?i=1892386720&uo=4
Arsy Osman,Doa Kemudahan - Single,Doa Kemudahan,2026,Indonesian Religious,https://music.apple.com/my/album/doa-kemudahan/6787427298?i=6787427303&uo=4
Naufal Syakirin,Al-Ma'thurat Sughra (Bacaan Pagi & Petang),Al-Ma'thurat Bacaan Pagi,2024,Worldwide,https://music.apple.com/my/album/al-mathurat-bacaan-pagi/1780684793?i=1780684799&uo=4
Naufal Syakirin,Doa Duyufurrahman - EP,Doa Musafir,2023,Worldwide,https://music.apple.com/my/album/doa-musafir/1693730504?i=1693731015&uo=4
Naufal Syakirin,40 Rabbana,Doa Memohon Dipermudahkan Urusan,2024,Worldwide,https://music.apple.com/my/album/doa-memohon-dipermudahkan-urusan/1780596821?i=1780597988&uo=4
Naufal Syakirin,Al-Ma'thurat Sughra (Bacaan Pagi & Petang),Al-Ma'thurat Bacaan Petang,2024,Worldwide,https://music.apple.com/my/album/al-mathurat-bacaan-petang/1780684793?i=1780684808&uo=4
Naufal Syakirin,40 Rabbana,Doa Dijauhkan Dari Fitnah,2024,Worldwide,https://music.apple.com/my/album/doa-dijauhkan-dari-fitnah/1780596821?i=1780596828&uo=4
Naufal Syakirin,40 Rabbana,Doa Memohon Taubat,2024,Worldwide,https://music.apple.com/my/album/doa-memohon-taubat/1780596821?i=1780599627&uo=4
Naufal Syakirin,40 Rabbana,Doa Nabi Ibrahim,2024,Worldwide,https://music.apple.com/my/album/doa-nabi-ibrahim/1780596821?i=1780598646&uo=4
Naufal Syakirin,40 Rabbana,Doa Keselamatan Ahli Keluarga,2024,Worldwide,https://music.apple.com/my/album/doa-keselamatan-ahli-keluarga/1780596821?i=1780599112&uo=4
Naufal Syakirin,40 Rabbana,Doa Memohon Ampun Untuk Ibu Bapa,2024,Worldwide,https://music.apple.com/my/album/doa-memohon-ampun-untuk-ibu-bapa/1780596821?i=1780597227&uo=4
Naufal Syakirin,40 Rabbana,Doa Memohon Dipelihara Dari Api Neraka,2024,Worldwide,https://music.apple.com/my/album/doa-memohon-dipelihara-dari-api-neraka/1780596821?i=1780597361&uo=4
Naufal Syakirin,Doa Duyufurrahman - EP,Doa Sebelum Berangkat Haji,2023,Worldwide,https://music.apple.com/my/album/doa-sebelum-berangkat-haji/1693730504?i=1693730992&uo=4
Naufal Syakirin,Doa Duyufurrahman - EP,Doa Memohon Haji Mabrur,2023,Worldwide,https://music.apple.com/my/album/doa-memohon-haji-mabrur/1693730504?i=1693731525&uo=4
Naufal Syakirin,Selawat Perlindungan Diri - Single,Selawat Perlindungan Diri,2025,Worldwide,https://music.apple.com/my/album/selawat-perlindungan-diri/1859466131?i=1859466539&uo=4
Naufal Syakirin,40 Rabbana,Doa Memohon Dihindari Daripada Orang Zalim,2024,Worldwide,https://music.apple.com/my/album/doa-memohon-dihindari-daripada-orang-zalim/1780596821?i=1780598144&uo=4
Naufal Syakirin,Doa Duyufurrahman - EP,Doa Wukuf,2023,Worldwide,https://music.apple.com/my/album/doa-wukuf/1693730504?i=1693731210&uo=4
Naufal Syakirin,40 Rabbana,Doa Memohon Ditetapkan Pendirian,2024,Worldwide,https://music.apple.com/my/album/doa-memohon-ditetapkan-pendirian/1780596821?i=1780598656&uo=4
Naufal Syakirin,Doa Duyufurrahman - EP,Doa Untuk Bakal Haji,2023,Worldwide,https://music.apple.com/my/album/doa-untuk-bakal-haji/1693730504?i=1693730703&uo=4
Naufal Syakirin,40 Rabbana,Doa Memuji Allah,2024,Worldwide,https://music.apple.com/my/album/doa-memuji-allah/1780596821?i=1780599113&uo=4
Naufal Syakirin,40 Rabbana,Doa Memohon Perlindungan Allah,2024,Worldwide,https://music.apple.com/my/album/doa-memohon-perlindungan-allah/1780596821?i=1780597345&uo=4
Naufal Syakirin,40 Rabbana,Doa Memohon Perlindungan Allah Dari Orang Zalim,2024,Worldwide,https://music.apple.com/my/album/doa-memohon-perlindungan-allah-dari-orang-zalim/1780596821?i=1780598651&uo=4
Naufal Syakirin,40 Rabbana,Doa Memohon Keselamatan di Akhirat,2024,Worldwide,https://music.apple.com/my/album/doa-memohon-keselamatan-di-akhirat/1780596821?i=1780598121&uo=4
Naufal Syakirin,40 Rabbana,Doa Memohon Rahmat Allah,2024,Worldwide,https://music.apple.com/my/album/doa-memohon-rahmat-allah/1780596821?i=1780597353&uo=4
Naufal Syakirin,40 Rabbana,Doa Memohon Dijauhkan Dari Api Neraka,2024,Worldwide,https://music.apple.com/my/album/doa-memohon-dijauhkan-dari-api-neraka/1780596821?i=1780598126&uo=4
Naufal Syakirin,40 Rabbana,Doa Dilancarkan Segala Urusan,2024,Worldwide,https://music.apple.com/my/album/doa-dilancarkan-segala-urusan/1780596821?i=1780599951&uo=4
Naufal Syakirin,40 Rabbana,Doa Memohon Kesabaran dan Keteguhan Iman,2024,Worldwide,https://music.apple.com/my/album/doa-memohon-kesabaran-dan-keteguhan-iman/1780596821?i=1780599954&uo=4
Naufal Syakirin,40 Rabbana,Doa Memohon Bersama Orang Yang Soleh,2024,Worldwide,https://music.apple.com/my/album/doa-memohon-bersama-orang-yang-soleh/1780596821?i=1780597355&uo=4
Naufal Syakirin,40 Rabbana,Doa Bersama Orang-Orang Beriman,2024,Worldwide,https://music.apple.com/my/album/doa-bersama-orang-orang-beriman/1780596821?i=1780597350&uo=4
Naufal Syakirin,40 Rabbana,Doa Keluarga Bahagia,2024,Worldwide,https://music.apple.com/my/album/doa-keluarga-bahagia/1780596821?i=1780599643&uo=4
Naufal Syakirin,40 Rabbana,Doa Memohon Cahaya Di Akhirat,2024,Worldwide,https://music.apple.com/my/album/doa-memohon-cahaya-di-akhirat/1780596821?i=1780597342&uo=4
Naufal Syakirin,40 Rabbana,Doa Memohon Pertolongan Allah,2024,Worldwide,https://music.apple.com/my/album/doa-memohon-pertolongan-allah/1780596821?i=1780598641&uo=4
Naufal Syakirin,40 Rabbana,Doa Bertawakkal Kepada Allah,2024,Worldwide,https://music.apple.com/my/album/doa-bertawakkal-kepada-allah/1780596821?i=1780599134&uo=4
Naufal Syakirin,40 Rabbana,Doa Memohon Keampunan,2024,Worldwide,https://music.apple.com/my/album/doa-memohon-keampunan/1780596821?i=1780597991&uo=4
Naufal Syakirin,40 Rabbana,Doa Memohon Kesejahteraan di Akhirat,2024,Worldwide,https://music.apple.com/my/album/doa-memohon-kesejahteraan-di-akhirat/1780596821?i=1780598129&uo=4
Naufal Syakirin,40 Rabbana,Doa Memohon Kesabaran,2024,Worldwide,https://music.apple.com/my/album/doa-memohon-kesabaran/1780596821?i=1780599122&uo=4
Naufal Syakirin,40 Rabbana,Doa Nabi Adam Setelah Dikeluarkan Dari Syurga,2024,Worldwide,https://music.apple.com/my/album/doa-nabi-adam-setelah-dikeluarkan-dari-syurga/1780596821?i=1780597348&uo=4
Naufal Syakirin,40 Rabbana,Doa Memohon Dijauhkan Perasaan Hasad Dengki,2024,Worldwide,https://music.apple.com/my/album/doa-memohon-dijauhkan-perasaan-hasad-dengki/1780596821?i=1780598653&uo=4
Naufal Syakirin,40 Rabbana,Doa Ketaatan dan Pengampunan,2024,Worldwide,https://music.apple.com/my/album/doa-ketaatan-dan-pengampunan/1780596821?i=1780599119&uo=4
Naufal Syakirin,40 Rabbana,Doa Memohon Diterima Amalan,2024,Worldwide,https://music.apple.com/my/album/doa-memohon-diterima-amalan/1780596821?i=1780599621&uo=4
Naufal Syakirin,40 Rabbana,Doa Memohon Syafaat Nabi Muhammad SAW,2024,Worldwide,https://music.apple.com/my/album/doa-memohon-syafaat-nabi-muhammad-saw/1780596821?i=1780598131&uo=4
Naufal Syakirin,40 Rabbana,Doa Orang Soleh Dalam Perjuangan,2024,Worldwide,https://music.apple.com/my/album/doa-orang-soleh-dalam-perjuangan/1780596821?i=1780598135&uo=4
Naufal Syakirin,Selawat Muhammad Al-Mustafa - Single,Selawat Muhammad Al-Mustafa,2025,Worldwide,https://music.apple.com/my/album/selawat-muhammad-al-mustafa/1855092576?i=1855092578&uo=4
Naufal Syakirin,40 Rabbana,Doa Memohon Diampunkan Dosa,2024,Worldwide,https://music.apple.com/my/album/doa-memohon-diampunkan-dosa/1780596821?i=1780597356&uo=4
Naufal Syakirin,40 Rabbana,Doa Memohon Menjadi Hamba Yang Taat,2024,Worldwide,https://music.apple.com/my/album/doa-memohon-menjadi-hamba-yang-taat/1780596821?i=1780598649&uo=4
Naufal Syakirin,40 Rabbana,Doa Memohon Kebaikan Dunia dan Akhirat,2024,Worldwide,https://music.apple.com/my/album/doa-memohon-kebaikan-dunia-dan-akhirat/1780596821?i=1780599128&uo=4
Naufal Syakirin,40 Rabbana,Doa Memohon Keteguhan Hati,2024,Worldwide,https://music.apple.com/my/album/doa-memohon-keteguhan-hati/1780596821?i=1780598141&uo=4
Naufal Syakirin,40 Rabbana,Doa Ketika Melihat Langit dan Keindahan Alam,2024,Worldwide,https://music.apple.com/my/album/doa-ketika-melihat-langit-dan-keindahan-alam/1780596821?i=1780599640&uo=4
Naufal Syakirin,40 Rabbana,Doa Menjadi Golongan Orang yang Bersolat,2024,Worldwide,https://music.apple.com/my/album/doa-menjadi-golongan-orang-yang-bersolat/1780596821?i=1780599114&uo=4
Naufal Syakirin,40 Rabbana,Doa Memohon Keteguhan Iman,2024,Worldwide,https://music.apple.com/my/album/doa-memohon-keteguhan-iman/1780596821?i=1780597367&uo=4
Naufal Syakirin,40 Rabbana,Doa Memohon Petunjuk Kebenaran,2024,Worldwide,https://music.apple.com/my/album/doa-memohon-petunjuk-kebenaran/1780596821?i=1780599118&uo=4
Naufal Syakirin,Cahaya Selawat - Single,Cahaya Selawat,2026,Indonesian Religious,https://music.apple.com/my/album/cahaya-selawat/6775515017?i=6775515142&uo=4
Naufal Syakirin,Ya Nabi Salam Alaika - Single,Ya Nabi Salam Alaika,2026,Worldwide,https://music.apple.com/my/album/ya-nabi-salam-alaika/1869033505?i=1869033515&uo=4
Intisor,Subhanallah - Single,Subhanallah,2017,Pop,https://music.apple.com/my/album/subhanallah/1243595918?i=1243596033&uo=4
Intisor & Fendy Caliph Buskers,Kerana Cinta 2023 - Single,Kerana Cinta 2023,2023,Malaysian Pop,https://music.apple.com/my/album/kerana-cinta-2023/1702972162?i=1702972164&uo=4
Intisor & endy Caliph Buskers,Kerana Cinta 2023 (Piano Acoustic) - Single,Kerana Cinta 2023 (Piano Acoustic),2023,Malaysian Pop,https://music.apple.com/my/album/kerana-cinta-2023-piano-acoustic/1704809550?i=1704809554&uo=4
Intisor & Aiman,Pulang - Single,Pulang,2025,Malaysian Pop,https://music.apple.com/my/album/pulang/1792763429?i=1792763431&uo=4
Intisor,Pejuang Maya - Single,Pejuang Maya,2025,Malaysian Pop,https://music.apple.com/my/album/pejuang-maya/1850414574?i=1850414577&uo=4
Intisor,Kembali Bertamu - Single,Kembali Bertamu,2025,Malaysian Pop,https://music.apple.com/my/album/kembali-bertamu/1801902546?i=1801902550&uo=4
"Intisor, CITRAWI & Syamsul Aidil",Syawal Mulia - Single,Syawal Mulia,2025,Malaysian Pop,https://music.apple.com/my/album/syawal-mulia/1805210025?i=1805210026&uo=4
Intisor & Fendy Caliph Buskers,Kerana Cinta 2023 (Instrumental) - Single,Kerana Cinta 2023 (Instrumental),2023,Malaysian Pop,https://music.apple.com/my/album/kerana-cinta-2023-instrumental/1706236622?i=1706236624&uo=4
Wildaniey,Aisyah Humaira' - Single,Aisyah Humaira',2023,Indonesian Religious,https://music.apple.com/my/album/aisyah-humaira/1710517195?i=1710517204&uo=4
Wildaniey,Laskar Cinta - Single,Laskar Cinta,2017,Worldwide,https://music.apple.com/my/album/laskar-cinta/1325647055?i=1325647430&uo=4
Andika Kangen & D'ningrat,Cahaya - Single,Cahaya,2018,Pop,https://music.apple.com/my/album/cahaya/1435967913?i=1435968076&uo=4
Andika,Semua Pasti Kembali - Single,Semua Pasti Kembali,2023,Islamic,https://music.apple.com/my/album/semua-pasti-kembali/1721510030?i=1721510043&uo=4
Andika Mahesa,Dimana Perasaanmu (feat. Dodhy) - Single,Dimana Perasaanmu,2021,Pop,https://music.apple.com/my/album/dimana-perasaanmu/1585131674?i=1585131676&uo=4
Andika Mahesa,Terhukum Rindu - Single,Terhukum Rindu,2022,Pop,https://music.apple.com/my/album/terhukum-rindu/1625712375?i=1625712376&uo=4
Azzam Sham & Andika,Kembali - Single,Kembali,2022,Pop,https://music.apple.com/my/album/kembali/1619509961?i=1619509965&uo=4
Andika Mahesa,Pamit Pergi (feat. Dodhy) - Single,Pamit Pergi,2021,Pop,https://music.apple.com/my/album/pamit-pergi/1585928607?i=1585928608&uo=4
Andika,Seribu Bulan (feat. Damia) - Single,Seribu Bulan (feat. Damia),2023,Islamic,https://music.apple.com/my/album/seribu-bulan-feat-damia/1678883743?i=1678884166&uo=4
Autotune Band,Sedar - Single,Sedar,2020,Hip-Hop/Rap,https://music.apple.com/my/album/sedar/1532531078?i=1532531093&uo=4
Autotune Band,Bukti (feat. The Truth) - Single,Bukti (feat. The Truth),2021,Hip-Hop/Rap,https://music.apple.com/my/album/bukti-feat-the-truth/1562257541?i=1562257545&uo=4
Autotune Band,Jauh - Single,Jauh,2020,Hip-Hop/Rap,https://music.apple.com/my/album/jauh/1541310956?i=1541311052&uo=4
Autotune Band,Abadi - Single,Abadi,2026,Pop in Spanish,https://music.apple.com/my/album/abadi/6784786430?i=6784786544&uo=4
Autotune Band,Tenat - Single,Tenat,2026,Hip-Hop/Rap,https://music.apple.com/my/album/tenat/6773365238?i=6773365773&uo=4
Autotune Band,Percaya - Single,Percaya,2026,Indonesian Religious,https://music.apple.com/my/album/percaya/6782979483?i=6782979487&uo=4
Autotune Band,Sesal - Single,Sesal,2026,Pop/Rock,https://music.apple.com/my/album/sesal/6780834722?i=6780834728&uo=4
Autotune Band,Sahabat - Single,Sahabat,2026,Malaysian Pop,https://music.apple.com/my/album/sahabat/6786651766?i=6786651777&uo=4
Saiful Apek & Autotune Band,Kisah Orang Kita (feat. Saiful Apek) - Single,Kisah Orang Kita (feat. Saiful Apek),2026,Worldwide,https://music.apple.com/my/album/kisah-orang-kita-feat-saiful-apek/6791539478?i=6791539490&uo=4
"Saiful Apek, Autotune Band & Saiful Apek",FASA I,Kisah Orang Kita,2026,Hip-Hop/Rap,https://music.apple.com/my/album/kisah-orang-kita/6794400737?i=6794400877&uo=4
Autotune Band,FASA I,Jauh (feat. Iddin Ramli) [Acoustic Version],2026,Hip-Hop/Rap,https://music.apple.com/my/album/jauh-feat-iddin-ramli-acoustic-version/6794400737?i=6794400879&uo=4
The Truth,Cinta Sementara - Single,Cinta Sementara,2020,Pop,https://music.apple.com/my/album/cinta-sementara/1522098005?i=1522098672&uo=4
The Truth,Cinta Sementara The Album,Tuhan Tolonglah Aku (feat. Aniq Muhai),2021,Pop,https://music.apple.com/my/album/tuhan-tolonglah-aku-feat-aniq-muhai/1572396678?i=1572396693&uo=4
The Truth,Cinta Sementara The Album,Bendera Putih (feat. Rabithah),2021,Pop,https://music.apple.com/my/album/bendera-putih-feat-rabithah/1572396678?i=1572397037&uo=4
The Truth,Infiniti - Single,Infiniti,2021,Pop/Rock,https://music.apple.com/my/album/infiniti/1572396495?i=1572396501&uo=4
The Truth,Cinta Sementara The Album,Optimis,2021,Reggae,https://music.apple.com/my/album/optimis/1572396678?i=1572396684&uo=4
The Truth,Cinta Sementara The Album,Bukti (feat. Autotune Band),2021,Hip-Hop/Rap,https://music.apple.com/my/album/bukti-feat-autotune-band/1572396678?i=1572397039&uo=4
Aniq Muhai,Hingga Saat Akhir - Single,Hingga Saat Akhir,2020,Pop,https://music.apple.com/my/album/hingga-saat-akhir/1502700303?i=1502700305&uo=4
Aniq Muhai,Kun Qowiyyan - Single,Kun Qowiyyan,2023,Indonesian Religious,https://music.apple.com/my/album/kun-qowiyyan/1676162083?i=1676162391&uo=4
Aniq Muhai,Mahakarya - Single,Mahakarya,2021,Pop,https://music.apple.com/my/album/mahakarya/1556422256?i=1556422546&uo=4
Aniq Muhai,Bacaan Al-Quran: 10 SURAH PILIHAN,Surah Al-Mulk,2020,Worldwide,https://music.apple.com/my/album/surah-al-mulk/1516423940?i=1516424363&uo=4
Aniq Muhai,Bacaan Al-Quran: 10 SURAH PILIHAN,Surah Al-Fatihah,2020,Worldwide,https://music.apple.com/my/album/surah-al-fatihah/1516423940?i=1516423944&uo=4
Aniq Muhai,Bacaan Al-Quran: 10 SURAH PILIHAN,Surah As-Sajdah,2020,Worldwide,https://music.apple.com/my/album/surah-as-sajdah/1516423940?i=1516424236&uo=4
Aniq Muhai,Bacaan Al-Quran: 10 SURAH PILIHAN,Surah Yaasin,2020,Worldwide,https://music.apple.com/my/album/surah-yaasin/1516423940?i=1516424237&uo=4
Aniq Muhai,Bacaan Al-Quran: 10 SURAH PILIHAN,Surah Ad-Dukhan,2020,Worldwide,https://music.apple.com/my/album/surah-ad-dukhan/1516423940?i=1516424242&uo=4
Aniq Muhai,Bacaan Al-Quran: 10 SURAH PILIHAN,Surah Ar-Rahman,2020,Worldwide,https://music.apple.com/my/album/surah-ar-rahman/1516423940?i=1516424244&uo=4
Aniq Muhai,Bacaan Al-Quran: 10 SURAH PILIHAN,Surah Al-Waqi'Ah,2020,Worldwide,https://music.apple.com/my/album/surah-al-waqiah/1516423940?i=1516424357&uo=4
Aniq Muhai,Bacaan Al-Quran: 10 SURAH PILIHAN,Surah Al-Jumu'Ah,2020,Worldwide,https://music.apple.com/my/album/surah-al-jumuah/1516423940?i=1516424361&uo=4
Aniq Muhai,Bacaan Al-Quran: 10 SURAH PILIHAN,Surah Al-Insan,2020,Worldwide,https://music.apple.com/my/album/surah-al-insan/1516423940?i=1516424370&uo=4
Aniq Muhai,Bacaan Al-Quran: 10 SURAH PILIHAN,Surah Al-Qalam,2020,Worldwide,https://music.apple.com/my/album/surah-al-qalam/1516423940?i=1516424366&uo=4
Aniq Muhai,Ceriteraya - Single,Ceriteraya,2026,Indonesian Religious,https://music.apple.com/my/album/ceriteraya/1880291632?i=1880291642&uo=4
Aniq Muhai,Satu Tubuh - Single,Satu Tubuh,2024,Pop/Rock,https://music.apple.com/my/album/satu-tubuh/1727302364?i=1727302366&uo=4
Aniq Muhai,Surah-Surah Pilihan (Sikah),Al-Kafirun,2021,Malayalam,https://music.apple.com/my/album/al-kafirun/1571929954?i=1571930708&uo=4
Aniq Muhai,Pemilik Jiwa - Single,Pemilik Jiwa,2025,R&B/Soul,https://music.apple.com/my/album/pemilik-jiwa/1834726553?i=1834726559&uo=4
Aniq Muhai,Surah-Surah Pilihan (Sikah),Al-Falaq,2021,Malayalam,https://music.apple.com/my/album/al-falaq/1571929954?i=1571930424&uo=4
Aniq Muhai,Surah-Surah Pilihan (Sikah),An-Naas,2021,Malayalam,https://music.apple.com/my/album/an-naas/1571929954?i=1571930421&uo=4
Aniq Muhai,Surah-Surah Pilihan (Sikah),Al-Fiil,2021,Malayalam,https://music.apple.com/my/album/al-fiil/1571929954?i=1571930725&uo=4
Aniq Muhai,Surah-Surah Pilihan (Sikah),Quraisy,2021,Malayalam,https://music.apple.com/my/album/quraisy/1571929954?i=1571930721&uo=4
Aniq Muhai,Surah-Surah Pilihan (Sikah),Al-Fatihah,2021,Malayalam,https://music.apple.com/my/album/al-fatihah/1571929954?i=1571930294&uo=4
Aniq Muhai,Surah-Surah Pilihan (Sikah),Al-Inshirah,2021,Malayalam,https://music.apple.com/my/album/al-inshirah/1571929954?i=1571931826&uo=4
Aniq Muhai,Senyuman Terakhir - Single,Senyuman Terakhir,2021,Pop,https://music.apple.com/my/album/senyuman-terakhir/1554887653?i=1554887657&uo=4
Aniq Muhai & Little Caliphs,Ramadan Terbaikku,Doa Berbuka Puasa,2023,Indonesian Religious,https://music.apple.com/my/album/doa-berbuka-puasa/1737592585?i=1737592788&uo=4
Aniq Muhai,Surah-Surah Pilihan (Sikah),Al-Kauthar,2021,Malayalam,https://music.apple.com/my/album/al-kauthar/1571929954?i=1571930714&uo=4
Aniq Muhai,Surah-Surah Pilihan (Sikah),An-Nasr,2021,Malayalam,https://music.apple.com/my/album/an-nasr/1571929954?i=1571930432&uo=4
Aniq Muhai,Surah-Surah Pilihan (Sikah),Al-Qariah,2021,Malayalam,https://music.apple.com/my/album/al-qariah/1571929954?i=1571931290&uo=4
Aniq Muhai,Surah-Surah Pilihan (Sikah),Ad-Dhuha,2021,Malayalam,https://music.apple.com/my/album/ad-dhuha/1571929954?i=1571931825&uo=4
Aniq Muhai,Surah-Surah Pilihan (Sikah),Al-'Asr,2021,Malayalam,https://music.apple.com/my/album/al-asr/1571929954?i=1571931281&uo=4
Aniq Muhai,Surah-Surah Pilihan (Sikah),Al-Humazah,2021,Malayalam,https://music.apple.com/my/album/al-humazah/1571929954?i=1571930730&uo=4
Aniq Muhai,Surah-Surah Pilihan (Sikah),Al-Masad,2021,Malayalam,https://music.apple.com/my/album/al-masad/1571929954?i=1571930430&uo=4
Aniq Muhai,Surah-Surah Pilihan (Sikah),Al-'Aadiyaat,2021,Malayalam,https://music.apple.com/my/album/al-aadiyaat/1571929954?i=1571931420&uo=4
Aniq Muhai,Surah-Surah Pilihan (Sikah),Al-Ma'un,2021,Malayalam,https://music.apple.com/my/album/al-maun/1571929954?i=1571930717&uo=4
Aniq Muhai,Surah-Surah Pilihan (Sikah),Al-Zalzalah,2021,Malayalam,https://music.apple.com/my/album/al-zalzalah/1571929954?i=1571931467&uo=4
Aniq Muhai,Surah-Surah Pilihan (Sikah),At-Takathur,2021,Malayalam,https://music.apple.com/my/album/at-takathur/1571929954?i=1571931285&uo=4
"In Team, Adeep Nahar, The Helmis & Aniq Muhai",Gema Hijrah,Kita Adalah Satu,2022,Indonesian Religious,https://music.apple.com/my/album/kita-adalah-satu/1637792927?i=1637792935&uo=4
Aniq Muhai,Surah-Surah Pilihan (Sikah),Al-Qadr,2021,Malayalam,https://music.apple.com/my/album/al-qadr/1571929954?i=1571931721&uo=4
Aniq Muhai,Surah-Surah Pilihan (Sikah),At-Tin,2021,Malayalam,https://music.apple.com/my/album/at-tin/1571929954?i=1571931818&uo=4
Aniq Muhai,Surah-Surah Pilihan (Sikah),Al-'Alaq,2021,Malayalam,https://music.apple.com/my/album/al-alaq/1571929954?i=1571931725&uo=4
Aniq Muhai,Surah-Surah Pilihan (Sikah),Al-Baiyinah,2021,Malayalam,https://music.apple.com/my/album/al-baiyinah/1571929954?i=1571931715&uo=4
Aniq Muhai,Surah-Surah Pilihan (Sikah),Al-Ikhlas,2021,Malayalam,https://music.apple.com/my/album/al-ikhlas/1571929954?i=1571930301&uo=4
Fetya,Taufan Al-Aqsa - Single,Taufan Al-Aqsa,2024,Pop,https://music.apple.com/my/album/taufan-al-aqsa/1733405182?i=1733405196&uo=4
Fetya,Balaklava - Single,Balaklava,2025,Pop,https://music.apple.com/my/album/balaklava/1791495498?i=1791495740&uo=4
Fetya,Sumud Nusantara - Single,Sumud Nusantara,2025,Hip-Hop/Rap,https://music.apple.com/my/album/sumud-nusantara/1841063006?i=1841063007&uo=4
Fetya,Akhir Zaman - Single,Akhir Zaman,2025,Hip-Hop/Rap,https://music.apple.com/my/album/akhir-zaman/1838297511?i=1838297844&uo=4
Fetya,Giliranmu - Single,Giliranmu,2024,R&B/Soul,https://music.apple.com/my/album/giliranmu/1789156631?i=1789156887&uo=4
Fetya,Kesaksian,Intifadhah Bersinar,2021,Worldwide,https://music.apple.com/my/album/intifadhah-bersinar/1569693334?i=1569693519&uo=4
Fetya,Kesaksian,Kemenangan Gaza,2021,Worldwide,https://music.apple.com/my/album/kemenangan-gaza/1569693334?i=1569694001&uo=4
Fetya,Kesaksian,Syahadah Rabaah,2021,Worldwide,https://music.apple.com/my/album/syahadah-rabaah/1569693334?i=1569693999&uo=4
Fetya,Kesaksian,Di Balik Besi,2021,Worldwide,https://music.apple.com/my/album/di-balik-besi/1569693334?i=1569693523&uo=4
Fetya,Kesaksian,Sujud Merdeka,2021,Worldwide,https://music.apple.com/my/album/sujud-merdeka/1569693334?i=1569693538&uo=4
Fetya,Kesaksian,Kesetiaan Al-Qassam,2021,Worldwide,https://music.apple.com/my/album/kesetiaan-al-qassam/1569693334?i=1569693545&uo=4
Fetya,Kesaksian,Obor Semangat,2021,Worldwide,https://music.apple.com/my/album/obor-semangat/1569693334?i=1569693541&uo=4
Fetya,Kesaksian,Kesaksian,2021,Worldwide,https://music.apple.com/my/album/kesaksian/1569693334?i=1569693516&uo=4
Fetya,Kesaksian,Harapan Ummah,2021,Worldwide,https://music.apple.com/my/album/harapan-ummah/1569693334?i=1569693536&uo=4
Fetya,Gema Syawal - Single,Gema Syawal,2026,Worldwide,https://music.apple.com/my/album/gema-syawal/1886409121?i=1886409125&uo=4
Syed Salahuddin,Isyfa'lana - Single,Isyfa'lana,2026,Indonesian Religious,https://music.apple.com/my/album/isyfalana/1872029975?i=1872030383&uo=4
Syed Salahuddin,Iktiraf - Single,Iktiraf,2022,Indonesian Religious,https://music.apple.com/my/album/iktiraf/1615642862?i=1615643287&uo=4
Aftermath,Fitrah - Single,Fitrah,2023,Indie Pop,https://music.apple.com/my/album/fitrah/1691045367?i=1691045370&uo=4
Firdaus Firabib & GAU NASHEED,KasihMu - Single,KasihMu,2024,Indonesian Religious,https://music.apple.com/my/album/kasihmu/1746447806?i=1746447812&uo=4
GAU NASHEED & Angah Umar,Rintihanku - Single,Rintihanku,2023,Indonesian Religious,https://music.apple.com/my/album/rintihanku/1672134925?i=1672134937&uo=4
GAU NASHEED & Angah Umar,Rintihanku - Single,Rintihanku (Acoustic),2023,Indonesian Religious,https://music.apple.com/my/album/rintihanku-acoustic/1672134925?i=1672135198&uo=4
GAU NASHEED,Tahajudku (feat. Gau Nasheed) - Single,Tahajudku (feat. Gau Nasheed),2020,Pop,https://music.apple.com/my/album/tahajudku-feat-gau-nasheed/1561578840?i=1561578843&uo=4
GAU NASHEED & Firdaus Firabib,Pulang (feat. Usop) - Single,Pulang (feat. Usop),2025,Islamic,https://music.apple.com/my/album/pulang-feat-usop/1843319360?i=1843319378&uo=4
GAU NASHEED,Untuk Dia (feat. Mizie Kamis) - Single,Untuk Dia (feat. Mizie Kamis),2023,Indonesian Religious,https://music.apple.com/my/album/untuk-dia-feat-mizie-kamis/1708352628?i=1708352630&uo=4
GAU NASHEED & Angah Umar,Rintihanku - Single,Rintihanku (Instrumental),2023,Indonesian Religious,https://music.apple.com/my/album/rintihanku-instrumental/1672134925?i=1672135205&uo=4
